VBCSCompilerPreWarmer: watching VBCSCompiler (PID 30196)
VBCSCompilerPreWarmer: pre-warm launched (dotnet PID 20196)
VBCSCompiler prewarm took 26.37 ms
[Licensing::Module] Trying to connect to existing licensing client channel...
Built from '6000.6/staging' branch; Version is '6000.6.3f1 (45d8eee7de74) revision 4577518'; Using compiler version '194234433'; Build Type 'Release'
[Licensing::IpcConnector] Successfully connected to: "LicenseClient-dlgkr" at "2026-09-30T03:38:51.1804345Z"
OS: 'Windows 11  (10.0.26200) Professional' Language: 'ko' Physical Memory: 16085 MB
BatchMode: 1, IsHumanControllingUs: 0, StartBugReporterOnCrash: 0, Is64bit: 1
System  architecture: x64
Process architecture: x64
Date: 2026-09-30T03:38:51Z
[Licensing::Client] Code 10 while verifying Licensing Client signature (process Id: 7412, path: "C:/Users/dlgkr/Unity/Hub/UnityLicensingClient_V1/Unity.Licensing.Client.exe")
[Licensing::Module] LicensingClient has failed validation; ignoring
[Licensing::Client] Handshaking with LicensingClient:
  Version:                 1.18.3+d7ffd15
  Session Id:              9d3ba9f9d17449478e87bdb5259b1aba
  Correlation Id:          1b69c7069981878a66f02c4960a4b905
  External correlation Id: 1697146300465576722
  Machine Id:              8Sv7SMUhe7x/jwc7/15a6+sVbzw=
[Licensing::Module] Successfully connected to LicensingClient on channel: "LicenseClient-dlgkr" (connect: 0.00s, validation: 0.00s, handshake: 0.05s)
[Licensing::IpcConnector] Successfully connected to: "LicenseClient-dlgkr-notifications" at "2026-09-30T03:38:51.2324972Z"
[Licensing::Module] Error: Access token is unavailable; failed to update
[Licensing::Client] Successfully resolved entitlement details
[Licensing::Module] License group:
  Id: 14569606141229-UnityPersXXXX
  Product: Unity Personal
  Type: Assigned
  Expiration: Unlimited
[Licensing::Client] Successfully updated license, isAsync: True, time: 0.00
[Licensing::Client] Successfully resolved entitlement details
[Licensing::Module] Licensing Background thread has ended after 0.06s

COMMAND LINE ARGUMENTS:
C:\Users\dlgkr\UnityLocal\6000.6.3f1\Editor\Unity.exe
-batchmode
-quit
-projectPath
C:\Users\dlgkr\msys64\tmp\gauntlet-unity-proj-l3b_4qrn\game
-executeMethod
CozyCafe.Editor.NativePlayerBuild.BuildMacOSGame
-logFile
C:\Users\dlgkr\cozy_cafe\run_devin_v2\work\integration\out\playable_mac_build.log
Successfully changed project path to: C:\Users\dlgkr\msys64\tmp\gauntlet-unity-proj-l3b_4qrn\game
C:/Users/dlgkr/msys64/tmp/gauntlet-unity-proj-l3b_4qrn/game
[UnityMemory] Configuration Parameters - Can be set up in boot.config
    "memorysetup-temp-allocator-size-gi-baking-worker=262144"
    "memorysetup-temp-allocator-size-gi-baking-worker=262144"
    "memorysetup-temp-allocator-size-gi-baking-worker=262144"
    "memorysetup-temp-allocator-size-gi-baking-worker=262144"
    "memorysetup-temp-allocator-size-gi-baking-worker=262144"
    "memorysetup-temp-allocator-size-nav-mesh-worker=65536"
    "memorysetup-temp-allocator-size-audio-worker=65536"
    "memorysetup-temp-allocator-size-cloud-worker=32768"
    "memorysetup-temp-allocator-size-gfx=262144"
    "memorysetup-remapper-allocator-initial-capacity=32768"
    "memorysetup-temp-allocator-size-preload-manager=33554432"
    "memorysetup-allocator-temp-initial-block-size-main=262144"
    "memorysetup-allocator-temp-initial-block-size-worker=262144"
    "memorysetup-temp-allocator-size-job-worker=262144"
    "memorysetup-temp-allocator-size-background-worker=32768"
    "memorysetup-bucket-allocator-granularity=16"
    "memorysetup-bucket-allocator-bucket-count=8"
    "memorysetup-bucket-allocator-block-size=33554432"
    "memorysetup-bucket-allocator-block-count=8"
    "memorysetup-main-allocator-block-size=16777216"
    "memorysetup-thread-allocator-block-size=16777216"
    "memorysetup-main-allocator-mimalloc-enabled=1"
    "memorysetup-gfx-main-allocator-block-size=16777216"
    "memorysetup-gfx-thread-allocator-block-size=16777216"
    "memorysetup-cache-allocator-block-size=4194304"
    "memorysetup-typetree-allocator-block-size=2097152"
    "memorysetup-profiler-bucket-allocator-granularity=16"
    "memorysetup-profiler-bucket-allocator-bucket-count=8"
    "memorysetup-profiler-bucket-allocator-block-size=33554432"
    "memorysetup-profiler-bucket-allocator-block-count=8"
    "memorysetup-profiler-allocator-block-size=16777216"
    "memorysetup-profiler-editor-allocator-block-size=1048576"
    "memorysetup-temp-allocator-size-main=16777216"
    "memorysetup-job-temp-allocator-block-size=2097152"
    "memorysetup-job-temp-allocator-block-size-background=1048576"
    "memorysetup-job-temp-allocator-reduction-small-platforms=262144"
Logging is directed to a specific file, skipping project log.
Player connection [32600]  Target information:

Player connection [32600]  * "[IP] 100.81.156.124 [Port] 55504 [Flags] 2 [Guid] 1756859593 [EditorId] 1756859593 [Version] 1048832 [Id] WindowsEditor(7,hakbinwin) [Debug] 1 [PackageName] WindowsEditor [ProjectName] Editor" 

Player connection [32600]  * "[IP] 192.168.45.89 [Port] 55504 [Flags] 2 [Guid] 1756859593 [EditorId] 1756859593 [Version] 1048832 [Id] WindowsEditor(7,hakbinwin) [Debug] 1 [PackageName] WindowsEditor [ProjectName] Editor" 

Player connection [32600] Host joined multi-casting on [225.0.0.222:54997]...
Player connection [32600] Host joined alternative multi-casting on [225.0.0.222:34997]...
Input System module state changed to: Initialized.
[Physics::Module] Initialized fallback backend.
[Physics::Module] Id: 0xdecafbad
[Package Manager] Connected to IPC stream "Upm-31612" after 0.3 seconds.
[Licensing::Client] Successfully resolved entitlement details
Library Redirect Path: Library/
Rebuilding Library because the asset database could not be found!
Initialising UDS system complete:
  - System type: Client
  - Resource namespace: d0d415a4920ae8a0bca1e8ab5e6c3c41
  - Shared memory size: 1073741824
  - Command buffer id: 1052576
  - Command buffer size: 8192
  - Hashmap size: 4194304
  - Service connected: false
Launching Unity Data Store - C:/Users/dlgkr/UnityLocal/6000.6.3f1/Editor/Data/Tools/Unity.DataStore.exe 
Unity Data Store artifact dir = Library/DataStore, working dir = C:/Users/dlgkr/msys64/tmp/gauntlet-unity-proj-l3b_4qrn/gameUnity Data Store running and initialised
[Physics::Module] Selected backend (deferred post-plugins).
[Physics::Module] Name: PhysX
[Physics::Module] Id: 0xf2b8ea05
[Physics::Module] SDK Version: 4.1.2
[Physics::Module] Integration Version: 1.0.0
[Physics::Module] Threading Mode: Multi-Threaded
Initialize engine version: 6000.6.3f1 (45d8eee7de74)
[EntityIdStore] init: VM path (explicit commit), pageSize=4096, blockCount=1048576, entitiesPerBlock=256, slots reserved=4294967296 bytes
[Subsystems] Discovering subsystems at path C:/Users/dlgkr/UnityLocal/6000.6.3f1/Editor/Data/Resources/UnitySubsystems
[Subsystems] Discovering subsystems at path C:/Users/dlgkr/msys64/tmp/gauntlet-unity-proj-l3b_4qrn/game/Assets
GfxDevice: creating device client; kGfxThreadingModeNonThreaded
Direct3D:
    Version:  Direct3D 11.0 [level 11.1]
    Renderer: Intel(R) Iris(R) Xe Graphics (ID=0x46a8)
    Vendor:   Intel
    VRAM:     8042 MB
    Driver:   30.0.101.2079
Initialize mono
Mono path[0] = 'C:/Users/dlgkr/UnityLocal/6000.6.3f1/Editor/Data/Managed'
Mono path[1] = 'C:/Users/dlgkr/UnityLocal/6000.6.3f1/Editor/Data/BCLExtensions/runtime/netstandard2.1'
Mono path[2] = 'C:/Users/dlgkr/UnityLocal/6000.6.3f1/Editor/Data/MonoBleedingEdge/lib/mono/unityjit-win32'
Mono config path = 'C:/Users/dlgkr/UnityLocal/6000.6.3f1/Editor/Data/MonoBleedingEdge/etc'
Using monoOptions --debugger-agent=transport=dt_socket,embedding=1,server=y,suspend=n,address=127.0.0.1:56612
CodeReloadManager initialized
ImportWorker Server TCP listen port: 0
AcceleratorClientConnectionCallback - disconnected - :0
Begin MonoManager ReloadAssembly
Registering precompiled unity dll's ...
Register platform support module: C:/Users/dlgkr/UnityLocal/6000.6.3f1/Editor/Data/PlaybackEngines/WebGLSupport/UnityEditor.WebGL.Extensions.dll
Register platform support module: C:/Users/dlgkr/UnityLocal/6000.6.3f1/Editor/Data/PlaybackEngines/MacStandaloneSupport/UnityEditor.OSXStandalone.Extensions.dll
Register platform support module: C:/Users/dlgkr/UnityLocal/6000.6.3f1/Editor/Data/PlaybackEngines/WindowsStandaloneSupport/UnityEditor.WindowsStandalone.Extensions.dll
Registered in 0.271281 seconds.
Native extension for WindowsStandalone target not found
Native extension for OSXStandalone target not found
Native extension for WebGL target not found
Package Manager log level set to [2]
ScheduleIndexationOnStartup MainProcess:False IndexOnStartup:False
Scripting: successfully reloaded assembly
- Finished resetting the current domain, in  1.353 seconds
Domain Reload Profiling: 2175ms
	BeginReloadAssembly (100ms)
	RebuildCommonClasses (5ms)
	RebuildNativeTypeToScriptingClass (17ms)
	initialDomainReloadingComplete (341ms)
	LoadAllAssembliesAndSetupDomain (357ms)
		LoadAssemblies (108ms)
		TypeCache.Refresh (226ms)
			TypeCache.ScanAssembly (211ms)
		AnalyzeDomain (1ms)
	FinalizeReload (1354ms)
		SetupLoadedEditorAssemblies (0ms)
			InitializePlatformSupportModulesInManaged (293ms)
			BeforeProcessingInitializeOnLoad (152ms)
			ProcessInitializeOnLoadAttributes (111ms)
			ProcessInitializeOnLoadMethodAttributes (544ms)
[Licensing::Client] Successfully resolved entitlement details
Application.AssetDatabase Initial Refresh Start
[Package Manager] Done resolving packages in 3.68 seconds
[Licensing::Client] Successfully resolved entitlement details
[Package Manager] Registered 20 packages:
  Built-in packages:
    com.unity.ugui@2.6.0 (location: C:\Users\dlgkr\msys64\tmp\gauntlet-unity-proj-l3b_4qrn\game\Library\PackageCache\com.unity.ugui@0727b404f3a0)
    com.unity.modules.adaptiveperformance@1.0.0 (location: C:\Users\dlgkr\msys64\tmp\gauntlet-unity-proj-l3b_4qrn\game\Library\PackageCache\com.unity.modules.adaptiveperformance)
    com.unity.modules.audio@1.0.0 (location: C:\Users\dlgkr\msys64\tmp\gauntlet-unity-proj-l3b_4qrn\game\Library\PackageCache\com.unity.modules.audio)
    com.unity.modules.imageconversion@1.0.0 (location: C:\Users\dlgkr\msys64\tmp\gauntlet-unity-proj-l3b_4qrn\game\Library\PackageCache\com.unity.modules.imageconversion)
    com.unity.modules.imgui@1.0.0 (location: C:\Users\dlgkr\msys64\tmp\gauntlet-unity-proj-l3b_4qrn\game\Library\PackageCache\com.unity.modules.imgui)
    com.unity.modules.jsonserialize@1.0.0 (location: C:\Users\dlgkr\msys64\tmp\gauntlet-unity-proj-l3b_4qrn\game\Library\PackageCache\com.unity.modules.jsonserialize)
    com.unity.modules.physics2d@1.0.0 (location: C:\Users\dlgkr\msys64\tmp\gauntlet-unity-proj-l3b_4qrn\game\Library\PackageCache\com.unity.modules.physics2d)
    com.unity.modules.physicscore2d@1.0.0 (location: C:\Users\dlgkr\msys64\tmp\gauntlet-unity-proj-l3b_4qrn\game\Library\PackageCache\com.unity.modules.physicscore2d)
    com.unity.modules.screencapture@1.0.0 (location: C:\Users\dlgkr\msys64\tmp\gauntlet-unity-proj-l3b_4qrn\game\Library\PackageCache\com.unity.modules.screencapture)
    com.unity.modules.tetgen@1.0.0 (location: C:\Users\dlgkr\msys64\tmp\gauntlet-unity-proj-l3b_4qrn\game\Library\PackageCache\com.unity.modules.tetgen)
    com.unity.modules.tilemap@1.0.0 (location: C:\Users\dlgkr\msys64\tmp\gauntlet-unity-proj-l3b_4qrn\game\Library\PackageCache\com.unity.modules.tilemap)
    com.unity.modules.timelinefoundation@1.0.0 (location: C:\Users\dlgkr\msys64\tmp\gauntlet-unity-proj-l3b_4qrn\game\Library\PackageCache\com.unity.modules.timelinefoundation)
    com.unity.modules.ui@1.0.0 (location: C:\Users\dlgkr\msys64\tmp\gauntlet-unity-proj-l3b_4qrn\game\Library\PackageCache\com.unity.modules.ui)
    com.unity.modules.uielements@1.0.0 (location: C:\Users\dlgkr\msys64\tmp\gauntlet-unity-proj-l3b_4qrn\game\Library\PackageCache\com.unity.modules.uielements)
    com.unity.modules.unitywebrequest@1.0.0 (location: C:\Users\dlgkr\msys64\tmp\gauntlet-unity-proj-l3b_4qrn\game\Library\PackageCache\com.unity.modules.unitywebrequest)
    com.unity.modules.vectorgraphics@1.0.0 (location: C:\Users\dlgkr\msys64\tmp\gauntlet-unity-proj-l3b_4qrn\game\Library\PackageCache\com.unity.modules.vectorgraphics)
    com.unity.modules.hierarchycore@1.0.0 (location: C:\Users\dlgkr\msys64\tmp\gauntlet-unity-proj-l3b_4qrn\game\Library\PackageCache\com.unity.modules.hierarchycore)
    com.unity.modules.physics@1.0.0 (location: C:\Users\dlgkr\msys64\tmp\gauntlet-unity-proj-l3b_4qrn\game\Library\PackageCache\com.unity.modules.physics)
    com.unity.modules.animation@1.0.0 (location: C:\Users\dlgkr\msys64\tmp\gauntlet-unity-proj-l3b_4qrn\game\Library\PackageCache\com.unity.modules.animation)
    com.unity.modules.subsystems@1.0.0 (location: C:\Users\dlgkr\msys64\tmp\gauntlet-unity-proj-l3b_4qrn\game\Library\PackageCache\com.unity.modules.subsystems)
[Subsystems] No new subsystems found in resolved package list.
[Package Manager] Done registering packages in 0.00 seconds
AcceleratorClientConnectionCallback - disconnected - :0
[ScriptCompilation] Requested script compilation because: Assembly Definition File(s) changed
[ScriptCompilation] Requested script compilation because: AssetDatabase observed changes in script compilation related files
Starting: C:\Users\dlgkr\UnityLocal\6000.6.3f1\Editor\Data\Tools\BuildPipeline\bee_backend.exe --ipc --defer-dag-verification --dagfile="Library/Bee/1900b0aE.dag" --continue-on-failure --profile="Library/Bee/backend1.traceevents" ScriptAssemblies
WorkingDir: C:/Users/dlgkr/msys64/tmp/gauntlet-unity-proj-l3b_4qrn/game
ExitCode: 4 Duration: 0s51ms
[             ] Require frontend run.  Library/Bee/1900b0aE.dag couldn't be loaded
Starting: C:\Users\dlgkr\UnityLocal\6000.6.3f1\Editor\Data\DotNetSdk\dotnet.exe "C:\Users\dlgkr\UnityLocal\6000.6.3f1\Editor\Data\Tools\BuildPipeline\ScriptCompilationBuildProgram.exe" "Library/Bee/1900b0aE.dag.json" "Library/Bee/1900b0aE-inputdata.json" "Library\Bee\buildprogram0.traceevents"
WorkingDir: C:/Users/dlgkr/msys64/tmp/gauntlet-unity-proj-l3b_4qrn/game
DisplayProgressbar: Compiling Scripts
ExitCode: 0 Duration: 0s302ms
Starting: C:\Users\dlgkr\UnityLocal\6000.6.3f1\Editor\Data\Tools\BuildPipeline\bee_backend.exe --ipc --defer-dag-verification --dagfile="Library/Bee/1900b0aE.dag" --continue-on-failure --dagfilejson="Library\Bee\1900b0aE.dag.json" --profile="Library/Bee/backend2.traceevents" ScriptAssemblies
WorkingDir: C:/Users/dlgkr/msys64/tmp/gauntlet-unity-proj-l3b_4qrn/game
ExitCode: 0 Duration: 14s
Finished compiling graph: 261 nodes, 1916 flattened edges (1810 ToBuild, 18 ToUse), maximum node priority 106
[  1/258    0s] WriteText Library/Bee/artifacts/1900b0aE.dag/UnityEngine.UI.UnityAdditionalFile.txt
[  2/258    0s] WriteText Library/Bee/artifacts/1900b0aE.dag/UnityEngine.UI.rsp2
[  3/258    0s] MovedFromExtractor Library/Bee/artifacts/mvdfrm/UnityEditor.UIElementsModule.dll_3652275EE063C7E0.mvfrm
[  4/258    0s] MovedFromExtractor Library/Bee/artifacts/mvdfrm/UnityEditor.TimelineFoundationModule.dll_02CAE2E870FC8159.mvfrm
[  5/258    0s] MovedFromExtractor Library/Bee/artifacts/mvdfrm/UnityEditor.TreeModule.dll_909AE208A9C8B863.mvfrm
[  6/258    0s] MovedFromExtractor Library/Bee/artifacts/mvdfrm/UnityEditor.U2DModule.dll_61204CF8BA4F6AE6.mvfrm
[  7/258    0s] MovedFromExtractor Library/Bee/artifacts/mvdfrm/UnityEditor.UIToolkitAuthoringModule.dll_33DBF868F5309FE2.mvfrm
[  8/258    0s] MovedFromExtractor Library/Bee/artifacts/mvdfrm/UnityEditor.UIBuilderModule.dll_D1109585CCE37096.mvfrm
[  9/258    0s] MovedFromExtractor Library/Bee/artifacts/mvdfrm/UnityEditor.TilemapModule.dll_039FE72712395BBD.mvfrm
[ 10/258    0s] MovedFromExtractor Library/Bee/artifacts/mvdfrm/UnityEditor.TextRenderingModule.dll_49D28F26E654BF9E.mvfrm
[ 11/258    0s] MovedFromExtractor Library/Bee/artifacts/mvdfrm/UnityEditor.UIElementsSamplesModule.dll_B3504210F8B6778D.mvfrm
[ 12/258    0s] MovedFromExtractor Library/Bee/artifacts/mvdfrm/UnityEditor.iOS.Extensions.Xcode.dll_278392F2B1EFE5FA.mvfrm
[ 13/258    0s] MovedFromExtractor Library/Bee/artifacts/mvdfrm/UnityEditor.UmbraModule.dll_8049DF22AFEC65C8.mvfrm
[ 14/258    0s] MovedFromExtractor Library/Bee/artifacts/mvdfrm/UnityEditor.UIAutomationModule.dll_BED7EB10C9E54780.mvfrm
[ 15/258    0s] MovedFromExtractor Library/Bee/artifacts/mvdfrm/UnityEditor.TextCoreFontEngineModule.dll_008563DBD6AA1C22.mvfrm
[ 16/258    0s] MovedFromExtractor Library/Bee/artifacts/mvdfrm/UnityEditor.SketchUpModule.dll_07A259A8C1553CBC.mvfrm
[ 17/258    0s] MovedFromExtractor Library/Bee/artifacts/mvdfrm/UnityEditor.TextCoreTextEngineModule.dll_486D9A4D662DD540.mvfrm
[ 18/258    0s] MovedFromExtractor Library/Bee/artifacts/mvdfrm/UnityEditor.ShaderPreprocessorModule.dll_236A6D7ED4D2EEB9.mvfrm
[ 19/258    0s] MovedFromExtractor Library/Bee/artifacts/mvdfrm/UnityEditor.SubstanceModule.dll_26677542E9E2CF6F.mvfrm
[ 20/258    0s] MovedFromExtractor Library/Bee/artifacts/mvdfrm/UnityEditor.SyntaxTreeModule.dll_83A325D7393B8DE6.mvfrm
[ 21/258    0s] MovedFromExtractor Library/Bee/artifacts/mvdfrm/UnityEditor.SpriteMaskModule.dll_C7665F950EEFA3D6.mvfrm
[ 22/258    0s] MovedFromExtractor Library/Bee/artifacts/mvdfrm/UnityEditor.SpriteShapeModule.dll_2D49A903D3FB5BBB.mvfrm
[ 23/258    0s] MovedFromExtractor Library/Bee/artifacts/mvdfrm/UnityEditor.ShaderBuildSettingsModule.dll_E7DB31BAC19E1BAB.mvfrm
[ 24/258    0s] MovedFromExtractor Library/Bee/artifacts/mvdfrm/UnityEditor.ShaderFoundryModule.dll_3F0F3D2EB6A78AD3.mvfrm
[ 25/258    0s] MovedFromExtractor Library/Bee/artifacts/mvdfrm/UnityEditor.SceneViewModule.dll_BB37CB714F4DC470.mvfrm
[ 26/258    0s] MovedFromExtractor Library/Bee/artifacts/mvdfrm/UnityEditor.ShaderCompilationModule.dll_BF1EA488DBBA6C5D.mvfrm
[ 27/258    0s] MovedFromExtractor Library/Bee/artifacts/mvdfrm/UnityEditor.SceneTemplateModule.dll_002F6CEB93F80E45.mvfrm
[ 28/258    0s] MovedFromExtractor Library/Bee/artifacts/mvdfrm/UnityEditor.SafeModeModule.dll_1F8D74587623A0A5.mvfrm
[ 29/258    0s] MovedFromExtractor Library/Bee/artifacts/mvdfrm/UnityEditor.PropertiesModule.dll_0B752C43606B7298.mvfrm
[ 30/258    0s] MovedFromExtractor Library/Bee/artifacts/mvdfrm/UnityEditor.QuickInstallModule.dll_ED164A5F6EF7ECF3.mvfrm
[ 31/258    0s] MovedFromExtractor Library/Bee/artifacts/mvdfrm/UnityEditor.QuickSearchModule.dll_D5C51846CE2C7F44.mvfrm
[ 32/258    0s] MovedFromExtractor Library/Bee/artifacts/mvdfrm/UnityEngine.PhysicsBackendPhysXModule.dll_7A5867550CA0802D.mvfrm
[ 33/258    0s] MovedFromExtractor Library/Bee/artifacts/mvdfrm/UnityEditor.PlayModeModule.dll_6581661214ECB00C.mvfrm
[ 34/258    0s] MovedFromExtractor Library/Bee/artifacts/mvdfrm/UnityEditor.ProjectAuditorModule.dll_67AAA85B2F23662A.mvfrm
[ 35/258    0s] MovedFromExtractor Library/Bee/artifacts/mvdfrm/UnityEditor.PresetsUIModule.dll_37EE214B5C834F67.mvfrm
[ 36/258    0s] MovedFromExtractor Library/Bee/artifacts/mvdfrm/UnityEditor.Physics2DModule.dll_E1CD6399F00511B8.mvfrm
[ 37/258    0s] MovedFromExtractor Library/Bee/artifacts/mvdfrm/UnityEditor.PhysicsModule.dll_4A5D043724BE31C6.mvfrm
[ 38/258    0s] MovedFromExtractor Library/Bee/artifacts/mvdfrm/UnityEditor.PhysicsCore2DModule.dll_9457BE067A1AA7A7.mvfrm
[ 39/258    0s] MovedFromExtractor Library/Bee/artifacts/mvdfrm/UnityEditor.MultiplayerModule.dll_93909835D720B129.mvfrm
[ 40/258    0s] MovedFromExtractor Library/Bee/artifacts/mvdfrm/UnityEditor.MathematicsModule.dll_38FD298292D11AE5.mvfrm
[ 41/258    0s] MovedFromExtractor Library/Bee/artifacts/mvdfrm/UnityEditor.GridModule.dll_106008E83A57B91B.mvfrm
[ 42/258    0s] MovedFromExtractor Library/Bee/artifacts/mvdfrm/UnityEditor.GenericRemoteModule.dll_3C953C367D19DBBC.mvfrm
[ 43/258    0s] MovedFromExtractor Library/Bee/artifacts/mvdfrm/UnityEditor.LightingModule.dll_1994EBD4C90F69D1.mvfrm
[ 44/258    0s] MovedFromExtractor Library/Bee/artifacts/mvdfrm/UnityEditor.GridAndSnapModule.dll_546E7DBAF8BA3FDA.mvfrm
[ 45/258    0s] MovedFromExtractor Library/Bee/artifacts/mvdfrm/UnityEditor.GraphViewModule.dll_7C87E8695A2AF762.mvfrm
[ 46/258    0s] MovedFromExtractor Library/Bee/artifacts/mvdfrm/UnityEditor.GraphicsStateCollectionSerializerModule.dll_65A458015CAF7925.mvfrm
[ 47/258    0s] MovedFromExtractor Library/Bee/artifacts/mvdfrm/UnityEditor.GIModule.dll_D706DE929813A947.mvfrm
[ 48/258    0s] MovedFromExtractor Library/Bee/artifacts/mvdfrm/UnityEditor.MediaModule.dll_D1354C9BA11242E3.mvfrm
[ 49/258    0s] MovedFromExtractor Library/Bee/artifacts/mvdfrm/UnityEditor.EmbreeModule.dll_A61F5CF453F517ED.mvfrm
[ 50/258    0s] MovedFromExtractor Library/Bee/artifacts/mvdfrm/UnityEditor.GraphToolkitModule.dll_2A13E0CB1E20AD45.mvfrm
[ 51/258    0s] MovedFromExtractor Library/Bee/artifacts/mvdfrm/UnityEditor.EditorToolbarModule.dll_DC8FFC2D950B640D.mvfrm
[ 52/258    0s] MovedFromExtractor Library/Bee/artifacts/mvdfrm/UnityEditor.DeviceSimulatorModule.dll_B48997F432440FDD.mvfrm
[ 53/258    0s] MovedFromExtractor Library/Bee/artifacts/mvdfrm/UnityEditor.DiagnosticsModule.dll_4AB59739755582EB.mvfrm
[ 54/258    0s] MovedFromExtractor Library/Bee/artifacts/mvdfrm/UnityEditor.ClothModule.dll_6C5D9004FCE29939.mvfrm
[ 55/258    0s] MovedFromExtractor Library/Bee/artifacts/mvdfrm/UnityEditor.CoreBusinessMetricsModule.dll_5F9FE48C14E61963.mvfrm
[ 56/258    0s] MovedFromExtractor Library/Bee/artifacts/mvdfrm/UnityEditor.BuildAnalysisModule.dll_FEDD23DDBD4FBAD9.mvfrm
[ 57/258    0s] MovedFromExtractor Library/Bee/artifacts/mvdfrm/UnityEditor.AssetComplianceModule.dll_ED64A7E2ACFFF40A.mvfrm
[ 58/258    0s] MovedFromExtractor Library/Bee/artifacts/mvdfrm/UnityEditor.CoreModule.dll_32EEECFA22032324.mvfrm
[ 59/258    0s] MovedFromExtractor Library/Bee/artifacts/mvdfrm/UnityEditor.ContentLoadModule.dll_ACFED4E9ECDBCB9E.mvfrm
[ 60/258    0s] MovedFromExtractor Library/Bee/artifacts/mvdfrm/UnityEditor.BurstModule.dll_6E6D24624A1BD23F.mvfrm
[ 61/258    0s] MovedFromExtractor Library/Bee/artifacts/mvdfrm/UnityEditor.BuildProfileModule.dll_0E36FC202D717EC0.mvfrm
[ 62/258    0s] MovedFromExtractor Library/Bee/artifacts/mvdfrm/UnityEditor.AnimationWindowModule.dll_4FED8BCC67D20093.mvfrm
[ 63/258    0s] MovedFromExtractor Library/Bee/artifacts/mvdfrm/UnityEditor.AccessibilityModule.dll_A693E65B1B75B2BD.mvfrm
[ 64/258    0s] MovedFromExtractor Library/Bee/artifacts/mvdfrm/UnityEditor.AdaptivePerformanceModule.dll_DFB4EB11EE9EEA69.mvfrm
[ 65/258    0s] MovedFromExtractor Library/Bee/artifacts/mvdfrm/UnityEditor.AIModule.dll_3ECA9584FC64C12D.mvfrm
[ 66/258    0s] MovedFromExtractor Library/Bee/artifacts/mvdfrm/UnityEditor.Graphs.dll_179C3A69237D8956.mvfrm
[ 67/258    0s] MovedFromExtractor Library/Bee/artifacts/mvdfrm/Unity.Scripting.dll_CBF8412E5F93BC34.mvfrm
[ 68/258    0s] MovedFromExtractor Library/Bee/artifacts/mvdfrm/UnityEditor.OSXStandalone.Extensions.dll_F16E02AB5053FC67.mvfrm
[ 69/258    0s] MovedFromExtractor Library/Bee/artifacts/mvdfrm/UnityEditor.WindowsStandalone.Extensions.dll_54A77A53746E84BC.mvfrm
[ 70/258    0s] MovedFromExtractor Library/Bee/artifacts/mvdfrm/UnityEngine.dll_A563FC73762A2A16.mvfrm
[ 71/258    0s] MovedFromExtractor Library/Bee/artifacts/mvdfrm/UnityEngine.VirtualTexturingModule.dll_BF09AB6C4626FC2D.mvfrm
[ 72/258    0s] MovedFromExtractor Library/Bee/artifacts/mvdfrm/UnityEditor.WebGL.Extensions.dll_C84F59F42785A7CC.mvfrm
[ 73/258    0s] MovedFromExtractor Library/Bee/artifacts/mvdfrm/UnityEditor.HierarchyModule.dll_69FBEF45180A3624.mvfrm
[ 74/258    0s] MovedFromExtractor Library/Bee/artifacts/mvdfrm/UnityEngine.VectorGraphicsModule.dll_6F6195C5887DAB1E.mvfrm
[ 75/258    0s] MovedFromExtractor Library/Bee/artifacts/mvdfrm/UnityEngine.UnityWebRequestModule.dll_37C75FC02F186FD4.mvfrm
[ 76/258    0s] MovedFromExtractor Library/Bee/artifacts/mvdfrm/UnityEngine.VFXModule.dll_41694468F463188C.mvfrm
[ 77/258    0s] MovedFromExtractor Library/Bee/artifacts/mvdfrm/UnityEngine.UnityCurlModule.dll_7E2A05C3A49BBDF5.mvfrm
[ 78/258    0s] MovedFromExtractor Library/Bee/artifacts/mvdfrm/UnityEngine.UnityConnectModule.dll_F6D08DA54CDD6485.mvfrm
[ 79/258    0s] MovedFromExtractor Library/Bee/artifacts/mvdfrm/UnityEngine.UnityConsentModule.dll_C87624D159E7FAD5.mvfrm
[ 80/258    0s] MovedFromExtractor Library/Bee/artifacts/mvdfrm/UnityEngine.UIModule.dll_78ACC541C428FAA4.mvfrm
[ 81/258    0s] MovedFromExtractor Library/Bee/artifacts/mvdfrm/UnityEngine.UnityAnalyticsCommonModule.dll_F5D1B5D18D7CD06C.mvfrm
[ 82/258    0s] MovedFromExtractor Library/Bee/artifacts/mvdfrm/UnityEngine.TimelineFoundationModule.dll_812A5E3B83FA4024.mvfrm
[ 83/258    0s] MovedFromExtractor Library/Bee/artifacts/mvdfrm/UnityEngine.TilemapModule.dll_F61A9FD177484302.mvfrm
[ 84/258    0s] MovedFromExtractor Library/Bee/artifacts/mvdfrm/UnityEngine.U2DRuntimeModule.dll_039E8405AFD71B41.mvfrm
[ 85/258    0s] MovedFromExtractor Library/Bee/artifacts/mvdfrm/UnityEngine.UIElementsModule.dll_370094A6E2A7E12B.mvfrm
[ 86/258    0s] MovedFromExtractor Library/Bee/artifacts/mvdfrm/UnityEngine.TextRenderingModule.dll_D613814E5F4D42C3.mvfrm
[ 87/258    0s] MovedFromExtractor Library/Bee/artifacts/mvdfrm/UnityEngine.TextCoreFontEngineModule.dll_7EE4DF2EE9A7DAED.mvfrm
[ 88/258    0s] MovedFromExtractor Library/Bee/artifacts/mvdfrm/UnityEngine.TextCoreTextEngineModule.dll_C6CD15A0792B940B.mvfrm
[ 89/258    0s] MovedFromExtractor Library/Bee/artifacts/mvdfrm/UnityEngine.TetgenModule.dll_F61F54F8AE72201D.mvfrm
[ 90/258    0s] MovedFromExtractor Library/Bee/artifacts/mvdfrm/UnityEngine.TLSModule.dll_C08AABFA1DF5AF1F.mvfrm
[ 91/258    0s] MovedFromExtractor Library/Bee/artifacts/mvdfrm/UnityEngine.SubsystemsModule.dll_32C2333EDF7BA534.mvfrm
[ 92/258    0s] MovedFromExtractor Library/Bee/artifacts/mvdfrm/UnityEngine.SubstanceModule.dll_DC4D662BCF628154.mvfrm
[ 93/258    0s] MovedFromExtractor Library/Bee/artifacts/mvdfrm/UnityEngine.ShaderVariantAnalyticsModule.dll_68E03F8218AA7EB6.mvfrm
[ 94/258    0s] MovedFromExtractor Library/Bee/artifacts/mvdfrm/UnityEngine.SpriteShapeModule.dll_330F7892E6356C40.mvfrm
[ 95/258    0s] MovedFromExtractor Library/Bee/artifacts/mvdfrm/UnityEngine.StreamingModule.dll_FFA251E2840F8346.mvfrm
[ 96/258    0s] MovedFromExtractor Library/Bee/artifacts/mvdfrm/UnityEngine.SpriteMaskModule.dll_C814CCDD1133BD21.mvfrm
[ 97/258    0s] MovedFromExtractor Library/Bee/artifacts/mvdfrm/UnityEngine.ScriptingModule.dll_622EBD58B40F7ABB.mvfrm
[ 98/258    0s] MovedFromExtractor Library/Bee/artifacts/mvdfrm/UnityEngine.ScreenCaptureModule.dll_ACD40F43A815C2CE.mvfrm
[ 99/258    0s] MovedFromExtractor Library/Bee/artifacts/mvdfrm/UnityEngine.RenderAs2DModule.dll_4D5B5C114209D61A.mvfrm
[100/258    0s] MovedFromExtractor Library/Bee/artifacts/mvdfrm/UnityEngine.RuntimeInitializeOnLoadManagerInitializerModule.dll_7F3095F316F8EE66.mvfrm
[101/258    0s] MovedFromExtractor Library/Bee/artifacts/mvdfrm/UnityEngine.PropertiesModule.dll_0C23998B62AF8BE3.mvfrm
[102/258    0s] MovedFromExtractor Library/Bee/artifacts/mvdfrm/UnityEngine.PhysicsCore2DModule.dll_2098B02DF3132ACC.mvfrm
[103/258    0s] MovedFromExtractor Library/Bee/artifacts/mvdfrm/UnityEngine.PhysicsModule.dll_3CD7BCE189CD190B.mvfrm
[104/258    0s] MovedFromExtractor Library/Bee/artifacts/mvdfrm/UnityEngine.PerformanceReportingModule.dll_5A92F88D7394320E.mvfrm
[105/258    0s] MovedFromExtractor Library/Bee/artifacts/mvdfrm/UnityEngine.MultiplayerModule.dll_995667C4E95AC1AE.mvfrm
[106/258    0s] MovedFromExtractor Library/Bee/artifacts/mvdfrm/UnityEngine.Physics2DModule.dll_97B35482D584C39D.mvfrm
[107/258    0s] MovedFromExtractor Library/Bee/artifacts/mvdfrm/UnityEngine.MarshallingModule.dll_C216E9CD14BB6188.mvfrm
[108/258    0s] MovedFromExtractor Library/Bee/artifacts/mvdfrm/UnityEngine.MathematicsModule.dll_3EC2F911A50B2B6A.mvfrm
[109/258    0s] MovedFromExtractor Library/Bee/artifacts/mvdfrm/UnityEditor.TerrainModule.dll_64A37FA5FA7C7AB4.mvfrm
[110/258    0s] MovedFromExtractor Library/Bee/artifacts/mvdfrm/UnityEngine.ManagedKernelModule.dll_558B110783A364F0.mvfrm
[111/258    0s] MovedFromExtractor Library/Bee/artifacts/mvdfrm/UnityEngine.LocalizationModule.dll_C75A48FE9B592999.mvfrm
[112/258    0s] MovedFromExtractor Library/Bee/artifacts/mvdfrm/UnityEngine.JSONSerializeModule.dll_92EC61BE93A9966C.mvfrm
[113/258    0s] MovedFromExtractor Library/Bee/artifacts/mvdfrm/UnityEngine.InsightsModule.dll_B46AFF69846BC7AB.mvfrm
[114/258    0s] MovedFromExtractor Library/Bee/artifacts/mvdfrm/UnityEngine.ImageConversionModule.dll_262858162423D555.mvfrm
[115/258    0s] MovedFromExtractor Library/Bee/artifacts/mvdfrm/UnityEngine.InputModule.dll_3217B71ECA7B0F9E.mvfrm
[116/258    0s] MovedFromExtractor Library/Bee/artifacts/mvdfrm/UnityEngine.IdentifiersModule.dll_F237D32DF30C024E.mvfrm
[117/258    0s] MovedFromExtractor Library/Bee/artifacts/mvdfrm/UnityEngine.InputForUIModule.dll_E19AB4664FE4C463.mvfrm
[118/258    0s] MovedFromExtractor Library/Bee/artifacts/mvdfrm/UnityEngine.IMGUIModule.dll_04018ED51A747EDB.mvfrm
[119/258    0s] MovedFromExtractor Library/Bee/artifacts/mvdfrm/UnityEngine.InputLegacyModule.dll_AAF36656C884EA27.mvfrm
[120/258    0s] MovedFromExtractor Library/Bee/artifacts/mvdfrm/UnityEngine.HotReloadModule.dll_CC5622980FBAE78A.mvfrm
[121/258    0s] MovedFromExtractor Library/Bee/artifacts/mvdfrm/UnityEngine.HierarchyCoreModule.dll_A9EF755D031B8ED8.mvfrm
[122/258    0s] MovedFromExtractor Library/Bee/artifacts/mvdfrm/UnityEngine.GridModule.dll_3380DC3AE25D2446.mvfrm
[123/258    0s] MovedFromExtractor Library/Bee/artifacts/mvdfrm/UnityEngine.GraphicsStateCollectionSerializerModule.dll_6E9824F129AEC28A.mvfrm
[124/258    0s] MovedFromExtractor Library/Bee/artifacts/mvdfrm/UnityEngine.GameCenterModule.dll_DEE85A4CEFC427A7.mvfrm
[125/258    0s] MovedFromExtractor Library/Bee/artifacts/mvdfrm/UnityEngine.GIModule.dll_157570220390DD12.mvfrm
[126/258    0s] MovedFromExtractor Library/Bee/artifacts/mvdfrm/UnityEngine.DSPGraphModule.dll_1FF598426C4F494D.mvfrm
[127/258    0s] MovedFromExtractor Library/Bee/artifacts/mvdfrm/UnityEngine.CrashReportingModule.dll_850816448865A947.mvfrm
[128/258    0s] MovedFromExtractor Library/Bee/artifacts/mvdfrm/UnityEngine.CoreModule.dll_560FC04CCA088E4F.mvfrm
[129/258    0s] MovedFromExtractor Library/Bee/artifacts/mvdfrm/UnityEngine.ClusterInputModule.dll_890D7EAC03DD36A0.mvfrm
[130/258    0s] MovedFromExtractor Library/Bee/artifacts/mvdfrm/UnityEngine.ClusterRendererModule.dll_BA365A65A1FF1D61.mvfrm
[131/258    0s] MovedFromExtractor Library/Bee/artifacts/mvdfrm/UnityEngine.ContentLoadModule.dll_B2C4A478FF15DC23.mvfrm
[132/258    0s] WriteText Library/Bee/artifacts/1900b0aE.dag/UnityEngine.UI.dll.mvfrm.rsp
[133/258    0s] WriteText Library/Bee/artifacts/1900b0aE.dag/UnityEngine.UI.rsp
[134/258    0s] WriteText Library/Bee/artifacts/1900b0aE.dag/UnityEditor.UI.UnityAdditionalFile.txt
[135/258    0s] WriteText Library/Bee/artifacts/1900b0aE.dag/UnityEditor.UI.rsp2
[136/258    0s] MovedFromExtractor Library/Bee/artifacts/mvdfrm/UnityEngine.BurstModule.dll_3499E0C67B9902E4.mvfrm
[137/258    0s] MovedFromExtractor Library/Bee/artifacts/mvdfrm/UnityEngine.AudioModule.dll_CBA1EF6E5442EAFA.mvfrm
[138/258    0s] MovedFromExtractor Library/Bee/artifacts/mvdfrm/UnityEngine.AnimationModule.dll_4B0D64923487CC08.mvfrm
[139/258    0s] MovedFromExtractor Library/Bee/artifacts/mvdfrm/UnityEngine.ARModule.dll_36ABEC17C4FF53C1.mvfrm
[140/258    0s] MovedFromExtractor Library/Bee/artifacts/mvdfrm/UnityEngine.AdaptivePerformanceModule.dll_A0447FC829E43D6E.mvfrm
[141/258    0s] MovedFromExtractor Library/Bee/artifacts/mvdfrm/UnityEditor.XRModule.dll_BFCF1D3C83A099AF.mvfrm
[142/258    0s] MovedFromExtractor Library/Bee/artifacts/mvdfrm/UnityEditor.dll_72BFB59B17B69D31.mvfrm
[143/258    0s] MovedFromExtractor Library/Bee/artifacts/mvdfrm/UnityEditor.VideoModule.dll_2A7EB774E557D5FA.mvfrm
[144/258    0s] MovedFromExtractor Library/Bee/artifacts/mvdfrm/UnityEditor.VFXModule.dll_3547A21584B30A87.mvfrm
[145/258    0s] MovedFromExtractor Library/Bee/artifacts/mvdfrm/UnityEditor.VectorGraphicsModule.dll_B43D342A6C911713.mvfrm
[146/258    0s] MovedFromExtractor Library/Bee/artifacts/mvdfrm/UnityEditor.UnityConnectModule.dll_09710996525563DA.mvfrm
[147/258    0s] MovedFromExtractor Library/Bee/artifacts/mvdfrm/UnityEngine.TerrainPhysicsModule.dll_D89508640FBA2F62.mvfrm
[148/258    0s] MovedFromExtractor Library/Bee/artifacts/mvdfrm/UnityEngine.AMDModule.dll_C1FAE894F6C533CC.mvfrm
[149/258    0s] MovedFromExtractor Library/Bee/artifacts/mvdfrm/UnityEngine.AccessibilityModule.dll_32D4D882946E35E2.mvfrm
[150/258    0s] MovedFromExtractor Library/Bee/artifacts/mvdfrm/UnityEngine.AIModule.dll_7D39271467E1F4F8.mvfrm
[151/258    0s] MovedFromExtractor Library/Bee/artifacts/mvdfrm/UnityEngine.AndroidJNIModule.dll_B49B1032298336B6.mvfrm
[152/258    0s] MovedFromExtractor Library/Bee/artifacts/mvdfrm/UnityEngine.AssetBundleModule.dll_19AE4B3830933436.mvfrm
[153/258    0s] MovedFromExtractor Library/Bee/artifacts/mvdfrm/UnityEngine.DirectorModule.dll_1AA436D8F9EE782C.mvfrm
[154/258    0s] MovedFromExtractor Library/Bee/artifacts/mvdfrm/UnityEngine.ClothModule.dll_328A4C692E5FC9DE.mvfrm
[155/258    0s] MovedFromExtractor Library/Bee/artifacts/mvdfrm/UnityEngine.HierarchyModule.dll_1FE1E02DFD89E809.mvfrm
[156/258    0s] MovedFromExtractor Library/Bee/artifacts/mvdfrm/UnityEngine.ParticleSystemModule.dll_D81A5F90F67734D5.mvfrm
[157/258    0s] MovedFromExtractor Library/Bee/artifacts/mvdfrm/UnityEngine.NVIDIAModule.dll_FE3074DBB192329B.mvfrm
[158/258    0s] MovedFromExtractor-Combine Library/Bee/artifacts/1900b0aE.dag/UnityEngine.UI.dll.mvfrm
[159/258    0s] MovedFromExtractor Library/Bee/artifacts/mvdfrm/UnityEngine.TerrainModule.dll_571E38505F8B61F9.mvfrm
[160/258    0s] WriteText Library/Bee/artifacts/1900b0aE.dag/UnityEditor.UI.dll.mvfrm.rsp
[161/258    0s] WriteText Library/Bee/artifacts/1900b0aE.dag/UnityEditor.UI.rsp
[162/258    0s] WriteText Library/Bee/artifacts/1900b0aE.dag/Unity.InternalAPIEngineBridge.004.UnityAdditionalFile.txt
[163/258    0s] WriteText Library/Bee/artifacts/1900b0aE.dag/Unity.InternalAPIEngineBridge.004.rsp2
[164/258    0s] WriteText Library/Bee/artifacts/1900b0aE.dag/Unity.InternalAPIEngineBridge.004.dll.mvfrm.rsp
[165/258    0s] WriteText Library/Bee/artifacts/1900b0aE.dag/Unity.InternalAPIEngineBridge.004.rsp
[166/258    0s] WriteText Library/Bee/artifacts/1900b0aE.dag/Unity.TextMeshPro.UnityAdditionalFile.txt
[167/258    0s] WriteText Library/Bee/artifacts/1900b0aE.dag/Unity.TextMeshPro.rsp2
[168/258    0s] WriteText Library/Bee/artifacts/1900b0aE.dag/Unity.TextMeshPro.dll.mvfrm.rsp
[169/258    0s] WriteText Library/Bee/artifacts/1900b0aE.dag/CozyCafe.Core.UnityAdditionalFile.txt
[170/258    0s] WriteText Library/Bee/artifacts/1900b0aE.dag/CozyCafe.Core.rsp2
[171/258    0s] WriteText Library/Bee/artifacts/1900b0aE.dag/Unity.TextMeshPro.rsp
[172/258    0s] WriteText Library/Bee/artifacts/1900b0aE.dag/CozyCafe.Core.dll.mvfrm.rsp
[173/258    0s] MovedFromExtractor Library/Bee/artifacts/mvdfrm/UnityEngine.UmbraModule.dll_46769B86E169966D.mvfrm
[174/258    0s] WriteText Library/Bee/artifacts/1900b0aE.dag/CozyCafe.Core.rsp
[175/258    0s] MovedFromExtractor Library/Bee/artifacts/mvdfrm/UnityEngine.UnityWebRequestAssetBundleModule.dll_5149887445D1DE62.mvfrm
[176/258    0s] WriteText Library/Bee/artifacts/1900b0aE.dag/CozyCafe.Unity.UnityAdditionalFile.txt
[177/258    0s] WriteText Library/Bee/artifacts/1900b0aE.dag/CozyCafe.Unity.rsp2
[178/258    0s] WriteText Library/Bee/artifacts/1900b0aE.dag/CozyCafe.Unity.dll.mvfrm.rsp
[179/258    0s] WriteText Library/Bee/artifacts/1900b0aE.dag/CozyCafe.Unity.rsp
[180/258    0s] WriteText Library/Bee/artifacts/1900b0aE.dag/CozyCafe.Editor.dll.mvfrm.rsp
[181/258    0s] WriteText Library/Bee/artifacts/1900b0aE.dag/Unity.TextMeshPro.Editor.dll.mvfrm.rsp
[182/258    0s] WriteText Library/Bee/artifacts/1900b0aE.dag/UnityEditor.UI.Analytics.dll.mvfrm.rsp
[183/258    0s] WriteText Library/Bee/artifacts/1900b0aE.dag/CozyCafe.Editor.UnityAdditionalFile.txt
[184/258    0s] WriteText Library/Bee/artifacts/1900b0aE.dag/CozyCafe.Editor.rsp2
[185/258    0s] WriteText Library/Bee/artifacts/1900b0aE.dag/Unity.TextMeshPro.Editor.UnityAdditionalFile.txt
[186/258    0s] WriteText Library/Bee/artifacts/1900b0aE.dag/Unity.TextMeshPro.Editor.rsp2
[187/258    0s] WriteText Library/Bee/artifacts/1900b0aE.dag/UnityEditor.UI.Analytics.UnityAdditionalFile.txt
[188/258    0s] WriteText Library/Bee/artifacts/1900b0aE.dag/UnityEditor.UI.Analytics.rsp2
[189/258    0s] WriteText Library/Bee/artifacts/1900b0aE.dag/CozyCafe.Editor.rsp
[190/258    0s] WriteText Library/Bee/artifacts/1900b0aE.dag/Unity.TextMeshPro.Editor.rsp
[191/258    0s] WriteText Library/Bee/artifacts/1900b0aE.dag/UnityEditor.UI.Analytics.rsp
[192/258    0s] WriteResponseFile Library/Bee/artifacts/rsp/13686715218353603589.rsp
[193/258    0s] WriteResponseFile Library/Bee/artifacts/rsp/15148256244291300331.rsp
[194/258    0s] WriteResponseFile Library/Bee/artifacts/rsp/5855246178874633505.rsp
[195/258    0s] WriteResponseFile Library/Bee/artifacts/rsp/7606483801609891643.rsp
[196/258    0s] WriteResponseFile Library/Bee/artifacts/rsp/5546506141355401238.rsp
[197/258    0s] WriteResponseFile Library/Bee/artifacts/rsp/12812556936427222528.rsp
[198/258    0s] WriteResponseFile Library/Bee/artifacts/rsp/14566447020836459352.rsp
[199/258    0s] WriteResponseFile Library/Bee/artifacts/rsp/1920573593535015069.rsp
[200/258    0s] WriteResponseFile Library/Bee/artifacts/rsp/10292501669419677951.rsp
[201/258    0s] MovedFromExtractor Library/Bee/artifacts/mvdfrm/UnityEngine.UnityAnalyticsModule.dll_F7B9D05AA29E86D1.mvfrm
[202/258    0s] MovedFromExtractor Library/Bee/artifacts/mvdfrm/UnityEngine.UnityWebRequestAudioModule.dll_D28F4C6BF9FEFCA6.mvfrm
[203/258    0s] MovedFromExtractor Library/Bee/artifacts/mvdfrm/UnityEngine.UnityWebRequestTextureModule.dll_A82621D16CDE433B.mvfrm
[204/258    0s] MovedFromExtractor Library/Bee/artifacts/mvdfrm/UnityEngine.VideoModule.dll_F0AB73D916D5069F.mvfrm
[205/258    0s] MovedFromExtractor Library/Bee/artifacts/mvdfrm/UnityEngine.UnityWebRequestWWWModule.dll_918F5AFC68EB5077.mvfrm
[206/258    0s] MovedFromExtractor Library/Bee/artifacts/mvdfrm/UnityEngine.WindModule.dll_CC5E9B755B3F0CB8.mvfrm
[207/258    0s] MovedFromExtractor Library/Bee/artifacts/mvdfrm/UnityEngine.VehiclesModule.dll_92673058741847C7.mvfrm
[           0s] Csc Library/Bee/artifacts/1900b0aE.dag/UnityEngine.UI.dll (+2 others) [CacheMiss f9bb56975edee06737c7f6595e38c38700000000000000000000000000000006]
[208/258    0s] MovedFromExtractor Library/Bee/artifacts/mvdfrm/UnityEngine.XRModule.dll_FE3DAECBEF1DCD7A.mvfrm
[209/258    0s] MovedFromExtractor-Combine Library/Bee/artifacts/1900b0aE.dag/CozyCafe.Core.dll.mvfrm
[210/258    0s] ILPP-Configuration Library/ilpp-configuration.nevergeneratedoutput
[211/258    1s] Csc Library/Bee/artifacts/1900b0aE.dag/CozyCafe.Core.dll (+2 others)
[212/258    1s] Csc Library/Bee/artifacts/1900b0aE.dag/UnityEngine.UI.dll (+2 others)
[           0s] Csc Library/Bee/artifacts/1900b0aE.dag/UnityEngine.UI.dll (+2 others) [CacheWrite f9bb56975edee06737c7f6595e38c38700000000000000000000000000000006]
[213/258    0s] MovedFromExtractor Library/Bee/artifacts/mvdfrm/UnityEngine.UI.ref.dll_08FEAA520A2EFD60.mvfrm
[214/258    0s] MovedFromExtractor-Combine Library/Bee/artifacts/1900b0aE.dag/UnityEditor.UI.dll.mvfrm
[           0s] Csc Library/Bee/artifacts/1900b0aE.dag/UnityEditor.UI.dll (+2 others) [CacheMiss 1ef87a2a96509222910abbd07663328e00000000000000000000000000000006]
[215/258    0s] Csc Library/Bee/artifacts/1900b0aE.dag/UnityEditor.UI.dll (+2 others)
[           0s] Csc Library/Bee/artifacts/1900b0aE.dag/UnityEditor.UI.dll (+2 others) [CacheWrite 1ef87a2a96509222910abbd07663328e00000000000000000000000000000006]
[216/258    0s] MovedFromExtractor Library/Bee/artifacts/mvdfrm/UnityEditor.UI.ref.dll_4C98D3F7040CD4F5.mvfrm
[217/258    0s] MovedFromExtractor-Combine Library/Bee/artifacts/1900b0aE.dag/Unity.InternalAPIEngineBridge.004.dll.mvfrm
[218/258    0s] MovedFromExtractor-Combine Library/Bee/artifacts/1900b0aE.dag/CozyCafe.Editor.dll.mvfrm
[219/258    0s] MovedFromExtractor-Combine Library/Bee/artifacts/1900b0aE.dag/CozyCafe.Unity.dll.mvfrm
[           0s] Csc Library/Bee/artifacts/1900b0aE.dag/Unity.InternalAPIEngineBridge.004.dll (+2 others) [CacheMiss 6f56faa9c933d1523e040fd41021f28300000000000000000000000000000006]
[220/258    0s] Csc Library/Bee/artifacts/1900b0aE.dag/Unity.InternalAPIEngineBridge.004.dll (+2 others)
[           0s] Csc Library/Bee/artifacts/1900b0aE.dag/Unity.InternalAPIEngineBridge.004.dll (+2 others) [CacheWrite 6f56faa9c933d1523e040fd41021f28300000000000000000000000000000006]
[221/258    0s] MovedFromExtractor Library/Bee/artifacts/mvdfrm/Unity.InternalAPIEngineBridge.004.ref.dll_9F91F1CFF2D20E26.mvfrm
[222/258    0s] MovedFromExtractor-Combine Library/Bee/artifacts/1900b0aE.dag/Unity.TextMeshPro.dll.mvfrm
[223/258    0s] Csc Library/Bee/artifacts/1900b0aE.dag/CozyCafe.Unity.dll (+2 others)
Assets\CozyCafe\Unity\CozyCafePlayable.cs(27,29): warning CS0618: 'Object.FindObjectsOfType<T>()' is obsolete: 'Object.FindObjectsOfType has been deprecated. Use Object.FindObjectsByType instead which lets you decide whether you need the results sorted or not.  FindObjectsOfType sorts the results by InstanceID but if you do not need this using FindObjectSortMode.None is considerably faster.'

Assets\CozyCafe\Unity\NativeOverlayScenarioMac.cs(49,22): warning CS0414: The field 'NativeOverlayScenario.macHotkeyFired' is assigned but its value is never used
[           0s] Csc Library/Bee/artifacts/1900b0aE.dag/Unity.TextMeshPro.dll (+2 others) [CacheMiss 381eaa50ba37531618c3ca09efa7ac9d00000000000000000000000000000006]
[224/258    0s] Csc Library/Bee/artifacts/1900b0aE.dag/CozyCafe.Editor.dll (+2 others)
[225/258    1s] Csc Library/Bee/artifacts/1900b0aE.dag/Unity.TextMeshPro.dll (+2 others)
[           0s] Csc Library/Bee/artifacts/1900b0aE.dag/Unity.TextMeshPro.dll (+2 others) [CacheWrite 381eaa50ba37531618c3ca09efa7ac9d00000000000000000000000000000006]
[226/258    0s] MovedFromExtractor Library/Bee/artifacts/mvdfrm/Unity.TextMeshPro.ref.dll_84A4293DBDD182DB.mvfrm
[227/258    0s] MovedFromExtractor-Combine Library/Bee/artifacts/1900b0aE.dag/UnityEditor.UI.Analytics.dll.mvfrm
[228/258    0s] MovedFromExtractor-Combine Library/Bee/artifacts/1900b0aE.dag/Unity.TextMeshPro.Editor.dll.mvfrm
[           0s] Csc Library/Bee/artifacts/1900b0aE.dag/UnityEditor.UI.Analytics.dll (+2 others) [CacheMiss fcb7b365083838d48bc791ca1ca2472b00000000000000000000000000000006]
[           0s] Csc Library/Bee/artifacts/1900b0aE.dag/Unity.TextMeshPro.Editor.dll (+2 others) [CacheMiss 96e44f048e919f2aea18606f511de4f500000000000000000000000000000006]
[229/258    0s] Csc Library/Bee/artifacts/1900b0aE.dag/UnityEditor.UI.Analytics.dll (+2 others)
[           0s] Csc Library/Bee/artifacts/1900b0aE.dag/UnityEditor.UI.Analytics.dll (+2 others) [CacheWrite fcb7b365083838d48bc791ca1ca2472b00000000000000000000000000000006]
[230/258    0s] Csc Library/Bee/artifacts/1900b0aE.dag/Unity.TextMeshPro.Editor.dll (+2 others)
[           0s] Csc Library/Bee/artifacts/1900b0aE.dag/Unity.TextMeshPro.Editor.dll (+2 others) [CacheWrite 96e44f048e919f2aea18606f511de4f500000000000000000000000000000006]
[231/258    0s] ILPostProcess Library/Bee/artifacts/1900b0aE.dag/post-processed/Unity.TextMeshPro.dll (+pdb)
Processing assembly Library/Bee/artifacts/1900b0aE.dag/Unity.TextMeshPro.dll, with 149 defines and 275 references

processors: zzzUnity.Burst.CodeGen.BurstILPostProcessor

1 processor(s) skipped this assembly
[232/258    0s] ILPostProcess Library/Bee/artifacts/1900b0aE.dag/post-processed/CozyCafe.Core.dll (+pdb)
Processing assembly Library/Bee/artifacts/1900b0aE.dag/CozyCafe.Core.dll, with 148 defines and 133 references

processors: zzzUnity.Burst.CodeGen.BurstILPostProcessor

1 processor(s) skipped this assembly
[233/258    0s] ILPostProcess Library/Bee/artifacts/1900b0aE.dag/post-processed/UnityEngine.UI.dll (+pdb)
Processing assembly Library/Bee/artifacts/1900b0aE.dag/UnityEngine.UI.dll, with 153 defines and 272 references

processors: zzzUnity.Burst.CodeGen.BurstILPostProcessor

1 processor(s) skipped this assembly
[234/258    0s] ILPostProcess Library/Bee/artifacts/1900b0aE.dag/post-processed/Unity.InternalAPIEngineBridge.004.dll (+pdb)
Processing assembly Library/Bee/artifacts/1900b0aE.dag/Unity.InternalAPIEngineBridge.004.dll, with 148 defines and 274 references

processors: zzzUnity.Burst.CodeGen.BurstILPostProcessor

1 processor(s) skipped this assembly
[235/258    0s] ILPostProcess Library/Bee/artifacts/1900b0aE.dag/post-processed/UnityEditor.UI.dll (+pdb)
Processing assembly Library/Bee/artifacts/1900b0aE.dag/UnityEditor.UI.dll, with 149 defines and 298 references

processors: zzzUnity.Burst.CodeGen.BurstILPostProcessor

1 processor(s) skipped this assembly
[236/258    0s] ILPostProcess Library/Bee/artifacts/1900b0aE.dag/post-processed/CozyCafe.Editor.dll (+pdb)
Processing assembly Library/Bee/artifacts/1900b0aE.dag/CozyCafe.Editor.dll, with 146 defines and 301 references

processors: zzzUnity.Burst.CodeGen.BurstILPostProcessor

1 processor(s) skipped this assembly
[237/258    0s] ILPostProcess Library/Bee/artifacts/1900b0aE.dag/post-processed/UnityEditor.UI.Analytics.dll (+pdb)
Processing assembly Library/Bee/artifacts/1900b0aE.dag/UnityEditor.UI.Analytics.dll, with 146 defines and 300 references

processors: zzzUnity.Burst.CodeGen.BurstILPostProcessor

1 processor(s) skipped this assembly
[238/258    0s] ILPostProcess Library/Bee/artifacts/1900b0aE.dag/post-processed/CozyCafe.Unity.dll (+pdb)
Processing assembly Library/Bee/artifacts/1900b0aE.dag/CozyCafe.Unity.dll, with 148 defines and 275 references

processors: zzzUnity.Burst.CodeGen.BurstILPostProcessor

1 processor(s) skipped this assembly
[239/258    0s] CopyFiles Library/ScriptAssemblies/CozyCafe.Core.dll
[240/258    0s] CopyFiles Library/ScriptAssemblies/UnityEditor.UI.pdb
[241/258    0s] CopyFiles Library/ScriptAssemblies/Unity.TextMeshPro.pdb
[242/258    0s] CopyFiles Library/ScriptAssemblies/CozyCafe.Editor.pdb
[243/258    0s] CopyFiles Library/ScriptAssemblies/CozyCafe.Unity.pdb
[244/258    0s] ILPostProcess Library/Bee/artifacts/1900b0aE.dag/post-processed/Unity.TextMeshPro.Editor.dll (+pdb)
Processing assembly Library/Bee/artifacts/1900b0aE.dag/Unity.TextMeshPro.Editor.dll, with 146 defines and 300 references

processors: zzzUnity.Burst.CodeGen.BurstILPostProcessor

1 processor(s) skipped this assembly
[245/258    0s] CopyFiles Library/ScriptAssemblies/UnityEditor.UI.dll
[246/258    0s] CopyFiles Library/ScriptAssemblies/UnityEngine.UI.dll
[247/258    0s] CopyFiles Library/ScriptAssemblies/UnityEngine.UI.pdb
[248/258    0s] CopyFiles Library/ScriptAssemblies/Unity.TextMeshPro.dll
[249/258    0s] CopyFiles Library/ScriptAssemblies/CozyCafe.Editor.dll
[250/258    0s] CopyFiles Library/ScriptAssemblies/Unity.TextMeshPro.Editor.pdb
[251/258    0s] CopyFiles Library/ScriptAssemblies/UnityEditor.UI.Analytics.pdb
[252/258    0s] CopyFiles Library/ScriptAssemblies/Unity.InternalAPIEngineBridge.004.dll
[253/258    0s] CopyFiles Library/ScriptAssemblies/CozyCafe.Core.pdb
[254/258    0s] CopyFiles Library/ScriptAssemblies/Unity.InternalAPIEngineBridge.004.pdb
[255/258    0s] CopyFiles Library/ScriptAssemblies/CozyCafe.Unity.dll
[256/258    0s] CopyFiles Library/ScriptAssemblies/UnityEditor.UI.Analytics.dll
[257/258    0s] CopyFiles Library/ScriptAssemblies/Unity.TextMeshPro.Editor.dll
*** Tundra build success (13.98 seconds), 257 items updated, 258 evaluated
Assets\CozyCafe\Unity\CozyCafePlayable.cs(27,29): warning CS0618: 'Object.FindObjectsOfType<T>()' is obsolete: 'Object.FindObjectsOfType has been deprecated. Use Object.FindObjectsByType instead which lets you decide whether you need the results sorted or not.  FindObjectsOfType sorts the results by InstanceID but if you do not need this using FindObjectSortMode.None is considerably faster.'
Assets\CozyCafe\Unity\NativeOverlayScenarioMac.cs(49,22): warning CS0414: The field 'NativeOverlayScenario.macHotkeyFired' is assigned but its value is never used
Total cache size 270204348
Total cache size after purge 268154620, took 00:00:00.2221602
AssetDatabase: script compilation time: 17.103956s
Begin MonoManager ReloadAssembly
Importing 'GUID: 00000000000000001000000000000000 - Path: Assets' with importer (DefaultImporter)
Imported 'GUID: 00000000000000001000000000000000' -> (Import Result ID: '2740a6f043b2b326bdd7512375e96e57') in 0.077 seconds [static dependencies only]. Details - ImportResultOutputID=0bd79294e96b4d95e7775c04af3ef4c2 DependenciesID=5ddfff5767c8d340f2421f4cedfc88ba StaticDependenciesID=3cc2fb38edf9553804fe976b0521b786 
Importing 'GUID: 00000000000000002000000000000000 - Path: ProjectSettings/InputManager.asset' with importer (LibraryAssetImporter)
Imported 'GUID: 00000000000000002000000000000000' -> (Import Result ID: 'd54c3b22344f5659d8f1231ca12dc27f') in 0.009 seconds [static dependencies only]. Details - ImportResultOutputID=6ef5aadfef77827e2c23b904de4fe67c DependenciesID=230c3dc4decdcee345236da146e5ad56 StaticDependenciesID=121b9d84da6e41ec4ab375ad60d25101 
Importing 'GUID: 00000000000000003000000000000000 - Path: ProjectSettings/TagManager.asset' with importer (LibraryAssetImporter)
Imported 'GUID: 00000000000000003000000000000000' -> (Import Result ID: '678f3cf294967116dc76351ec4872afa') in 0.004 seconds [static dependencies only]. Details - ImportResultOutputID=f000288eab4d423778547d37d97a06b9 DependenciesID=a6b46091caa59292c8fb63cef46c12fe StaticDependenciesID=b04f3179d3e6d414023de40e2b046dc6 
Importing 'GUID: 00000000000000004000000000000000 - Path: ProjectSettings/ProjectSettings.asset' with importer (LibraryAssetImporter)
Imported 'GUID: 00000000000000004000000000000000' -> (Import Result ID: 'c9e5a1739bcbcd75e30af60d6c940906') in 0.003 seconds [static dependencies only]. Details - ImportResultOutputID=054c890a8f4b6dddbea933bc5e4b7df4 DependenciesID=dfc66e268cdc4ecba5f52b9890253201 StaticDependenciesID=b8fc6c668b78f3eaf810b87ae7c5e50d 
Importing 'GUID: 00000000000000006000000000000000 - Path: ProjectSettings/AudioManager.asset' with importer (LibraryAssetImporter)
Imported 'GUID: 00000000000000006000000000000000' -> (Import Result ID: '19d7144a277ba5730b0fe1c35524ae77') in 0.003 seconds [static dependencies only]. Details - ImportResultOutputID=d41ed101cdcb18327994de285944fd39 DependenciesID=5b87b9cfc8cd699c6747c47c5ffea5b0 StaticDependenciesID=9f2db95b4d407dd047e2906c18b9068a 
Importing 'GUID: 00000000000000007000000000000000 - Path: ProjectSettings/TimeManager.asset' with importer (LibraryAssetImporter)
Imported 'GUID: 00000000000000007000000000000000' -> (Import Result ID: '7e12a84cd7ab56012d9fa64ef2a5a4da') in 0.003 seconds [static dependencies only]. Details - ImportResultOutputID=888360dbe4cb337dfbc4897083ee474b DependenciesID=d13400a85efeabf30011f29052cf7157 StaticDependenciesID=9d73b30445d3b0990b0ddb8080a69504 
Importing 'GUID: 00000000000000008000000000000000 - Path: ProjectSettings/DynamicsManager.asset' with importer (LibraryAssetImporter)
Imported 'GUID: 00000000000000008000000000000000' -> (Import Result ID: '47115134f5f380e9fb126f70b1980fc5') in 0.002 seconds [static dependencies only]. Details - ImportResultOutputID=f4e5ea74158efa9a7415a6abc5cfeedf DependenciesID=03eaebbd167a98949eb626f9333cbab3 StaticDependenciesID=e712656d1ca2bc22baa8514b401c1ae4 
Importing 'GUID: 00000000000000009000000000000000 - Path: ProjectSettings/QualitySettings.asset' with importer (LibraryAssetImporter)
Imported 'GUID: 00000000000000009000000000000000' -> (Import Result ID: 'd87cc4161b01580b21eb20198e8e6afd') in 0.002 seconds [static dependencies only]. Details - ImportResultOutputID=2a108b3da874f726c62fbe5f12be4a8a DependenciesID=88160b308edf1c7bbc332286cd5a07d8 StaticDependenciesID=cdc42fc515e93c36a95a163659872835 
Importing 'GUID: 0000000000000000b000000000000000 - Path: ProjectSettings/EditorBuildSettings.asset' with importer (LibraryAssetImporter)
Imported 'GUID: 0000000000000000b000000000000000' -> (Import Result ID: 'b9e766585746be9593d22dbc95f5a8cd') in 0.002 seconds [static dependencies only]. Details - ImportResultOutputID=0a89a5c5f492143e0fa186859e17ba6f DependenciesID=35f5985406d25a24bfe13976bc666a40 StaticDependenciesID=7ffc112208a2ce7851a25abcdb58371b 
Importing 'GUID: 0000000000000000c000000000000000 - Path: ProjectSettings/EditorSettings.asset' with importer (LibraryAssetImporter)
Imported 'GUID: 0000000000000000c000000000000000' -> (Import Result ID: '77d995c38f1dc49b102908fe1a825646') in 0.001 seconds [static dependencies only]. Details - ImportResultOutputID=9bf1f3a6d7407228d033acb548d88253 DependenciesID=c5ef38352b910cf0fcb2239278cf347e StaticDependenciesID=cbe389517106688954e381563163760d 
Importing 'GUID: 00000000000000004100000000000000 - Path: ProjectSettings/NavMeshAreas.asset' with importer (LibraryAssetImporter)
Imported 'GUID: 00000000000000004100000000000000' -> (Import Result ID: '6d45cdfeb1bfb40d77eb18bc05170f5d') in 0.001 seconds [static dependencies only]. Details - ImportResultOutputID=431705ea786ba1fb0433b092fce391ed DependenciesID=006428ac89fa115e63b6f00fffd937e0 StaticDependenciesID=afafb33f82de12e3a954cd98f4797c04 
Importing 'GUID: 00000000000000005100000000000000 - Path: ProjectSettings/Physics2DSettings.asset' with importer (LibraryAssetImporter)
Imported 'GUID: 00000000000000005100000000000000' -> (Import Result ID: 'ccbd7fd87aed80024b3c3673aa62aa41') in 0.001 seconds [static dependencies only]. Details - ImportResultOutputID=d4b28e6b7b96fa6bea7060628c401421 DependenciesID=b930c669db68da770bbfcf287169e57b StaticDependenciesID=5a398b2f23b553e4227ceb2861d31b17 
Importing 'GUID: 00000000000000006100000000000000 - Path: ProjectSettings/GraphicsSettings.asset' with importer (LibraryAssetImporter)
Imported 'GUID: 00000000000000006100000000000000' -> (Import Result ID: '18c2b41c45580de026c1f033f1411c23') in 0.002 seconds [static dependencies only]. Details - ImportResultOutputID=a2dcdb8bc9503711bc0f2e2d72cfd36c DependenciesID=f990363b0f6358f9c3dc5f0540ac8e5d StaticDependenciesID=0816221d4da5a51d7e28325affd8b5d1 
Importing 'GUID: 00000000000000007100000000000000 - Path: ProjectSettings/ClusterInputManager.asset' with importer (LibraryAssetImporter)
Imported 'GUID: 00000000000000007100000000000000' -> (Import Result ID: '8b2639835f617a8cc4a6d5700c2d349c') in 0.002 seconds [static dependencies only]. Details - ImportResultOutputID=588fc89fed83f51a5c1aa7c8db0cdfd8 DependenciesID=d1cf642007960b4b48fd712639d5e706 StaticDependenciesID=8551dfd6d84e41d9986952666a9ba359 
Importing 'GUID: 0000000000000000a100000000000000 - Path: ProjectSettings/UnityConnectSettings.asset' with importer (LibraryAssetImporter)
Imported 'GUID: 0000000000000000a100000000000000' -> (Import Result ID: 'e5986e6752a0e983d6b73ce13ee6ce91') in 0.003 seconds [static dependencies only]. Details - ImportResultOutputID=a2c5944bc70168a38041609ba26dc022 DependenciesID=3b686470474ca5b62b5a7f765efaad33 StaticDependenciesID=01dc104a56f9c880982947df3398b5ec 
Importing 'GUID: 0000000000000000b100000000000000 - Path: ProjectSettings/PresetManager.asset' with importer (LibraryAssetImporter)
Imported 'GUID: 0000000000000000b100000000000000' -> (Import Result ID: 'a96645bc3dfaaa3fd6624b6af3cbf7ad') in 0.002 seconds [static dependencies only]. Details - ImportResultOutputID=6bbf2909d22cca2bf12a4801b098b013 DependenciesID=21947c2b285f338af91358dbec501674 StaticDependenciesID=3deada782f54d913ad057dcb2a298072 
Importing 'GUID: 0000000000000000c100000000000000 - Path: ProjectSettings/VFXManager.asset' with importer (LibraryAssetImporter)
Imported 'GUID: 0000000000000000c100000000000000' -> (Import Result ID: '686ca73748711655dc670c35ced73031') in 0.002 seconds [static dependencies only]. Details - ImportResultOutputID=f89698b22875eebc454842245beb374c DependenciesID=ef72f8648bcc00ba4c57fd0fc6e1e085 StaticDependenciesID=e7474d0eca89d8cec07dde7a92f20cfe 
Importing 'GUID: 0000000000000000d100000000000000 - Path: ProjectSettings/VersionControlSettings.asset' with importer (LibraryAssetImporter)
Imported 'GUID: 0000000000000000d100000000000000' -> (Import Result ID: '3e83132be3119f6d54f790f3f2e69c30') in 0.002 seconds [static dependencies only]. Details - ImportResultOutputID=fe7ea0ac71117227a6d09fba509747a9 DependenciesID=7d2bdc5d73a279af664e1fab02935448 StaticDependenciesID=84a73b2c199e7b6cd4d5a5a807690cd5 
Importing 'GUID: 0000000000000000f100000000000000 - Path: ProjectSettings/MemorySettings.asset' with importer (LibraryAssetImporter)
Imported 'GUID: 0000000000000000f100000000000000' -> (Import Result ID: 'd65cee58c901a7814f5274a2e3cf7773') in 0.004 seconds [static dependencies only]. Details - ImportResultOutputID=bc4e563a9c6fd2d5b4495e4db9c0cc0a DependenciesID=7b6b40e7f0ec85f4710f6a6ec377e275 StaticDependenciesID=c0f19c85db43eb80e09acb752f53c681 
Importing 'GUID: 00000000000000000200000000000000 - Path: ProjectSettings/MultiplayerManager.asset' with importer (LibraryAssetImporter)
Imported 'GUID: 00000000000000000200000000000000' -> (Import Result ID: '333e9487201c67eebf53d6bf32ba5cdd') in 0.003 seconds [static dependencies only]. Details - ImportResultOutputID=0f99ec37a18b74b8746d5bfd6ca7ca98 DependenciesID=f4ea9893daa7c737bf136b994f0d93e3 StaticDependenciesID=62f4092d43bb367de83e94b1107c958a 
Importing 'GUID: 00000000000000001200000000000000 - Path: ProjectSettings/PhysicsCoreProjectSettings2D.asset' with importer (LibraryAssetImporter)
Imported 'GUID: 00000000000000001200000000000000' -> (Import Result ID: '990209b38044adfcfcf62e5b91ce1492') in 0.003 seconds [static dependencies only]. Details - ImportResultOutputID=fdcbf67861d1bc63eeeff8a918d0a8f1 DependenciesID=36b714542e13086a81b86f10149adff5 StaticDependenciesID=60cad0a1014b5338d21435bab7167415 
Importing 'GUID: 00000000000000002300000000000000 - Path: Library/BuildInstructions' with importer (DefaultImporter)
Imported 'GUID: 00000000000000002300000000000000' -> (Import Result ID: 'a80670de179e9c16064fd8e990e76876') in 0.002 seconds [static dependencies only]. Details - ImportResultOutputID=f125fbf11ce4ab979114dbed2f4fa98b DependenciesID=767c01dfc0924be3719004476dc4df22 StaticDependenciesID=e445e0bffc1e4a1d2bd6a79525da9468 
Importing 'GUID: c060426bfd6e82575228df6656368eaa - Path: Packages/com.unity.modules.imgui' with importer (DefaultImporter)
Imported 'GUID: c060426bfd6e82575228df6656368eaa' -> (Import Result ID: '682d49718337f9e8ad0c1953342b952a') in 0.002 seconds [static dependencies only]. Details - ImportResultOutputID=f5fc001a1ad129788ee2159d776db60d DependenciesID=6764ce33a9e0cede05d0ddf1e96d75b9 StaticDependenciesID=2e56775f807a7b7fbf419a5f33245a15 
Importing 'GUID: 1158e311a3101950348dcecb1bebc42d - Path: Packages/com.unity.modules.animation' with importer (DefaultImporter)
Imported 'GUID: 1158e311a3101950348dcecb1bebc42d' -> (Import Result ID: '1cb0286f7bb4c7d360b6caf15ede32b0') in 0.002 seconds [static dependencies only]. Details - ImportResultOutputID=97d562cce453a32c309d667bce4112d1 DependenciesID=52f4022a640f0eac7e51a897036d8e8d StaticDependenciesID=e943035d232a48aff280a6118f5ffaef 
Importing 'GUID: 04c6898809c37620ac863cc2a5d7c4d0 - Path: Packages/com.unity.modules.vectorgraphics' with importer (DefaultImporter)
Imported 'GUID: 04c6898809c37620ac863cc2a5d7c4d0' -> (Import Result ID: 'd21bec1616e53d255574d9cd0201e3f9') in 0.003 seconds [static dependencies only]. Details - ImportResultOutputID=98c0b597d8afa397b819beb7a43f5fac DependenciesID=6667ea3006c4561dd0dfaf5412302ccf StaticDependenciesID=88905f6b6cdccd2cb95e2927cc1a3df1 
Importing 'GUID: 5469ef0820152a4ae45d400fdc4626e4 - Path: Packages/com.unity.modules.screencapture' with importer (DefaultImporter)
Imported 'GUID: 5469ef0820152a4ae45d400fdc4626e4' -> (Import Result ID: 'e0014a8d499b436e2e372ff968958bc9') in 0.002 seconds [static dependencies only]. Details - ImportResultOutputID=93e2e0095437a3f0b6c6f329c875f5e8 DependenciesID=836be4a1c8e0478ac67837d8b35ecfc4 StaticDependenciesID=9fea1899b8e13368a8f75cb958effa91 
Importing 'GUID: 25151ed74dce0c18857ead186416ac0c - Path: Packages/com.unity.modules.tetgen' with importer (DefaultImporter)
Imported 'GUID: 25151ed74dce0c18857ead186416ac0c' -> (Import Result ID: 'ad3d3ff065b099f3d3d989c01a95b76e') in 0.002 seconds [static dependencies only]. Details - ImportResultOutputID=7135452d37129296f8f5f522edc0cf0e DependenciesID=e34149d0dd79a755583c28b3d97cab01 StaticDependenciesID=fca226df487fba45a034e6c70bc853ff 
Importing 'GUID: 850c54ee0b9e1aa740b1c67792eb1f26 - Path: Packages/com.unity.modules.imageconversion' with importer (DefaultImporter)
Imported 'GUID: 850c54ee0b9e1aa740b1c67792eb1f26' -> (Import Result ID: 'af90ed7476409e3905a496d14f73b0b3') in 0.002 seconds [static dependencies only]. Details - ImportResultOutputID=25e734cd17db43fca0a5646b579b21a1 DependenciesID=90c0129b19f84391f2419c00975c86bf StaticDependenciesID=b48e8f51d07b36dd8eb41f52bf2ba024 
Importing 'GUID: c522a644a29fcab2eaf63298c118a65b - Path: Packages/com.unity.modules.unitywebrequest' with importer (DefaultImporter)
Imported 'GUID: c522a644a29fcab2eaf63298c118a65b' -> (Import Result ID: '35a749b2771ad0b4b5b34b5d03bd8927') in 0.002 seconds [static dependencies only]. Details - ImportResultOutputID=42d17fa5e199085b5ebf5fe43fc0c3d6 DependenciesID=ce37d507f238dcd94a9d3e589600c542 StaticDependenciesID=7efec60060c890ac0bae1bf9ffddf104 
Importing 'GUID: 36bda263a33888740b32ba68204fe81c - Path: Assets/CozyCafe' with importer (DefaultImporter)
Imported 'GUID: 36bda263a33888740b32ba68204fe81c' -> (Import Result ID: '10d5870318ca117fb9f8a09381c08930') in 0.003 seconds [static dependencies only]. Details - ImportResultOutputID=56f9980dd496366f4ba4ee2fe99daa4d DependenciesID=4ceed0f6542cef305efa966ddb1603e7 StaticDependenciesID=a9fa202ee77e3f5c1459836a229d9169 
Importing 'GUID: 56b94a5b6990c879bb0f057719d1064b - Path: Packages/com.unity.modules.subsystems' with importer (DefaultImporter)
Imported 'GUID: 56b94a5b6990c879bb0f057719d1064b' -> (Import Result ID: '1e1cac68e3dc83406039b3e43f583f41') in 0.003 seconds [static dependencies only]. Details - ImportResultOutputID=591e9811461758a92a9a5eebd6cecb29 DependenciesID=5d1820edfdde2b2d4fabcc25ffb06c61 StaticDependenciesID=8646805af60443a28f57ca14888394d2 
Importing 'GUID: d6db7caf2e852b75ebb9c6098418179c - Path: Packages/com.unity.modules.physics' with importer (DefaultImporter)
Imported 'GUID: d6db7caf2e852b75ebb9c6098418179c' -> (Import Result ID: '9421eab3ec98d72e486581695fe386a6') in 0.002 seconds [static dependencies only]. Details - ImportResultOutputID=d99447c570abb9a9d540ac85d945527e DependenciesID=1576c1ebbc2e43cb8cd783a66da88e02 StaticDependenciesID=439d4caa592175ac26fb77639f400716 
Importing 'GUID: 376c84ea405e0f2b80562c23bb977216 - Path: Packages/com.unity.modules.physics2d' with importer (DefaultImporter)
Imported 'GUID: 376c84ea405e0f2b80562c23bb977216' -> (Import Result ID: '46fcc1a3300c8fe45a973eefc3817c4d') in 0.001 seconds [static dependencies only]. Details - ImportResultOutputID=76abd9b5f9d9723c46af1bb476315b64 DependenciesID=c7cdb6995e1fd6f8bb262dc47a15263a StaticDependenciesID=9eb03461e036054c251ca5627068ed0b 
Importing 'GUID: 2808ba6bccb2478ec9c7209d8bf1f3cc - Path: Packages/com.unity.modules.uielements' with importer (DefaultImporter)
Imported 'GUID: 2808ba6bccb2478ec9c7209d8bf1f3cc' -> (Import Result ID: '153312f574ed1d0674a499dcf69f6e2e') in 0.001 seconds [static dependencies only]. Details - ImportResultOutputID=12cb061fd9999a181bc535c6b37ba619 DependenciesID=3775b7c3743238b3a9049dc6ee9ac479 StaticDependenciesID=c9f81fd34bb8d67e782b0e178c6451fc 
Importing 'GUID: 09e28640d754a611467eebfb261ed749 - Path: Packages/com.unity.modules.tilemap' with importer (DefaultImporter)
Imported 'GUID: 09e28640d754a611467eebfb261ed749' -> (Import Result ID: '91f01c3ec1303f55e7d4d2c1a39ad2ff') in 0.001 seconds [static dependencies only]. Details - ImportResultOutputID=1afeb32cfcaea483a8ff5041a15448c3 DependenciesID=2d2742a7c503aead8d80bb8a9db947f7 StaticDependenciesID=021b3676001985a689c476087d878f4b 
Importing 'GUID: 39728903e57c60021f80449a8bbc0096 - Path: Packages/com.unity.modules.ui' with importer (DefaultImporter)
Imported 'GUID: 39728903e57c60021f80449a8bbc0096' -> (Import Result ID: 'e4a206413ae403e264c1310773f95923') in 0.001 seconds [static dependencies only]. Details - ImportResultOutputID=b3a99ae549e12123977db11a77fa6dc8 DependenciesID=29c98a9193e31f636bb291b540413632 StaticDependenciesID=64b148cd46a70c82ade3f7e7b5c1a3d8 
Importing 'GUID: b975297a992381c1f3257d0e96892c8a - Path: Packages/com.unity.modules.adaptiveperformance' with importer (DefaultImporter)
Imported 'GUID: b975297a992381c1f3257d0e96892c8a' -> (Import Result ID: '5dd5375c68fa3e6abf2dd2eab8f3129b') in 0.001 seconds [static dependencies only]. Details - ImportResultOutputID=0cd6330dcea8a5bd6d28730f133919ed DependenciesID=0ff1fb351239dca6cd6b0fbaafdc6d08 StaticDependenciesID=992c185302a1e43be8290147a49a88b4 
Importing 'GUID: cae78bb88f8c8675e30d16908805e79d - Path: Packages/com.unity.modules.timelinefoundation' with importer (DefaultImporter)
Imported 'GUID: cae78bb88f8c8675e30d16908805e79d' -> (Import Result ID: 'ea0e075dc8747fa2dad92aa60a98d1eb') in 0.002 seconds [static dependencies only]. Details - ImportResultOutputID=35905693e3216167cee053e3e1b8184e DependenciesID=8f823fd19bdbf3d450ef6f4a3159c9b1 StaticDependenciesID=b16c0b43e2d1595a5fdf54aaaf0e3f3e 
Importing 'GUID: 6b81377a4453ba7362eb3322f9bcc6c6 - Path: Packages/com.unity.modules.hierarchycore' with importer (DefaultImporter)
Imported 'GUID: 6b81377a4453ba7362eb3322f9bcc6c6' -> (Import Result ID: '8053c8d7db29af5fb0397e31dc86d875') in 0.003 seconds [static dependencies only]. Details - ImportResultOutputID=b0f4c945e5b6d2aa74b5842b405198e4 DependenciesID=c32b8cafebbc9f2d375525771f4ac028 StaticDependenciesID=49f6e71f33c0322e78878928ccd547ff 
Importing 'GUID: 6be5d784ae385235591529ca718784cd - Path: Packages/com.unity.ugui' with importer (DefaultImporter)
Imported 'GUID: 6be5d784ae385235591529ca718784cd' -> (Import Result ID: '5abc30fa5e2bef908f0ff8e66bd8efd6') in 0.002 seconds [static dependencies only]. Details - ImportResultOutputID=9ad723adcd5a05a791acf721d8286dce DependenciesID=c1927ec331490c142b58ce7488f55f27 StaticDependenciesID=98b78012b35654a9c340654beda08ab9 
Importing 'GUID: fc3a810351931f5e6183e16b9beb5563 - Path: Packages/com.unity.modules.jsonserialize' with importer (DefaultImporter)
Imported 'GUID: fc3a810351931f5e6183e16b9beb5563' -> (Import Result ID: '4c717e052ed35040b01181b8aeeabdce') in 0.002 seconds [static dependencies only]. Details - ImportResultOutputID=3becf28e3d8c6fcaad27baf9eff49eb7 DependenciesID=848cd90e9b19286877089217404f8606 StaticDependenciesID=36176ea3334c5c247398aca84b71bb81 
Importing 'GUID: 2d6ba5cbe47e6ad3c87474c56174d4e0 - Path: Packages/com.unity.modules.audio' with importer (DefaultImporter)
Imported 'GUID: 2d6ba5cbe47e6ad3c87474c56174d4e0' -> (Import Result ID: 'b5aa5d11b09542a046a40d1b9836ff98') in 0.002 seconds [static dependencies only]. Details - ImportResultOutputID=e6811b686232d75db22bc2980b93bbaf DependenciesID=6751c7af021b92ac82702bc31f5cbdd7 StaticDependenciesID=c2d0f4358e023c44cf92941866870ca5 
Importing 'GUID: 5e22a8d6e557a1b3cae09054b0b5f9d8 - Path: Packages/com.unity.modules.physicscore2d' with importer (DefaultImporter)
Imported 'GUID: 5e22a8d6e557a1b3cae09054b0b5f9d8' -> (Import Result ID: '07edaf449a0a9b117acb9569ab2afb59') in 0.002 seconds [static dependencies only]. Details - ImportResultOutputID=e63105581d85229110be56a07ce9b194 DependenciesID=e74a20b9f862d58818230d53b786679c StaticDependenciesID=1a6acdd98d030a9eaa3796880b97de04 
Importing 'GUID: d1a0a27327b54c3bac52a08929c33f81 - Path: Packages/com.unity.ugui/Editor Resources' with importer (DefaultImporter)
Imported 'GUID: d1a0a27327b54c3bac52a08929c33f81' -> (Import Result ID: 'ec55dcc419ded51d28ae0a99aa205c97') in 0.004 seconds [static dependencies only]. Details - ImportResultOutputID=f1f0263b99f7113da7a3d99551a16ff8 DependenciesID=fe53430d6bdc0951dc480a83062293b6 StaticDependenciesID=a4836ef5fff7300b94aab4372d89c5fd 
Importing 'GUID: d4625d235a654164dafab5f8b6f5b2c5 - Path: Assets/CozyCafe/Unity' with importer (DefaultImporter)
Imported 'GUID: d4625d235a654164dafab5f8b6f5b2c5' -> (Import Result ID: '164b3e9ce7a588b91dd3adfbc22472cc') in 0.003 seconds [static dependencies only]. Details - ImportResultOutputID=767b7b67f3e6c763a9c57fc4581bd00a DependenciesID=a11c58c9357f5b1f38b4c7af1fd94072 StaticDependenciesID=d9d504bcd280b76961f63380e3232b06 
Importing 'GUID: d850db319a63d2546932ff76fe55a498 - Path: Packages/com.unity.ugui/Tests' with importer (DefaultImporter)
Imported 'GUID: d850db319a63d2546932ff76fe55a498' -> (Import Result ID: 'f7b29b916ad8dacf79347779596592af') in 0.003 seconds [static dependencies only]. Details - ImportResultOutputID=afe8a3e3be711a616ae011e8dc80e85e DependenciesID=02e2302c72c0af43f6504cc6cee9b334 StaticDependenciesID=342d01c1c59c1481d269928e2d1f3ee4 
Importing 'GUID: aa14b70e6a58c5b4fa6663623e3dca91 - Path: Packages/com.unity.ugui/Runtime' with importer (DefaultImporter)
Imported 'GUID: aa14b70e6a58c5b4fa6663623e3dca91' -> (Import Result ID: '991e686a4c86372c8a2aae8638ea4208') in 0.003 seconds [static dependencies only]. Details - ImportResultOutputID=b4a8e4947743ed325c523ab5353898eb DependenciesID=26cbaacde89f82161dd9cefad7f02579 StaticDependenciesID=61249acfaefe73eb858339717067ee99 
Importing 'GUID: 1cba5d1976411a04bb2ed24a2dc8953b - Path: Assets/CozyCafe/Core' with importer (DefaultImporter)
Imported 'GUID: 1cba5d1976411a04bb2ed24a2dc8953b' -> (Import Result ID: '0e3b5e8aedea973d8c17090990caf9ac') in 0.004 seconds [static dependencies only]. Details - ImportResultOutputID=68457dfd158eec3c989b7f2ca350cda6 DependenciesID=5226efaab3a1b35ff6fe9e43edcf2411 StaticDependenciesID=ad8265b039019d491a8f651078e409b1 
Importing 'GUID: 5ec95f4d5b2d1f14e9ff8682562553f9 - Path: Packages/com.unity.ugui/Package Resources' with importer (DefaultImporter)
Imported 'GUID: 5ec95f4d5b2d1f14e9ff8682562553f9' -> (Import Result ID: '88662b6b3983d8bf7037f6bd62766dc2') in 0.004 seconds [static dependencies only]. Details - ImportResultOutputID=11c256cab0caecb35df8271557cec644 DependenciesID=6e644dc4c3fdef9b6716bdc789ba1f32 StaticDependenciesID=699112060df6ad49f8b22de2e09685cd 
Importing 'GUID: bee384ad5b4d1a843a018082e7db53cd - Path: Packages/com.unity.ugui/Editor' with importer (DefaultImporter)
Imported 'GUID: bee384ad5b4d1a843a018082e7db53cd' -> (Import Result ID: 'a845868bf9acf2749f852d4314b74912') in 0.004 seconds [static dependencies only]. Details - ImportResultOutputID=a0fd560b98a41f82a474a4017d1b5719 DependenciesID=6e786a153a6ad753d721be32b5b9071c StaticDependenciesID=79c334d152f5471a8b04745b673dd376 
Importing 'GUID: 4f875fe181de82744930cf1f2f617856 - Path: Assets/CozyCafe/Editor' with importer (DefaultImporter)
Imported 'GUID: 4f875fe181de82744930cf1f2f617856' -> (Import Result ID: 'a0d02f7fa5534deeb5e204cdf880c43d') in 0.003 seconds [static dependencies only]. Details - ImportResultOutputID=9b4cf852f8f7f1cde7d8fbdde9f1bfa2 DependenciesID=23ba0930dfe31e25e148d98c33bf88b3 StaticDependenciesID=998771c6fe600a1d2e718e5d641b7143 
Importing 'GUID: 10d1425d9e87841d9a9deafe9e93a6f2 - Path: Packages/com.unity.ugui/Editor/TMP' with importer (DefaultImporter)
Imported 'GUID: 10d1425d9e87841d9a9deafe9e93a6f2' -> (Import Result ID: '27e9a06f425c7da588f5cf9fc23b5a9c') in 0.003 seconds [static dependencies only]. Details - ImportResultOutputID=2731610303d1e923ce3d8a98b0b79e45 DependenciesID=c4d2c26a21c1ef1bac5f717852eebc72 StaticDependenciesID=6ffccc06619ac6ae06fea1f09c096194 
Importing 'GUID: 9035b388753314f4d850e9dadd755fd4 - Path: Assets/CozyCafe/Core/Render' with importer (DefaultImporter)
Imported 'GUID: 9035b388753314f4d850e9dadd755fd4' -> (Import Result ID: 'd8f451c42c29fd22e91365af6413451c') in 0.004 seconds [static dependencies only]. Details - ImportResultOutputID=62295995018f66e8d86434d8cf5fe7f4 DependenciesID=5cc90161f4f9644abd45de7a2455569d StaticDependenciesID=91f21be4419145fc10e711a558eebf91 
Importing 'GUID: 619aadd8f276341ca84d7ad5a9c6db21 - Path: Packages/com.unity.ugui/Runtime/TMP' with importer (DefaultImporter)
Imported 'GUID: 619aadd8f276341ca84d7ad5a9c6db21' -> (Import Result ID: '7a7fa9cacfef57b8d9a51d43a588b6a1') in 0.003 seconds [static dependencies only]. Details - ImportResultOutputID=dd676c53e7bbae2a614be5f81a3feeb6 DependenciesID=f0e56af0f635fd2ed7695f7a0e0097d8 StaticDependenciesID=23902ad2a6056154a8a28f2f0063d7d4 
Importing 'GUID: 834ad1cc58cd4037b9b4bd8ca4a946c1 - Path: Assets/CozyCafe/Core/Layout' with importer (DefaultImporter)
Imported 'GUID: 834ad1cc58cd4037b9b4bd8ca4a946c1' -> (Import Result ID: '70f57d574f32c897e1471e7f7d95a916') in 0.003 seconds [static dependencies only]. Details - ImportResultOutputID=cd27224da594ece4ae6b5ece08dc9fe9 DependenciesID=80be7d611be4195fbae6d86d9de995ef StaticDependenciesID=bda087848ced3905e61c7c9229117df9 
Importing 'GUID: 936bea4b2545c4a4fad2e623b0f6371f - Path: Packages/com.unity.ugui/Tests/Editor' with importer (DefaultImporter)
Imported 'GUID: 936bea4b2545c4a4fad2e623b0f6371f' -> (Import Result ID: '486491fcb0ba74336d1bf76fcc02b685') in 0.002 seconds [static dependencies only]. Details - ImportResultOutputID=5e2f9f05513aba926879e97ca8e205cd DependenciesID=8f99883bce6b6fd0ffe65519cc1bb154 StaticDependenciesID=a42b50904223cea4eaa7035b6f2aaf65 
Importing 'GUID: c4d0c21eece041898dc892d5ce7355c4 - Path: Assets/CozyCafe/Core/Integration' with importer (DefaultImporter)
Imported 'GUID: c4d0c21eece041898dc892d5ce7355c4' -> (Import Result ID: '17928a758a5e4497634eeb12a31dd16f') in 0.002 seconds [static dependencies only]. Details - ImportResultOutputID=22c4f646705a4c38c29ca8c838e1e6b9 DependenciesID=55c1ab7fe667851a87fe8140f8c53ca6 StaticDependenciesID=78d0a118e6b10333d6f410894603da2c 
Importing 'GUID: c545241cf2e56ec4997d7677f01ef43d - Path: Packages/com.unity.ugui/Tests/Runtime' with importer (DefaultImporter)
Imported 'GUID: c545241cf2e56ec4997d7677f01ef43d' -> (Import Result ID: '6a889a8ebadd1d1bf8f5d6b1b524c512') in 0.002 seconds [static dependencies only]. Details - ImportResultOutputID=b49dc4bddfefa834d76a8f1255a3c59e DependenciesID=9d5b0ed881b9bacb25cd05e7a471479b StaticDependenciesID=30dfe8bd27135fa7f5878ecdcbfb3237 
Importing 'GUID: c52726d811a9f66459355df6b0c3977b - Path: Packages/com.unity.ugui/Editor/Analytics' with importer (DefaultImporter)
Imported 'GUID: c52726d811a9f66459355df6b0c3977b' -> (Import Result ID: '19310e2e377ef8d11d75bfef3780e200') in 0.002 seconds [static dependencies only]. Details - ImportResultOutputID=ca7654a605c7595a3cdce6fde48bc1a5 DependenciesID=d872071f5c6951352ab64c363957029d StaticDependenciesID=f462490dc6592ce0a35842bd4ce49f35 
Importing 'GUID: 278b6073a5bdd4362acd72ca43ff9e0d - Path: Packages/com.unity.ugui/Editor/UGUI' with importer (DefaultImporter)
Imported 'GUID: 278b6073a5bdd4362acd72ca43ff9e0d' -> (Import Result ID: '78a4e600c7d8999258a7661c55f414b6') in 0.002 seconds [static dependencies only]. Details - ImportResultOutputID=0c0b7f407af1c8ddce990e89762eb9d5 DependenciesID=e200aedbe10f6fb017044d65590e6795 StaticDependenciesID=73f68cd242529858ce463dd414355b54 
Importing 'GUID: 8718f04fa85c422db808853b40cd7791 - Path: Assets/CozyCafe/Core/Research' with importer (DefaultImporter)
Imported 'GUID: 8718f04fa85c422db808853b40cd7791' -> (Import Result ID: '204c161080d89edf7c0ad2ee09160868') in 0.002 seconds [static dependencies only]. Details - ImportResultOutputID=fd74563e300750e4114ebbe867522717 DependenciesID=ba1516cb7a9ba4b2625f8cfbede978fa StaticDependenciesID=b672423ecd276a1dcfaa2582da971cce 
Importing 'GUID: 18339667ea9c47a4c9524b08a1ca5cc9 - Path: Assets/CozyCafe/Core/Scene' with importer (DefaultImporter)
Imported 'GUID: 18339667ea9c47a4c9524b08a1ca5cc9' -> (Import Result ID: 'fcadd463c927d75b6bbadb5dec3e18cb') in 0.002 seconds [static dependencies only]. Details - ImportResultOutputID=0111316f0690989b1229a586443e426f DependenciesID=458bef0c27a1796d9296700b036fe9bc StaticDependenciesID=28843efd3d7579388153b0f50ec9c599 
Importing 'GUID: 1817d28a5343b4ec19b4ec7903730e2c - Path: Packages/com.unity.ugui/Runtime/UGUI' with importer (DefaultImporter)
Imported 'GUID: 1817d28a5343b4ec19b4ec7903730e2c' -> (Import Result ID: 'cc764e91961d19610fd58928ffc4de2f') in 0.002 seconds [static dependencies only]. Details - ImportResultOutputID=2242d9e8581fb186ee13246710700a0e DependenciesID=e6e212427c798649af377cde95efcd0d StaticDependenciesID=362d97d531b0dfffeddfb1760220dccc 
Importing 'GUID: 78b4d2f4b6bdd7a4fa8a979bc540c0b0 - Path: Assets/CozyCafe/Core/Iso' with importer (DefaultImporter)
Imported 'GUID: 78b4d2f4b6bdd7a4fa8a979bc540c0b0' -> (Import Result ID: '81f0f76ba8311400929b788e00459b67') in 0.002 seconds [static dependencies only]. Details - ImportResultOutputID=815357460e71352a0e4b56c01603965b DependenciesID=76d5046714c6fd0b94a1693f22bf51da StaticDependenciesID=aac14d2d383af7d6a3313b39af8b822a 
Importing 'GUID: f8e6a2d47aba4c6c9b3c5a72d9f48da5 - Path: Packages/com.unity.ugui/Editor Resources/Textures' with importer (DefaultImporter)
Imported 'GUID: f8e6a2d47aba4c6c9b3c5a72d9f48da5' -> (Import Result ID: '1875a6474b71f6012836d4d48ade4fcc') in 0.002 seconds [static dependencies only]. Details - ImportResultOutputID=f88c4563ff7662206400513842bd9f9d DependenciesID=58043838a058422eff9e3a6134f60200 StaticDependenciesID=7acc30137901a4bcc76947650281f9a0 
Importing 'GUID: e93ec7eb6de342aabd156833e253f838 - Path: Packages/com.unity.ugui/Editor Resources/Gizmos' with importer (DefaultImporter)
Imported 'GUID: e93ec7eb6de342aabd156833e253f838' -> (Import Result ID: 'fc4ec806e0f074d4f620a56c0919b3c0') in 0.002 seconds [static dependencies only]. Details - ImportResultOutputID=ae5f0ef54f94d1b6c546fb129c32be52 DependenciesID=6c236f7df37341637028eabfc03a5200 StaticDependenciesID=7c79b5bb8120bed1160335beb17c6781 
Importing 'GUID: f96703e5cd7060949a9c8d3eaea83682 - Path: Assets/CozyCafe/Core/Art' with importer (DefaultImporter)
Imported 'GUID: f96703e5cd7060949a9c8d3eaea83682' -> (Import Result ID: '451d2d748565c8c6e55ceea85e0ea1dc') in 0.002 seconds [static dependencies only]. Details - ImportResultOutputID=19f1a4f7dae68f0a2499b291f515abf2 DependenciesID=e55f39dbfd3610a0ce6c47bbeb1a490b StaticDependenciesID=2a1bb4f3de0e71a8b5efdc4f5dc5986a 
Importing 'GUID: bab3a29ab4f214742a44add41efffb7d - Path: Packages/com.unity.ugui/Runtime/InternalBridge' with importer (DefaultImporter)
Imported 'GUID: bab3a29ab4f214742a44add41efffb7d' -> (Import Result ID: '1e01c0f04ea29a3de8af7e1630137b0d') in 0.002 seconds [static dependencies only]. Details - ImportResultOutputID=82f819036902970c4bf2dacc5a54981e DependenciesID=bce7273942bc608bee79a3d298b9025c StaticDependenciesID=7e8ec80b443fad6f8eaf557de28f50ea 
Importing 'GUID: ea133e7d7f106aa45a55e419cf56f2d7 - Path: Assets/CozyCafe/Core/Gauntlet' with importer (DefaultImporter)
Imported 'GUID: ea133e7d7f106aa45a55e419cf56f2d7' -> (Import Result ID: '126f2194b1fd2660f74ad326d26dcbb7') in 0.002 seconds [static dependencies only]. Details - ImportResultOutputID=bc349b65211134fe8f8b48065806ddaa DependenciesID=777ee8df04b961d0fb67db813a2d994a StaticDependenciesID=6b5cb4b0b4692945f72450abd85accc8 
Importing 'GUID: 1b364396d0704b8e80c2c16124a9fc3a - Path: Assets/CozyCafe/Core/Tools' with importer (DefaultImporter)
Imported 'GUID: 1b364396d0704b8e80c2c16124a9fc3a' -> (Import Result ID: '08664a0294377895146f7e7a6ff48924') in 0.002 seconds [static dependencies only]. Details - ImportResultOutputID=46b16c89520b778977b3b0e7790b2a64 DependenciesID=bfa49d526b68935b6952306d1c202376 StaticDependenciesID=25b6eec28ce9913063b0925f9c1532ec 
Importing 'GUID: db2fbc20060a42a4a8cdef6f6177eeb3 - Path: Assets/CozyCafe/Core/Modules' with importer (DefaultImporter)
Imported 'GUID: db2fbc20060a42a4a8cdef6f6177eeb3' -> (Import Result ID: '42717a913c6e8045c9193ca22ba330e5') in 0.002 seconds [static dependencies only]. Details - ImportResultOutputID=13a5ebebc7ef0171bc2118bc580f4f4d DependenciesID=b6a3d757395ae001a3f7092fcc8968b8 StaticDependenciesID=95d8d0d034dd1a3528dcd681388778c9 
Importing 'GUID: ac5714804a50496284f458679a925671 - Path: Assets/CozyCafe/Core/Save' with importer (DefaultImporter)
Imported 'GUID: ac5714804a50496284f458679a925671' -> (Import Result ID: 'c7d315d46fa9e959f84cceaabcd44140') in 0.002 seconds [static dependencies only]. Details - ImportResultOutputID=15226fafb69db6166789a89e7ddae928 DependenciesID=e1577fb68b7ea8bbdd146654dba814e9 StaticDependenciesID=5dc6685015d5c7116e5e27d267c29174 
Importing 'GUID: 2da27f5fe80a3a549ac7331d9f52f5f0 - Path: Packages/com.unity.ugui/Editor Resources/Shaders' with importer (DefaultImporter)
Imported 'GUID: 2da27f5fe80a3a549ac7331d9f52f5f0' -> (Import Result ID: '94c81cb9217b6effd0b0ae1ac192a73e') in 0.002 seconds [static dependencies only]. Details - ImportResultOutputID=37a17ead154b74d4f8ead15f52efe66c DependenciesID=7e7183a231840b4a00078c592255dd1e StaticDependenciesID=afbed0dccfb5932643da0f09c951a74a 
Importing 'GUID: 3e8c4b1510574193a1431ed852b71873 - Path: Assets/CozyCafe/Core/Ui' with importer (DefaultImporter)
Imported 'GUID: 3e8c4b1510574193a1431ed852b71873' -> (Import Result ID: 'd3ec19005b94c727e03cd783a65512ea') in 0.002 seconds [static dependencies only]. Details - ImportResultOutputID=847d4fcb369ca2aea58ab597cb7e6649 DependenciesID=72373fcfe1bf0ee150669123a4e4ab5d StaticDependenciesID=3ecff48eef2df073b26090db953ff826 
Importing 'GUID: 8e8b6150eb77470d960f4d1ef7ce210e - Path: Assets/CozyCafe/Core/Economy' with importer (DefaultImporter)
Imported 'GUID: 8e8b6150eb77470d960f4d1ef7ce210e' -> (Import Result ID: '3a6409bd3dff9787bf24c468ccd629b8') in 0.002 seconds [static dependencies only]. Details - ImportResultOutputID=8f4fe0709de056e2bfa7bdfcdf58dd0c DependenciesID=790e3eab6863b0757274b8ca678f7fe8 StaticDependenciesID=2177c247b0f37a7cb53cc5bd5a94544e 
Importing 'GUID: aef75e9942384181a4f016a602016bf2 - Path: Assets/CozyCafe/Core/Ugc' with importer (DefaultImporter)
Imported 'GUID: aef75e9942384181a4f016a602016bf2' -> (Import Result ID: 'cf3cfd98466e59959fa0e7cf544b59b2') in 0.003 seconds [static dependencies only]. Details - ImportResultOutputID=28414557683355f07aaa07da826f3852 DependenciesID=989c6f04c96dea0690ec2230fa1caaa8 StaticDependenciesID=facd846734c8d2d39121fe9f4e10ff87 
Importing 'GUID: 0f6a8ac1b84d4b368a99508c81482007 - Path: Assets/CozyCafe/Core/Staff' with importer (DefaultImporter)
Imported 'GUID: 0f6a8ac1b84d4b368a99508c81482007' -> (Import Result ID: 'cce81f7dc34426cf305df3fc6c2c5759') in 0.003 seconds [static dependencies only]. Details - ImportResultOutputID=8b06e8587280f17cfb4d493599de7748 DependenciesID=1b5a9e1a8e9f92f36940bc1cc00af868 StaticDependenciesID=482e86875a80eac7adb78d5aac314b6a 
Importing 'GUID: 6fa77273708dc104aa8fa7fe56fb6492 - Path: Assets/CozyCafe/Core/Native' with importer (DefaultImporter)
Imported 'GUID: 6fa77273708dc104aa8fa7fe56fb6492' -> (Import Result ID: '3fb97c116758f0170abe2730046dd320') in 0.032 seconds [static dependencies only]. Details - ImportResultOutputID=25f6eb87471750e54d6a67f4f9d259e2 DependenciesID=2ddea0c9244d19b43eba87befbf4b616 StaticDependenciesID=b4af3155e9009536f0b1b47e870a51dd 
Importing 'GUID: bfc74991d9234e11b7484a48f725ed6b - Path: Assets/CozyCafe/Core/Character' with importer (DefaultImporter)
Imported 'GUID: bfc74991d9234e11b7484a48f725ed6b' -> (Import Result ID: '07eb4b481938ac3b4777b7badf9584ee') in 0.002 seconds [static dependencies only]. Details - ImportResultOutputID=e204e3c1b55f5e0658db8abc75473cfc DependenciesID=29f03cd14d524e9970ba42680e30a4c7 StaticDependenciesID=9a114e75863bbbd1d32bd289aa11e184 
Importing 'GUID: 914613548ded44a43a59eb9852503f18 - Path: Packages/com.unity.ugui/Tests/Runtime/TMP' with importer (DefaultImporter)
Imported 'GUID: 914613548ded44a43a59eb9852503f18' -> (Import Result ID: 'bde54ce642facce8219f1e37581918f9') in 0.002 seconds [static dependencies only]. Details - ImportResultOutputID=17912888fbb260642c12c578d9419330 DependenciesID=6845671a1a2fc74e9047394ab2503c88 StaticDependenciesID=43db8f13931fd3860f3fe601cd3dcc64 
Importing 'GUID: 32e2186f4598cff489784aae586f2215 - Path: Packages/com.unity.ugui/Runtime/UGUI/Properties' with importer (DefaultImporter)
Imported 'GUID: 32e2186f4598cff489784aae586f2215' -> (Import Result ID: '785b4eced538b7d1b667ee2e9597d313') in 0.003 seconds [static dependencies only]. Details - ImportResultOutputID=810454d304565ea7df8469e782230661 DependenciesID=cb98bb667a88f115ab7601e7914ff6cf StaticDependenciesID=a1abb3c65b9017fac5f1b4a6502b1b67 
Importing 'GUID: 53caebc5909234b4ebe1fcaf3dc913a5 - Path: Packages/com.unity.ugui/Tests/Runtime/UGUI' with importer (DefaultImporter)
Imported 'GUID: 53caebc5909234b4ebe1fcaf3dc913a5' -> (Import Result ID: '54c046a9492f18eb83f86163153e1943') in 0.002 seconds [static dependencies only]. Details - ImportResultOutputID=7c3cbbd41f066d186013bf438cd4f32a DependenciesID=3c8d254de51827b9c3b7f9a17d488c79 StaticDependenciesID=720b1de9c60d57f52a3e48ad915c1b9e 
Importing 'GUID: 742654cad2425334696ba6ed4495cfef - Path: Packages/com.unity.ugui/Runtime/UGUI/UI' with importer (DefaultImporter)
Imported 'GUID: 742654cad2425334696ba6ed4495cfef' -> (Import Result ID: '57e25d84a66306ee7483e2a86e90a5b1') in 0.002 seconds [static dependencies only]. Details - ImportResultOutputID=f55297ef0667c4e984b77c90987bfd9d DependenciesID=f8f027bb6e0605f22cb3fa2317d132a4 StaticDependenciesID=d3754da713ab707aaeaa3ba2351aba6f 
Importing 'GUID: 853edc343b78a7c4c81cbb3851d48c0a - Path: Packages/com.unity.ugui/Editor/UGUI/UI' with importer (DefaultImporter)
Imported 'GUID: 853edc343b78a7c4c81cbb3851d48c0a' -> (Import Result ID: '20a8d64d521f4d09f89187eb4b209cba') in 0.002 seconds [static dependencies only]. Details - ImportResultOutputID=84ca5f75f96d69114bbd62c15da8c046 DependenciesID=4a6d160abfb51c1b7cf1165d4f6ac12f StaticDependenciesID=d804bbb843b17b765a5ca30f9f17c4e9 
Importing 'GUID: f525580684527b147b70cf94aaa70dbc - Path: Packages/com.unity.ugui/Editor/UGUI/EventSystem' with importer (DefaultImporter)
Imported 'GUID: f525580684527b147b70cf94aaa70dbc' -> (Import Result ID: '8627b56743e8632edb6f5c032fd15bf2') in 0.002 seconds [static dependencies only]. Details - ImportResultOutputID=add6993ea7599701cf577e99c4d0f7c6 DependenciesID=2cca847503ce9493a46795925ba34bed StaticDependenciesID=d51fd195e8c16a1b8e334ad3cc08d48c 
Importing 'GUID: 77417b0f4cf6d334f916c64448d24133 - Path: Packages/com.unity.ugui/Editor/Analytics/IAnalytic' with importer (DefaultImporter)
Imported 'GUID: 77417b0f4cf6d334f916c64448d24133' -> (Import Result ID: 'ea8e1288ea40dd3f8110485989045062') in 0.003 seconds [static dependencies only]. Details - ImportResultOutputID=060d8b247920e2c692d1e525995a7476 DependenciesID=d18c4a59d4fe5d2b98ee6c99fbe1a0c6 StaticDependenciesID=89e3244abd31a42e77c204559f2b9502 
Importing 'GUID: ea7c31b5b377c314db28ad3fabbbd38d - Path: Packages/com.unity.ugui/Editor/TMP/PropertyDrawers' with importer (DefaultImporter)
Imported 'GUID: ea7c31b5b377c314db28ad3fabbbd38d' -> (Import Result ID: '1d73406710ec3b5ec0abbbb4442db133') in 0.004 seconds [static dependencies only]. Details - ImportResultOutputID=148273df495a37fdbbbfff423449f9d0 DependenciesID=3232b899f628bfc4a4cdd79145f41f05 StaticDependenciesID=23e4143de022d8be7a51883687722c8d 
Importing 'GUID: fae3ac1997e164d1eba5fa5c417cbefd - Path: Packages/com.unity.ugui/Tests/Editor/UGUI' with importer (DefaultImporter)
Imported 'GUID: fae3ac1997e164d1eba5fa5c417cbefd' -> (Import Result ID: '23c64172a1fcf751ad23eee891c3f37e') in 0.003 seconds [static dependencies only]. Details - ImportResultOutputID=f7713b5d5cf33a8c204b2a2b1a28939a DependenciesID=2c2d18819535a7db81a970984bedec7a StaticDependenciesID=40e233ba846e4b51c6a5b3241291f7ea 
Importing 'GUID: 3ddaad49a7bcb4087b403f2225d54840 - Path: Packages/com.unity.ugui/Tests/Editor/TMP' with importer (DefaultImporter)
Imported 'GUID: 3ddaad49a7bcb4087b403f2225d54840' -> (Import Result ID: '86f998f82984b95d03c06167ff2b4ca5') in 0.003 seconds [static dependencies only]. Details - ImportResultOutputID=09f3672032e2b756467bd1b8888c220c DependenciesID=40ec637a46a47a9c605d0d663c9ec62b StaticDependenciesID=8783cbfd387883268781d3731efb8a7f 
Importing 'GUID: cd9c8fc1c8d64d54ab1e22aae9678d84 - Path: Packages/com.unity.ugui/Tests/Editor/Common' with importer (DefaultImporter)
Imported 'GUID: cd9c8fc1c8d64d54ab1e22aae9678d84' -> (Import Result ID: '20948fb9776fae3c9b467683d942bb49') in 0.003 seconds [static dependencies only]. Details - ImportResultOutputID=0d0e7404c505268944fbca5095487151 DependenciesID=7e74166c67256b50b90aa4ef99711fbe StaticDependenciesID=d78b6ba1d9967af4f20ad4ed719fb7b7 
Importing 'GUID: eecc124dc0b994047aac97ccf8c8ed0a - Path: Packages/com.unity.ugui/Editor/TMP/HDRP' with importer (DefaultImporter)
Imported 'GUID: eecc124dc0b994047aac97ccf8c8ed0a' -> (Import Result ID: '4eaa04270042ae16538281706fa374e2') in 0.003 seconds [static dependencies only]. Details - ImportResultOutputID=14d3a5f20adbc7445c4525f8fcb73ab4 DependenciesID=577c658a00e1ac9494af49baab489961 StaticDependenciesID=fdc3c3b6fc6511db2e1bc4554a5b9e76 
Importing 'GUID: 7f27709c942d91541be1fd6aa5cb3d78 - Path: Packages/com.unity.ugui/Runtime/UGUI/EventSystem' with importer (DefaultImporter)
Imported 'GUID: 7f27709c942d91541be1fd6aa5cb3d78' -> (Import Result ID: '5fa458fd0836459d088658e31ab65d21') in 0.003 seconds [static dependencies only]. Details - ImportResultOutputID=acac830162be810f328023d2d62ddad8 DependenciesID=0027d2c8fa337e4dde0148ef08e460a7 StaticDependenciesID=dc702dab303b1e3c2e4188dd9189fd18 
Importing 'GUID: cf97e54bcd5479a46bdbade48da047cc - Path: Packages/com.unity.ugui/Editor/UGUI/Properties' with importer (DefaultImporter)
Imported 'GUID: cf97e54bcd5479a46bdbade48da047cc' -> (Import Result ID: '1e693794e18852b14ae51e44222a82f5') in 0.003 seconds [static dependencies only]. Details - ImportResultOutputID=5d3f77239bff121229cf5c31b986881a DependenciesID=02e0b64e257f36d84bb922db5b0d8454 StaticDependenciesID=60860d85e63f35f9423f38c19e973902 
Importing 'GUID: 1091bc2ad06e3234aac2b2fa2841c09d - Path: Packages/com.unity.ugui/Tests/Runtime/UGUI/Image' with importer (DefaultImporter)
Imported 'GUID: 1091bc2ad06e3234aac2b2fa2841c09d' -> (Import Result ID: 'ca86c05bd3360ab5d936ff062633359c') in 0.004 seconds [static dependencies only]. Details - ImportResultOutputID=772529048520a7440e4ad37180880f1c DependenciesID=6fe48ce7f7d09a749926244b4a367aa2 StaticDependenciesID=d79be942104491cee4d671fbd627d480 
Importing 'GUID: 305ca32be1aa5504aa182f583895dfe4 - Path: Packages/com.unity.ugui/Tests/Editor/UGUI/RectMask2D' with importer (DefaultImporter)
Imported 'GUID: 305ca32be1aa5504aa182f583895dfe4' -> (Import Result ID: '8f5c0538332136079575ead9209977b6') in 0.006 seconds [static dependencies only]. Details - ImportResultOutputID=d73035c86cc096d7ad810645123c403d DependenciesID=89d21b75232b89ee68543420782c9821 StaticDependenciesID=073cae0e5496d229e1ba9c098d149cb1 
Importing 'GUID: c16c54fe03afb5740bcc0a2a295cb79d - Path: Packages/com.unity.ugui/Tests/Editor/UGUI/InputField' with importer (DefaultImporter)
Imported 'GUID: c16c54fe03afb5740bcc0a2a295cb79d' -> (Import Result ID: 'e39889565896ffef157df0d6adc3dfd7') in 0.003 seconds [static dependencies only]. Details - ImportResultOutputID=2e87704a5e94d7751c53551396781cdf DependenciesID=3c6260de6bc2ce90dc7f7324674ecd4d StaticDependenciesID=c92b86f3cb84d04ad526f6a26d768bcc 
Importing 'GUID: 12c42068351bb084abde965d725b9887 - Path: Packages/com.unity.ugui/Runtime/UGUI/UI/Core' with importer (DefaultImporter)
Imported 'GUID: 12c42068351bb084abde965d725b9887' -> (Import Result ID: '92822374587055c9470dee411fdd3e39') in 0.002 seconds [static dependencies only]. Details - ImportResultOutputID=50100107e26413729ea0e64b9dd732a9 DependenciesID=9999f1385018a08756297382b543bd1e StaticDependenciesID=b481be13bc84068e451f858521153e1c 
Importing 'GUID: e210c8bf2e9c6514d90a1bd77586af1f - Path: Packages/com.unity.ugui/Tests/Runtime/UGUI/Toggle' with importer (DefaultImporter)
Imported 'GUID: e210c8bf2e9c6514d90a1bd77586af1f' -> (Import Result ID: 'd0cbb6b0e7e51639dd09e3f6f28003b5') in 0.002 seconds [static dependencies only]. Details - ImportResultOutputID=f9f478d966208acda369517e237f1a8b DependenciesID=e7b9973d5b0813ff4df38c7efc009139 StaticDependenciesID=bb261c516012507ddf17a83c82b571e6 
Importing 'GUID: 239dd6edc8e5cd14585c03e09e86a747 - Path: Packages/com.unity.ugui/Tests/Runtime/UGUI/Button' with importer (DefaultImporter)
Imported 'GUID: 239dd6edc8e5cd14585c03e09e86a747' -> (Import Result ID: '2feb40cbff3fd7078fcd86b6a8e3c618') in 0.002 seconds [static dependencies only]. Details - ImportResultOutputID=e3c9f1acd4dc825265c979f9da230f6a DependenciesID=9e41ebd42669266f475263224ffe1902 StaticDependenciesID=4465d33724e97338b49e057daff06bc2 
Importing 'GUID: 43b1467da3d29ae4597a733828cdd84a - Path: Packages/com.unity.ugui/Tests/Runtime/UGUI/ScrollBar' with importer (DefaultImporter)
Imported 'GUID: 43b1467da3d29ae4597a733828cdd84a' -> (Import Result ID: '94776161eaa9d8cdc20ad1146055e509') in 0.003 seconds [static dependencies only]. Details - ImportResultOutputID=e182f296e19bb90282900452b159ae44 DependenciesID=01c10a7e78726cf17f951744664182f1 StaticDependenciesID=48ba65521b208bc3d4201a8c3a02bd54 
Importing 'GUID: 8313ea704470a264295ec9e09aec6ebc - Path: Packages/com.unity.ugui/Tests/Runtime/UGUI/Graphic' with importer (DefaultImporter)
Imported 'GUID: 8313ea704470a264295ec9e09aec6ebc' -> (Import Result ID: '935f40a83ee0a7cc0c2c0bb5aa352e3e') in 0.003 seconds [static dependencies only]. Details - ImportResultOutputID=b2d40ba865db2bc96b98695d8c711298 DependenciesID=b5e7bed34d92fc1fa4a6ce9c843d13e4 StaticDependenciesID=a963257744c8e9fa25d72d40da4eacaf 
Importing 'GUID: b3cdabf2f1e76854d8aab5930305d70d - Path: Packages/com.unity.ugui/Runtime/UGUI/EventSystem/EventData' with importer (DefaultImporter)
Imported 'GUID: b3cdabf2f1e76854d8aab5930305d70d' -> (Import Result ID: '908888980f12c637b077f782924aaaff') in 0.002 seconds [static dependencies only]. Details - ImportResultOutputID=33eb15a390817b7004db62ed163e0597 DependenciesID=c9a41e4d8b595b630a419c86433b0e50 StaticDependenciesID=6f831293fdc51fd64e90c3a038e68362 
Importing 'GUID: 5472815444de2ce45bf2053a4af04b9d - Path: Packages/com.unity.ugui/Runtime/UGUI/UI/Animation' with importer (DefaultImporter)
Imported 'GUID: 5472815444de2ce45bf2053a4af04b9d' -> (Import Result ID: '394703ad3db363849cf3974bbb5870b4') in 0.002 seconds [static dependencies only]. Details - ImportResultOutputID=e0662241a083201a8870e88195309fda DependenciesID=51643b4391bbdce170b62e238a286cf1 StaticDependenciesID=0d15d66c53e3f46500d8496a3c8f6d62 
Importing 'GUID: 850af9f3bf6d14143baf2ecfbf25db52 - Path: Packages/com.unity.ugui/Tests/Runtime/UGUI/Slider' with importer (DefaultImporter)
Imported 'GUID: 850af9f3bf6d14143baf2ecfbf25db52' -> (Import Result ID: '3c18d7a360062324a17773a6acaf08d4') in 0.002 seconds [static dependencies only]. Details - ImportResultOutputID=57d22b82fb590c7f764877a8db9c0aa4 DependenciesID=d1a27546923d6c6039b8f000c22d8d2e StaticDependenciesID=ab8a4d23a2949721142fa7ba3705105c 
Importing 'GUID: 16c7d1f4783e4042b974149dd463f76e - Path: Packages/com.unity.ugui/Tests/Editor/UGUI/SafeArea' with importer (DefaultImporter)
Imported 'GUID: 16c7d1f4783e4042b974149dd463f76e' -> (Import Result ID: 'b5281d301c559671263d01cfff990cc4') in 0.004 seconds [static dependencies only]. Details - ImportResultOutputID=ae5dab9956bbc504ef73f12ef8acabef DependenciesID=b84461d2918855ef2794f7c3726e44e1 StaticDependenciesID=4577e25787b3f228c8dfe4a5b00b87eb 
Importing 'GUID: 46646a5562f14984690c85ee7b946bc9 - Path: Packages/com.unity.ugui/Runtime/UGUI/EventSystem/Raycasters' with importer (DefaultImporter)
Imported 'GUID: 46646a5562f14984690c85ee7b946bc9' -> (Import Result ID: '5d861ee4b7ca4b92812eb166461ff025') in 0.002 seconds [static dependencies only]. Details - ImportResultOutputID=cb6f60a394751122fe93a214008948bc DependenciesID=410b72eafbb161f4da14307539a0f1ee StaticDependenciesID=e1a78fd2d4d9b1bd3dcb1e9303416a93 
Importing 'GUID: a69b08936f9f74179ae333a4bebe7c54 - Path: Packages/com.unity.ugui/Tests/Runtime/UGUI/CanvasRenderer' with importer (DefaultImporter)
Imported 'GUID: a69b08936f9f74179ae333a4bebe7c54' -> (Import Result ID: 'c3b0ce546252fef6fb04f95abef63b62') in 0.002 seconds [static dependencies only]. Details - ImportResultOutputID=4212dc1b5a997e7bc55cba7220df8278 DependenciesID=bb88134582a6c8950ba1d5202a62ba04 StaticDependenciesID=8f75547e61888669a49036740386131b 
Importing 'GUID: e7689eda3a8b1a847a8b197dbe90d9a6 - Path: Packages/com.unity.ugui/Tests/Editor/UGUI/UI' with importer (DefaultImporter)
Imported 'GUID: e7689eda3a8b1a847a8b197dbe90d9a6' -> (Import Result ID: '145bacba0608864562ccf092d5dc8274') in 0.002 seconds [static dependencies only]. Details - ImportResultOutputID=1ca42600950ef13293b74483fdc072c8 DependenciesID=34771cbf859e8545a3fcd72cefd96fe1 StaticDependenciesID=d1d28d881a27169556f9595f053abcb7 
Importing 'GUID: 98d14ab1acf42df4f88a0561822ac807 - Path: Packages/com.unity.ugui/Tests/Editor/UGUI/EventSystem' with importer (DefaultImporter)
Imported 'GUID: 98d14ab1acf42df4f88a0561822ac807' -> (Import Result ID: '28b3c9c2af9c273b80e18a73bb905773') in 0.002 seconds [static dependencies only]. Details - ImportResultOutputID=7608701975efb5ecedc2d368f2ca3c02 DependenciesID=8bd370bda62b75adda125b4092311f14 StaticDependenciesID=b688eaa829d23d954f9e7d7fedfc1c6a 
Importing 'GUID: b86b117346968ac4d9cc63e4385becb7 - Path: Packages/com.unity.ugui/Tests/Editor/UGUI/Canvas' with importer (DefaultImporter)
Imported 'GUID: b86b117346968ac4d9cc63e4385becb7' -> (Import Result ID: '5d0edd691f418e0aa25ffaf737652b1f') in 0.002 seconds [static dependencies only]. Details - ImportResultOutputID=47c2bd6bc3289b802c2d93ad439600ef DependenciesID=b04388fb0c4edcb5befd1683eb5054bd StaticDependenciesID=d2f60cdf3ce72a44f46ccc8764e2c2af 
Importing 'GUID: e90cc37a5ccf4a44dbecc5b7172ec512 - Path: Packages/com.unity.ugui/Tests/Editor/UGUI/UnityEvent' with importer (DefaultImporter)
Imported 'GUID: e90cc37a5ccf4a44dbecc5b7172ec512' -> (Import Result ID: '2a1dddf8c5218350d63d0c2a5556932c') in 0.002 seconds [static dependencies only]. Details - ImportResultOutputID=293ea98754001b9fa56a6248a75c45fa DependenciesID=53e48aff53990ec9394ca258bce8e6b8 StaticDependenciesID=893095c86d20ed19fce6780c865e3baf 
Importing 'GUID: 2a28c2fab6b1bb745a844ef6b908e7ee - Path: Packages/com.unity.ugui/Tests/Runtime/UGUI/InputField' with importer (DefaultImporter)
Imported 'GUID: 2a28c2fab6b1bb745a844ef6b908e7ee' -> (Import Result ID: '302d44132da9c0d220b06660b9b94468') in 0.002 seconds [static dependencies only]. Details - ImportResultOutputID=8ea7332793032bb5dfb9fd2c26cfbded DependenciesID=d0544483ce7d5b861984e100b83b3084 StaticDependenciesID=56063d9124d4d50c9a9e9bfbf4f0b34a 
Importing 'GUID: 9a3557da07c729b4eb774b8e30e157a4 - Path: Packages/com.unity.ugui/Tests/Runtime/UGUI/Canvas' with importer (DefaultImporter)
Imported 'GUID: 9a3557da07c729b4eb774b8e30e157a4' -> (Import Result ID: 'd95f3983fee562214c66d7c793af78f1') in 0.002 seconds [static dependencies only]. Details - ImportResultOutputID=0ab99d96296b64bf2229c22a9bdc1eb7 DependenciesID=bfca3084f73fc9453d13aaff95fdff75 StaticDependenciesID=055cb8e108b1a184ab8a94ca846e0ea9 
Importing 'GUID: bae197be297529d4fa735fbe7c91828d - Path: Packages/com.unity.ugui/Tests/Runtime/UGUI/Dropdown' with importer (DefaultImporter)
Imported 'GUID: bae197be297529d4fa735fbe7c91828d' -> (Import Result ID: '042a7e8258c157d7c3856db5fa853f5f') in 0.002 seconds [static dependencies only]. Details - ImportResultOutputID=36a0935bf8759e757450e1558245f79c DependenciesID=3964d5a4f5cfdbdb0dab890285e454c0 StaticDependenciesID=c40caf89477f63454e9c99de58de998c 
Importing 'GUID: 2bc8a181dfd9de24388de89bb8db7713 - Path: Packages/com.unity.ugui/Tests/Runtime/UGUI/MaskClipping' with importer (DefaultImporter)
Imported 'GUID: 2bc8a181dfd9de24388de89bb8db7713' -> (Import Result ID: 'd12c22933fd1e3b0ebca7f32870c6836') in 0.002 seconds [static dependencies only]. Details - ImportResultOutputID=824dbfacf42486762ae0e8e47478d568 DependenciesID=60cd9a319b11cc4c3f66bef5ca26326c StaticDependenciesID=c57a88fe06875f024836c21aa1a93a25 
Importing 'GUID: 9bedab6f9886aee42b33e424bffdb640 - Path: Packages/com.unity.ugui/Tests/Runtime/UGUI/ScrollRect' with importer (DefaultImporter)
Imported 'GUID: 9bedab6f9886aee42b33e424bffdb640' -> (Import Result ID: '50ee513cd99a5651e78e255acef93b5d') in 0.002 seconds [static dependencies only]. Details - ImportResultOutputID=452ef99a32d1d475ebd965e4c1416b60 DependenciesID=2056e36380cb5ceb3855b590a2d212e1 StaticDependenciesID=36d01f46f1546e9aa86e71fac20816b8 
Importing 'GUID: ab93e1a81defc3243a6e9cd0df3cb443 - Path: Packages/com.unity.ugui/Tests/Runtime/UGUI/EventSystem' with importer (DefaultImporter)
Imported 'GUID: ab93e1a81defc3243a6e9cd0df3cb443' -> (Import Result ID: '19b986781f9205277ba2d47d16a57048') in 0.002 seconds [static dependencies only]. Details - ImportResultOutputID=60f18c998610bdbb79a7a0c99e9c00bd DependenciesID=ce90cd145b3edd35a5bd1682ed42fa7b StaticDependenciesID=4b3eb4d2c1b77c818bb0e9182536b267 
Importing 'GUID: eb7e44c5cec24463ab95d52834898a3b - Path: Packages/com.unity.ugui/Tests/Runtime/UGUI/RawImage' with importer (DefaultImporter)
Imported 'GUID: eb7e44c5cec24463ab95d52834898a3b' -> (Import Result ID: 'e2fb30e59f7cca9a4316a7ff217f4bca') in 0.003 seconds [static dependencies only]. Details - ImportResultOutputID=cfacd570a4cfd393330c0e243a249afc DependenciesID=2f18145f0c39e4ac81b76cd5b5ffca63 StaticDependenciesID=44d83e43968a92f6abc9d42c1f8585cb 
Importing 'GUID: 4cfe5ade9a1375e40aed87618b92bd12 - Path: Packages/com.unity.ugui/Tests/Editor/UGUI/Slider' with importer (DefaultImporter)
Imported 'GUID: 4cfe5ade9a1375e40aed87618b92bd12' -> (Import Result ID: '0f49070f7278d21779aafab8015f7a7b') in 0.002 seconds [static dependencies only]. Details - ImportResultOutputID=4a7ea0a159e4fd397fefbacef85013ef DependenciesID=37ac6972afa7d808eb779abd4af591f4 StaticDependenciesID=7b56a3c35148d580dd9b66c79fcdf1e6 
Importing 'GUID: bc9aa6d5a7945f34882c442e9e201537 - Path: Packages/com.unity.ugui/Editor/UGUI/UI/PropertyDrawers' with importer (DefaultImporter)
Imported 'GUID: bc9aa6d5a7945f34882c442e9e201537' -> (Import Result ID: '2d59c9793db1e17a095bff6053c7b9ee') in 0.002 seconds [static dependencies only]. Details - ImportResultOutputID=2dbd28b25139c53de1a5a6689d352f9d DependenciesID=3e2d74ea471196c6e03f8f7427221228 StaticDependenciesID=b8579957c8393b2a1ab0245f958ced1f 
Importing 'GUID: cc313cc004395df4a9884390556690a5 - Path: Packages/com.unity.ugui/Tests/Runtime/UGUI/Layout' with importer (DefaultImporter)
Imported 'GUID: cc313cc004395df4a9884390556690a5' -> (Import Result ID: '35dc7a7cc828b0d8b43bfd4cd6e4107f') in 0.002 seconds [static dependencies only]. Details - ImportResultOutputID=e587d5ef0094c1723640f0732d54e892 DependenciesID=5f7e5ff21a661f06456937cdb7ffe3f9 StaticDependenciesID=f42ef25fdfd15c3f3e0b3febe30604a0 
Importing 'GUID: cce7e34ecb3cc43ebabe7154ebe11414 - Path: Packages/com.unity.ugui/Tests/Runtime/UGUI/RaycastReceiver' with importer (DefaultImporter)
Imported 'GUID: cce7e34ecb3cc43ebabe7154ebe11414' -> (Import Result ID: '26c30248a3ebdd5d620d442309b4a1d0') in 0.002 seconds [static dependencies only]. Details - ImportResultOutputID=2a1509ac23bafeeab8a428cbb02d7c40 DependenciesID=a882636677cfe8d300a9ad16ad993ad9 StaticDependenciesID=159f82b04c5e2c23f833ecac4545b0e5 
Importing 'GUID: 2d9b6ff056b6f484ba6500aa8e06bcf3 - Path: Packages/com.unity.ugui/Tests/Runtime/UGUI/LayoutGroup' with importer (DefaultImporter)
Imported 'GUID: 2d9b6ff056b6f484ba6500aa8e06bcf3' -> (Import Result ID: 'fefe44ce622ede36592a451f18acd1cd') in 0.002 seconds [static dependencies only]. Details - ImportResultOutputID=eaec6d77cf9cfcfd3a23adc1b00eddd6 DependenciesID=9f995fefc7684cd05cb5955653e46705 StaticDependenciesID=e9e94f60338bb0d65b914deb3e02aafa 
Importing 'GUID: 5dc64c943466a44498be3b620c743b45 - Path: Packages/com.unity.ugui/Runtime/UGUI/EventSystem/UIElements' with importer (DefaultImporter)
Imported 'GUID: 5dc64c943466a44498be3b620c743b45' -> (Import Result ID: '84811c232c2b5f5f8bbcb096972c8c70') in 0.003 seconds [static dependencies only]. Details - ImportResultOutputID=afd37a5cb0ef70f108eddfcf5f148e4e DependenciesID=26043c3255c0134648f5d3f578b6e8ef StaticDependenciesID=72529b910054f65a55d22628bb63cc2e 
Importing 'GUID: dda9947aba73a46d29f6277ca33c8e59 - Path: Packages/com.unity.ugui/Tests/Runtime/UGUI/SafeArea' with importer (DefaultImporter)
Imported 'GUID: dda9947aba73a46d29f6277ca33c8e59' -> (Import Result ID: 'd0c260bf4756a245a348de9b3064fe0f') in 0.002 seconds [static dependencies only]. Details - ImportResultOutputID=889c3d73fce55638312b38a469fec510 DependenciesID=d4d15d5222f72c027a7d5e64a953444a StaticDependenciesID=c484ccdac2b0c2634d4dcb2ba252aefd 
Importing 'GUID: 8e78f8a8575e4a04f8337a54e241cdc5 - Path: Packages/com.unity.ugui/Runtime/UGUI/EventSystem/InputModules' with importer (DefaultImporter)
Imported 'GUID: 8e78f8a8575e4a04f8337a54e241cdc5' -> (Import Result ID: '3928ebf58761b69f67c71dcf75294319') in 0.004 seconds [static dependencies only]. Details - ImportResultOutputID=5e415cd400973f02197d806c23bf56c5 DependenciesID=a8ed44e856941457ff5fabf06aba58d6 StaticDependenciesID=19e18f6dce055be922dcb00ad5c82a5d 
Importing 'GUID: ae242449e9279d44789513b922d3178a - Path: Packages/com.unity.ugui/Tests/Editor/UGUI/CanvasRenderer' with importer (DefaultImporter)
Imported 'GUID: ae242449e9279d44789513b922d3178a' -> (Import Result ID: 'fb76cb946fd1b0c1a5ed8306651d86c2') in 0.003 seconds [static dependencies only]. Details - ImportResultOutputID=4729e3cfa92e89c00cb33b0f98eab0f4 DependenciesID=1d34c5108fbfe76360fe772e52e8937b StaticDependenciesID=fc0b727607e54e1f3d2bd7cc9d72394f 
Importing 'GUID: 1f71aeacc4a9f1a40b22a1a590331f6b - Path: Packages/com.unity.ugui/Tests/Editor/UGUI/Dropdown' with importer (DefaultImporter)
Imported 'GUID: 1f71aeacc4a9f1a40b22a1a590331f6b' -> (Import Result ID: 'c4739443c58138f17e348fe7a6a5034e') in 0.003 seconds [static dependencies only]. Details - ImportResultOutputID=c0c6e1a2574eaa70b48d39fbb04e22f6 DependenciesID=31b56f23dc53b1c1f74e477dbc85a981 StaticDependenciesID=3257b287a4638d966c02c6696f3ddaac 
Importing 'GUID: 4f9ac6e545d53f94b9f09c85b9576f36 - Path: Packages/com.unity.ugui/Tests/Editor/UGUI/Text' with importer (DefaultImporter)
Imported 'GUID: 4f9ac6e545d53f94b9f09c85b9576f36' -> (Import Result ID: 'b86ed74f043d4ed54b54998e75830cbf') in 0.003 seconds [static dependencies only]. Details - ImportResultOutputID=bf63f04a230ad219e2c75d059670908c DependenciesID=6fe09032437761d84e537650f8194724 StaticDependenciesID=2e212248eca01ab9e3f67b2e7a387ceb 
Importing 'GUID: af30a361ab68260438b6ec3fb7e64500 - Path: Packages/com.unity.ugui/Tests/Runtime/UGUI/Util' with importer (DefaultImporter)
Imported 'GUID: af30a361ab68260438b6ec3fb7e64500' -> (Import Result ID: '7c85b0c1a47d04785fcc0e5841dcc0bb') in 0.003 seconds [static dependencies only]. Details - ImportResultOutputID=dd25680f94364bcd4c86cb7289667537 DependenciesID=6437e800d195c6d99458bc8695c4f832 StaticDependenciesID=7024316f14e6e5c5d0d2ed78ed0f60a4 
Importing 'GUID: efad3ddb7270ac241b9b1357ec5ee2f2 - Path: Packages/com.unity.ugui/Tests/Runtime/UGUI/NestedLayout' with importer (DefaultImporter)
Imported 'GUID: efad3ddb7270ac241b9b1357ec5ee2f2' -> (Import Result ID: '068d6aa4c9a19068a27f8cc30d7da5ed') in 0.003 seconds [static dependencies only]. Details - ImportResultOutputID=13326018adb8f86d8fa28589653c849a DependenciesID=46be99377494b2c22ac81f6be8e246f1 StaticDependenciesID=01b5c9fede6dd92ae63f8a722690b8ef 
Importing 'GUID: 24333a116497b144f9782b1160984b57 - Path: Packages/com.unity.ugui/Tests/Editor/UGUI/UI/PropertyDrawers' with importer (DefaultImporter)
Imported 'GUID: 24333a116497b144f9782b1160984b57' -> (Import Result ID: '9a943630faba94e5d2f61f49e14cd421') in 0.003 seconds [static dependencies only]. Details - ImportResultOutputID=e64191c42bfa43d7fd12c02fb233877e DependenciesID=5c86888164aa8578f24b43b188f24f25 StaticDependenciesID=61809fb59bb969a83a1306a07105e35a 
Importing 'GUID: d63dd1a776d383248a21ec2a8a6e7868 - Path: Packages/com.unity.ugui/Runtime/UGUI/UI/Core/Utility' with importer (DefaultImporter)
Imported 'GUID: d63dd1a776d383248a21ec2a8a6e7868' -> (Import Result ID: '3cd8a1177c84d2872282c35cdfdaad85') in 0.003 seconds [static dependencies only]. Details - ImportResultOutputID=6ef7fdd1a7c57de9896ba70f91b923c7 DependenciesID=4f42ef208ff835c28d116e0ee1288617 StaticDependenciesID=1d9aea670b4ab5b657520458cd74a301 
Importing 'GUID: 27ed3e221887b3544bd9d6505d4a789f - Path: Packages/com.unity.ugui/Runtime/UGUI/UI/Core/Culling' with importer (DefaultImporter)
Imported 'GUID: 27ed3e221887b3544bd9d6505d4a789f' -> (Import Result ID: 'def692be90e7360af79437444c8104bf') in 0.003 seconds [static dependencies only]. Details - ImportResultOutputID=4910a1f9e2b0a2c2573c44a0dfeb0ec0 DependenciesID=8a11ad52293d449e9fc23f7a666b22f9 StaticDependenciesID=295ea28bf589ed62858fa4823091583b 
Importing 'GUID: f8ed4321a98682942b9980996131cf26 - Path: Packages/com.unity.ugui/Runtime/UGUI/UI/Core/SpecializedCollections' with importer (DefaultImporter)
Imported 'GUID: f8ed4321a98682942b9980996131cf26' -> (Import Result ID: '0e95374c0410ff46cffb9ff52685f5f2') in 0.003 seconds [static dependencies only]. Details - ImportResultOutputID=11c4d9adfde97b19088a09894a7e2152 DependenciesID=219cedd181c0b48b52887e64ab8ca19f StaticDependenciesID=aa358c1e79b9c389789b407db0af821d 
Importing 'GUID: 1999349e7f492c947bb6eb70f624382e - Path: Packages/com.unity.ugui/Runtime/UGUI/UI/Core/Layout' with importer (DefaultImporter)
Imported 'GUID: 1999349e7f492c947bb6eb70f624382e' -> (Import Result ID: '2686f7bf4902320bf36b1d5bb5c82a9e') in 0.003 seconds [static dependencies only]. Details - ImportResultOutputID=1fa92f18cdbf18fcab4740fd4f9a5048 DependenciesID=0e1bb44145491ef671286affe631bf2e StaticDependenciesID=8f5165c2e1325f4095d13685ec256437 
Importing 'GUID: 7a892c920c8ad2848b469ec9579c5219 - Path: Packages/com.unity.ugui/Tests/Runtime/UGUI/EventSystem/InputModuleTests' with importer (DefaultImporter)
Imported 'GUID: 7a892c920c8ad2848b469ec9579c5219' -> (Import Result ID: '0cc254c516cd0c2f1865de3e12ca1fcf') in 0.003 seconds [static dependencies only]. Details - ImportResultOutputID=59fce8a9e6fa5cd49ac52afb2dce82c6 DependenciesID=7b19cc820fd0682fe473ea2802eb28de StaticDependenciesID=574aac1ef430026b27344ad980d224a9 
Importing 'GUID: 7c6295db74da28645bf49db58b7c9c65 - Path: Packages/com.unity.ugui/Runtime/UGUI/UI/Core/MaterialModifiers' with importer (DefaultImporter)
Imported 'GUID: 7c6295db74da28645bf49db58b7c9c65' -> (Import Result ID: 'd427522706129b4c38bf7ff834747a7a') in 0.003 seconds [static dependencies only]. Details - ImportResultOutputID=03c64029d0207b6d88bbcba31c0ffa8e DependenciesID=b4586e08dff7b1319cd2b04bf948a1b1 StaticDependenciesID=0e740b6c645a77f1b07d3375c7d371d0 
Importing 'GUID: cfa73a847eeff06448bb50a8ac6a94e0 - Path: Packages/com.unity.ugui/Runtime/UGUI/UI/Core/VertexModifiers' with importer (DefaultImporter)
Imported 'GUID: cfa73a847eeff06448bb50a8ac6a94e0' -> (Import Result ID: '7e6ac506367e44a8606a7e9041bc2148') in 0.003 seconds [static dependencies only]. Details - ImportResultOutputID=74ee8f7f8b817c009fe4f8cfa24eb36f DependenciesID=6613420f54a77a696f1d63e42e337d9d StaticDependenciesID=f2fd517fce7de3558b1a90a27ebb6f5c 
Importing 'GUID: 6055be8ebefd69e48b49212b09b47b2f - Path: Packages/com.unity.ugui/Runtime/TMP/Unity.TextMeshPro.asmdef' with importer (AssemblyDefinitionImporter)
Imported 'GUID: 6055be8ebefd69e48b49212b09b47b2f' -> (Import Result ID: 'ede73ff750109d17ade2935fcc00e5db') in 0.004 seconds [static dependencies only]. Details - ImportResultOutputID=e9d70bac4e0e99cbb53f6b32bf0013a9 DependenciesID=59f07bdf9a862ad126bf2b0f8cf3facc StaticDependenciesID=5a167f258830afb4c85d61e3c8fb7370 
Importing 'GUID: 43b111c4a445f446abd2c02e77750ff5 - Path: Packages/com.unity.ugui/Runtime/InternalBridge/Unity.InternalAPIEngineBridge.004.asmdef' with importer (AssemblyDefinitionImporter)
Imported 'GUID: 43b111c4a445f446abd2c02e77750ff5' -> (Import Result ID: '41e252e744fa754bfd5f48832bb3af65') in 0.004 seconds [static dependencies only]. Details - ImportResultOutputID=b27fc2c96395d0cacfff2a5df34979c4 DependenciesID=4909b570a9c8d8555b1963885585d8ab StaticDependenciesID=4317c3e1a919feb5a32169cbd31178a0 
Importing 'GUID: 638268c9edb275240b328ec07aca21d5 - Path: Assets/CozyCafe/Unity/CozyCafe.Unity.asmdef' with importer (AssemblyDefinitionImporter)
Imported 'GUID: 638268c9edb275240b328ec07aca21d5' -> (Import Result ID: '3ddd50eb07ed094ddb13427b83d3d085') in 0.004 seconds [static dependencies only]. Details - ImportResultOutputID=ad70e7b25ae69ab6c4653e541e646d4b DependenciesID=da76f92878fe1cd0083181c4446df1d5 StaticDependenciesID=fab56a285076ee3bb7b49c8844104a96 
Importing 'GUID: 8394c018a82352f41ae354f7bdad54e3 - Path: Packages/com.unity.ugui/Editor/Analytics/UnityEditor.UI.Analytics.asmdef' with importer (AssemblyDefinitionImporter)
Imported 'GUID: 8394c018a82352f41ae354f7bdad54e3' -> (Import Result ID: 'ed04ed224e8e1c7fa355fc3421df813d') in 0.004 seconds [static dependencies only]. Details - ImportResultOutputID=ae155d0921fdd59b4d323be3ad677ce4 DependenciesID=e4bd127d15119207f7697d9668922819 StaticDependenciesID=9fd6f0cd92b2f0bad2826b97262fdf8d 
Importing 'GUID: 343deaaf83e0cee4ca978e7df0b80d21 - Path: Packages/com.unity.ugui/Editor/UGUI/UnityEditor.UI.asmdef' with importer (AssemblyDefinitionImporter)
Imported 'GUID: 343deaaf83e0cee4ca978e7df0b80d21' -> (Import Result ID: '2ef2cd6fff6585e7f043c792b2e08b34') in 0.004 seconds [static dependencies only]. Details - ImportResultOutputID=c27129fe4b82e033cc3a190d24016fa8 DependenciesID=40fcb70d6b73ddc9ee7a1081b298c717 StaticDependenciesID=6ddb784037740f21e3325dec2770e8cc 
Importing 'GUID: 05242c3d99f24a74f99cc20369fcb344 - Path: Packages/com.unity.ugui/Tests/Editor/Common/UnityEditor.UI.Common.Tests.asmdef' with importer (AssemblyDefinitionImporter)
Imported 'GUID: 05242c3d99f24a74f99cc20369fcb344' -> (Import Result ID: '204fb8ab226f8f55d8e2b96d0f43d217') in 0.003 seconds [static dependencies only]. Details - ImportResultOutputID=85f42511b1eb5e70fb4f71139713c089 DependenciesID=c8e00a12d28dcd7ea316e02e5612fa67 StaticDependenciesID=de6ed06bdb30aa02e0de1a8d8606c7c5 
Importing 'GUID: 6546d7765b4165b40850b3667f981c26 - Path: Packages/com.unity.ugui/Editor/TMP/Unity.TextMeshPro.Editor.asmdef' with importer (AssemblyDefinitionImporter)
Imported 'GUID: 6546d7765b4165b40850b3667f981c26' -> (Import Result ID: '297952751b05dd10456ce7e2744d7a5d') in 0.003 seconds [static dependencies only]. Details - ImportResultOutputID=5e147f307b4e699a62e1f18935a82f11 DependenciesID=76156a7b206ddc389a44f3184d657452 StaticDependenciesID=eb8b072277bf55e6c3c286b6d43a3d6f 
Importing 'GUID: 656e461844099ae43a609ff6109b0877 - Path: Packages/com.unity.ugui/Tests/Editor/TMP/Unity.TextMeshPro.Editor.Tests.asmdef' with importer (AssemblyDefinitionImporter)
Imported 'GUID: 656e461844099ae43a609ff6109b0877' -> (Import Result ID: '33011e45041dee7cd652c71e02a28d8a') in 0.004 seconds [static dependencies only]. Details - ImportResultOutputID=dcf766a2835af30e5dff0e5e6aaf3025 DependenciesID=e11d7ee041a49a98affe5ad12c3ebb46 StaticDependenciesID=b2ec98dc71f0dd6857a734d1a9f7706c 
Importing 'GUID: a598c1b46efcc3448996cea6f11f8d69 - Path: Assets/CozyCafe/Core/CozyCafe.Core.asmdef' with importer (AssemblyDefinitionImporter)
Imported 'GUID: a598c1b46efcc3448996cea6f11f8d69' -> (Import Result ID: 'e67bd03efddb96348f8bbe6cb5ca476f') in 0.004 seconds [static dependencies only]. Details - ImportResultOutputID=d9637c5ad7bf91dd89a78033a0b82306 DependenciesID=2fb2f66821ee979c0c38337f1be4f41c StaticDependenciesID=4020c71193fa049fb8df684f0e1361e2 
Importing 'GUID: e9745f6a32442194c8dc5a43e9ab86f9 - Path: Packages/com.unity.ugui/Tests/Runtime/UGUI/UnityEngine.UI.Tests.asmdef' with importer (AssemblyDefinitionImporter)
Imported 'GUID: e9745f6a32442194c8dc5a43e9ab86f9' -> (Import Result ID: '84524e126e25038bdfd26b3ec59a92a5') in 0.004 seconds [static dependencies only]. Details - ImportResultOutputID=2b3c3626c54c595d218b84b23f8d2c38 DependenciesID=d4bfbe4c825e23a654634933c2033f66 StaticDependenciesID=6e8881aa18fbd1abf2a7aabb73941c36 
Importing 'GUID: 2bafac87e7f4b9b418d9448d219b01ab - Path: Packages/com.unity.ugui/Runtime/UGUI/UnityEngine.UI.asmdef' with importer (AssemblyDefinitionImporter)
Imported 'GUID: 2bafac87e7f4b9b418d9448d219b01ab' -> (Import Result ID: '26062c1a543744ff266aafe43af489de') in 0.004 seconds [static dependencies only]. Details - ImportResultOutputID=e456a6133a592065fdaa29a6e752040b DependenciesID=7c6adf815f8b14a5c97a54f8e23f8b92 StaticDependenciesID=7c4d96875a0877dd7a0af4cb45a4695f 
Importing 'GUID: bb05cab7d802aa5468f8f2f86840d984 - Path: Packages/com.unity.ugui/Tests/Runtime/TMP/Unity.TextMeshPro.Tests.asmdef' with importer (AssemblyDefinitionImporter)
Imported 'GUID: bb05cab7d802aa5468f8f2f86840d984' -> (Import Result ID: '5e68e27354c939fe603eb4eb77469ca3') in 0.004 seconds [static dependencies only]. Details - ImportResultOutputID=49b5000aa348ae6e6f0b4d067303a4a8 DependenciesID=12b17a826b956da1c2390d415dadc826 StaticDependenciesID=8a41bad9b68ba21b4ebf17eac42c46ab 
Importing 'GUID: 7c04f0dfa9243c04681a55d90d3ff3fc - Path: Packages/com.unity.ugui/Tests/Editor/UGUI/UnityEditor.UI.EditorTests.asmdef' with importer (AssemblyDefinitionImporter)
Imported 'GUID: 7c04f0dfa9243c04681a55d90d3ff3fc' -> (Import Result ID: 'cc1fad722f14c8955f39430bb979b25d') in 0.004 seconds [static dependencies only]. Details - ImportResultOutputID=7509f794d9d725c9f24bb507014f8d05 DependenciesID=b03623885704673aae6552704d6e6bc1 StaticDependenciesID=437231d2d3e72834c69d52cbff73ba64 
Importing 'GUID: 6e37992202c455141a993cbaecfa118c - Path: Assets/CozyCafe/Editor/CozyCafe.Editor.asmdef' with importer (AssemblyDefinitionImporter)
Imported 'GUID: 6e37992202c455141a993cbaecfa118c' -> (Import Result ID: '3bb909e06aca6cf449a5ba95935f0f38') in 0.004 seconds [static dependencies only]. Details - ImportResultOutputID=bcbb85990792cc35fddb54162516120f DependenciesID=39116317ee0d051e55dc4c06f9608b75 StaticDependenciesID=495746a3f730eb4f5067e6bedaf470af 
Importing 'GUID: 51fa60bb2bd1e5bc74e8cc95a7bfd5b7 - Path: Packages/com.unity.modules.ui/package.ModuleCompilationTrigger' with importer (DefaultImporter)
Imported 'GUID: 51fa60bb2bd1e5bc74e8cc95a7bfd5b7' -> (Import Result ID: '0e6c19f382af6f75a9394f69adf788bd') in 0.101 seconds [static dependencies only]. Details - ImportResultOutputID=6e559821e528ff0e1a68c3b7765614d2 DependenciesID=89d09727dde36d60bf3bc38270dcfe28 StaticDependenciesID=3c1226af24afdaaba5f6812b32e68603 
Importing 'GUID: 71e7167b55a3448b38774a3bb6e05bac - Path: Packages/com.unity.modules.timelinefoundation/package.ModuleCompilationTrigger' with importer (DefaultImporter)
Imported 'GUID: 71e7167b55a3448b38774a3bb6e05bac' -> (Import Result ID: 'a6bec22fa10db9f7f35c7bd13e010a27') in 0.004 seconds [static dependencies only]. Details - ImportResultOutputID=c5890c0237407de11fec9407c846284f DependenciesID=36a0517f4d644b89cbe480485858a8bb StaticDependenciesID=25f461b927f097c38d0dbd784655af32 
Importing 'GUID: a1c42005fe7c5d78585a77ce396a5eea - Path: Packages/com.unity.modules.tilemap/package.ModuleCompilationTrigger' with importer (DefaultImporter)
Imported 'GUID: a1c42005fe7c5d78585a77ce396a5eea' -> (Import Result ID: '3e9d656e966633573cb2046a22ae4ca5') in 0.003 seconds [static dependencies only]. Details - ImportResultOutputID=41e18ad721a806fe228204bdeef3a130 DependenciesID=97ef5d5583d5a20672f05956a22555d4 StaticDependenciesID=4ee5382b003fc77fa6aba69871f9e483 
Importing 'GUID: d104359075a97392b803d3d5aebc77f7 - Path: Packages/com.unity.modules.hierarchycore/package.ModuleCompilationTrigger' with importer (DefaultImporter)
Imported 'GUID: d104359075a97392b803d3d5aebc77f7' -> (Import Result ID: '636638bc242e6bdeeae1ff976ac45eea') in 0.003 seconds [static dependencies only]. Details - ImportResultOutputID=1072526eb62216a1dc59d571676cf01f DependenciesID=69277dae5c49201d36383230841bb75b StaticDependenciesID=afc1e02b93f4652d9379104da0050c0e 
Importing 'GUID: d2ec2d1228c8e67cdd913cb5609176a2 - Path: Packages/com.unity.modules.unitywebrequest/package.ModuleCompilationTrigger' with importer (DefaultImporter)
Imported 'GUID: d2ec2d1228c8e67cdd913cb5609176a2' -> (Import Result ID: 'a3f2f0e23f3ad60f0708fa9556b1addd') in 0.003 seconds [static dependencies only]. Details - ImportResultOutputID=fa2ee3949a508ef3b244c0a794acf950 DependenciesID=cbbd01d5144c855f237ee6f40affeaad StaticDependenciesID=373cbc2130578c37890108d08e3aa5a8 
Importing 'GUID: 830a36a23cf3ab1e61fa47940a6dc35e - Path: Packages/com.unity.modules.imageconversion/package.ModuleCompilationTrigger' with importer (DefaultImporter)
Imported 'GUID: 830a36a23cf3ab1e61fa47940a6dc35e' -> (Import Result ID: 'be0b67b432003b038cf0bb92e1d77b13') in 0.004 seconds [static dependencies only]. Details - ImportResultOutputID=76d29ea8d45d8514b9b32b4ce101e77e DependenciesID=7f550e29dfcaa81d6d67cc4988f0b7c8 StaticDependenciesID=7f600a175e09c6006f9088f92f2c1098 
Importing 'GUID: 042dc296246916648e55a43d0eeb2036 - Path: Packages/com.unity.modules.audio/package.ModuleCompilationTrigger' with importer (DefaultImporter)
Imported 'GUID: 042dc296246916648e55a43d0eeb2036' -> (Import Result ID: 'eb5c5d20fc9656beee57de382516913d') in 0.003 seconds [static dependencies only]. Details - ImportResultOutputID=db7c8acc5ec18f8d94381a817bd4639b DependenciesID=f2e5ad5e1d5d153fc84b7341a3ca872f StaticDependenciesID=987edeb86285dfb2f2b949491eb5ed6c 
Importing 'GUID: 14e86f88e9a8c9c448d7e7df92f2aeec - Path: Packages/com.unity.modules.physicscore2d/package.ModuleCompilationTrigger' with importer (DefaultImporter)
Imported 'GUID: 14e86f88e9a8c9c448d7e7df92f2aeec' -> (Import Result ID: '2c973c246328c75cfbee9b147c533aec') in 0.003 seconds [static dependencies only]. Details - ImportResultOutputID=4f921d24b7de923e48844f6cc629c5fc DependenciesID=5c2b2ed5b2c80f68f171a4ee31fd57d0 StaticDependenciesID=b0c4b38fa6509f6aac786da76715b668 
Importing 'GUID: e6a135e3ea9cb46795d1b0e05ac3e1e5 - Path: Packages/com.unity.modules.jsonserialize/package.ModuleCompilationTrigger' with importer (DefaultImporter)
Imported 'GUID: e6a135e3ea9cb46795d1b0e05ac3e1e5' -> (Import Result ID: 'c71f379f57b8b9297518a0ca2d221294') in 0.004 seconds [static dependencies only]. Details - ImportResultOutputID=fe2252d2af7741e3b7227eed79d28422 DependenciesID=4d9d5a211e60a1a74167fb8bdba07a36 StaticDependenciesID=b0b22eccfcc75550cfd5416b8ccadc34 
Importing 'GUID: 1af35a910338381f753e8a985eb5daab - Path: Packages/com.unity.modules.adaptiveperformance/package.ModuleCompilationTrigger' with importer (DefaultImporter)
Imported 'GUID: 1af35a910338381f753e8a985eb5daab' -> (Import Result ID: 'fc49569651cc7b30f65743e4c018033a') in 0.004 seconds [static dependencies only]. Details - ImportResultOutputID=38b55a11ad75d8d562e364a238f3edd6 DependenciesID=31de37ff8b9a96f332a1fe4c4b17e97a StaticDependenciesID=b97217f7ec03d510a9073c02c264b8d7 
Importing 'GUID: 8a752aaaadd2410dd9a84e01c1bace9f - Path: Packages/com.unity.modules.uielements/package.ModuleCompilationTrigger' with importer (DefaultImporter)
Imported 'GUID: 8a752aaaadd2410dd9a84e01c1bace9f' -> (Import Result ID: 'dc6f24ef124e8a1d93aeb4a49c9f2f2f') in 0.003 seconds [static dependencies only]. Details - ImportResultOutputID=058332d648d7f8084d1da6808467f61f DependenciesID=2d44fed7f892601fa61b2fed977658e7 StaticDependenciesID=ebedc7cdf67042358e558fc7d3cb11d5 
Importing 'GUID: 4bf139fc5e9d9240edc107e25d67d398 - Path: Packages/com.unity.modules.tetgen/package.ModuleCompilationTrigger' with importer (DefaultImporter)
Imported 'GUID: 4bf139fc5e9d9240edc107e25d67d398' -> (Import Result ID: '32c0a5c247b7d4630e34dc8a23b68bbe') in 0.003 seconds [static dependencies only]. Details - ImportResultOutputID=65cbec6ab1d9e8bebe15b1d11261c757 DependenciesID=f8e401a0bd87c3dc127a91c1ab3cd02f StaticDependenciesID=bcf844a6408d7a7017ee86bb65031aa6 
Importing 'GUID: db8e609a39b9b231fccc54e5fa4cbd1b - Path: Packages/com.unity.modules.animation/package.ModuleCompilationTrigger' with importer (DefaultImporter)
Imported 'GUID: db8e609a39b9b231fccc54e5fa4cbd1b' -> (Import Result ID: '64bdd471f684b7215418c8ebb98646e6') in 0.004 seconds [static dependencies only]. Details - ImportResultOutputID=bd54157e641a087b027334797ac1bb4e DependenciesID=63ee899a18461a3d707a245c13219acd StaticDependenciesID=45113d4b06d87e4212ca0fd971c6f675 
Importing 'GUID: 3cc1ebf2abb7fef6871ad48f499b6e21 - Path: Packages/com.unity.modules.vectorgraphics/package.ModuleCompilationTrigger' with importer (DefaultImporter)
Imported 'GUID: 3cc1ebf2abb7fef6871ad48f499b6e21' -> (Import Result ID: '691e04633c45bc3a459c56548c37507c') in 0.003 seconds [static dependencies only]. Details - ImportResultOutputID=f888f024258c75377d48b95d8eccd14d DependenciesID=8afc27de05790c97bc976e3bb8e1a82d StaticDependenciesID=27d17b554dfb7e9c29707348538cb25c 
Importing 'GUID: 5c1ee4056d0ac7ad3c5a16597fcaa38a - Path: Packages/com.unity.modules.physics/package.ModuleCompilationTrigger' with importer (DefaultImporter)
Imported 'GUID: 5c1ee4056d0ac7ad3c5a16597fcaa38a' -> (Import Result ID: '0f78740e1b0faf652d13359c837630fa') in 0.003 seconds [static dependencies only]. Details - ImportResultOutputID=0711ed6008a670c121290dcbcce4e191 DependenciesID=1deaa0db5f99f0028b0739739357e86b StaticDependenciesID=93b97e97dbe87d17a699457ed0c8bfdb 
Importing 'GUID: 8d4bc6bfa28760b29f13174d6b6ea710 - Path: Packages/com.unity.modules.subsystems/package.ModuleCompilationTrigger' with importer (DefaultImporter)
Imported 'GUID: 8d4bc6bfa28760b29f13174d6b6ea710' -> (Import Result ID: '5ba628f7dd061e6c6125f1d10a64f3cc') in 0.003 seconds [static dependencies only]. Details - ImportResultOutputID=506707270f0b52336d3dc2706a7b00f3 DependenciesID=b542271c0169491e5e8c11b6ca61744b StaticDependenciesID=f8416302fe8f15d94abef2ac59f5532a 
Importing 'GUID: cd561f5f687aed43bf280c27a84f79e3 - Path: Packages/com.unity.modules.screencapture/package.ModuleCompilationTrigger' with importer (DefaultImporter)
Imported 'GUID: cd561f5f687aed43bf280c27a84f79e3' -> (Import Result ID: '44b7856086d9635bc03bb42d4968c411') in 0.002 seconds [static dependencies only]. Details - ImportResultOutputID=c0a8303c6754efb32cd09ffd146f4f49 DependenciesID=c0c206a2785c8acb2042240a2f88798b StaticDependenciesID=ffe48f33e27a5f63f50b47fe4620e5e4 
Importing 'GUID: be13c398521e3c1ad21fb9da30ab2ab6 - Path: Packages/com.unity.modules.imgui/package.ModuleCompilationTrigger' with importer (DefaultImporter)
Imported 'GUID: be13c398521e3c1ad21fb9da30ab2ab6' -> (Import Result ID: 'f88617f8755f3cc7c522b80bad4b2bff') in 0.002 seconds [static dependencies only]. Details - ImportResultOutputID=bbfcda24188a78ea8f934cd6f1d77d47 DependenciesID=1676049d7bfc560c2876453352831559 StaticDependenciesID=1484f2e44d4504480cf87fd155816ecc 
Importing 'GUID: fe6a6957b37b61417b457a1e0541791d - Path: Packages/com.unity.modules.physics2d/package.ModuleCompilationTrigger' with importer (DefaultImporter)
Imported 'GUID: fe6a6957b37b61417b457a1e0541791d' -> (Import Result ID: '277c9d9c9443fa4d20de51563b0d83a5') in 0.002 seconds [static dependencies only]. Details - ImportResultOutputID=0029339c38fd9ee58145f1e3cabdd15e DependenciesID=adeb826391ab9c6ccdea71424fa76aa4 StaticDependenciesID=a2616f4ea2d94c01ce1fa3af66244439 
Native extension for WindowsStandalone target not found
Native extension for OSXStandalone target not found
Native extension for WebGL target not found
ScheduleIndexationOnStartup MainProcess:True IndexOnStartup:True
Scripting: successfully reloaded assembly
- Finished resetting the current domain, in  1.785 seconds
Domain Reload Profiling: 3037ms
	BeginReloadAssembly (364ms)
		DisableScriptedObjects (48ms)
		CreateAndSetChildDomain (51ms)
	RebuildCommonClasses (34ms)
	RebuildNativeTypeToScriptingClass (61ms)
	initialDomainReloadingComplete (182ms)
	LoadAllAssembliesAndSetupDomain (604ms)
		LoadAssemblies (232ms)
		TypeCache.Refresh (47ms)
			TypeCache.ScanAssembly (28ms)
		AnalyzeDomain (27ms)
			BuildScriptInfoCaches (17ms)
			ResolveRequiredComponents (5ms)
	FinalizeReload (1792ms)
		SetupLoadedEditorAssemblies (0ms)
			LogAssemblyErrors (6ms)
			InitializePlatformSupportModulesInManaged (16ms)
			BeforeProcessingInitializeOnLoad (443ms)
			ProcessInitializeOnLoadAttributes (225ms)
			ProcessInitializeOnLoadMethodAttributes (122ms)
			AfterProcessingInitializeOnLoad (71ms)
			EditorAssembliesLoaded (3ms)
		AwakeInstancesAfterBackupRestoration (130ms)
Starting new worker id: 0 with log in C:/Users/dlgkr/msys64/tmp/gauntlet-unity-proj-l3b_4qrn/game/Logs/AssetImportWorkerHW0.log
Importing 'GUID: 00000000000000005000000000000000 - Path: Library/BuildPlayer.prefs' with importer (DefaultImporter)
Imported 'GUID: 00000000000000005000000000000000' -> (Import Result ID: 'e7fde0b61ad1bb905306708466de98ff') in 0.028 seconds [static dependencies only]. Details - ImportResultOutputID=5acc0d65895b3924819acc0f7e0e29d2 DependenciesID=59ca58ea3aedb06da41e45fbc07180ca StaticDependenciesID=37539b702cdc10d1395751c96f99732e 
Importing 'GUID: bc00e25696e4132499f56528d3fed2e3 - Path: Packages/com.unity.ugui/Package Resources/TMP Examples & Extras.unitypackage' with importer (DefaultImporter)
Imported 'GUID: bc00e25696e4132499f56528d3fed2e3' -> (Import Result ID: '06840da54814770a12bf6d6ccbbe4096') in 0.007 seconds [static dependencies only]. Details - ImportResultOutputID=4934728e630e4eaf0513a68f351db45e DependenciesID=4ae59f274dd4381e25547fc85365599a StaticDependenciesID=db5f177954bba2600db92c85e9a3e3ff 
Importing 'GUID: ce4ff17ca867d2b48b5c8a4181611901 - Path: Packages/com.unity.ugui/Package Resources/TMP Essential Resources.unitypackage' with importer (DefaultImporter)
Imported 'GUID: ce4ff17ca867d2b48b5c8a4181611901' -> (Import Result ID: '125767940f57f84da1db0f9543b7caff') in 0.004 seconds [static dependencies only]. Details - ImportResultOutputID=f07f1189a2b24fcec03c20307fac9422 DependenciesID=f09ee32b1d0e9fabbd6928005237c8b4 StaticDependenciesID=da1ca419056efb5873ef344d36b45ead 
Importing 'GUID: e05ace3bd15740cda0bad60d89092a5b - Path: Packages/com.unity.ugui/Editor Resources/Textures/btn_AlignRight_Light.psd' with importer (TextureImporter)
Imported 'GUID: e05ace3bd15740cda0bad60d89092a5b' -> (Import Result ID: '91147d2555c8e7430b043e370eedbd8f') in 0.024 seconds [static and dynamic dependencies]. Details - ImportResultOutputID=e3378e0de8741ec76ce7b3c08d6589a1 DependenciesID=979817b89427ebc0b2a0b7260b5fe07c StaticDependenciesID=d9f94ae87f2f802f9a04ff18904e6456 
Importing 'GUID: 41b96614b2e6494ba995ddcd252d11ae - Path: Packages/com.unity.ugui/Editor Resources/Textures/btn_AlignMiddle.psd' with importer (TextureImporter)
Imported 'GUID: 41b96614b2e6494ba995ddcd252d11ae' -> (Import Result ID: 'a61c4eaa6ff7dc00070ac65ac96ea920') in 0.006 seconds [static and dynamic dependencies]. Details - ImportResultOutputID=a31ce63bcafb7e50975dfc641407af95 DependenciesID=2efbd5fbf23a7228af01d08db1fdf002 StaticDependenciesID=5a5c15e298bb8ec4d74b26c00546f68c 
Importing 'GUID: 81ed8c76d2bc4a4c95d092c98af4e58f - Path: Packages/com.unity.ugui/Editor Resources/Textures/btn_AlignCenter.psd' with importer (TextureImporter)
Imported 'GUID: 81ed8c76d2bc4a4c95d092c98af4e58f' -> (Import Result ID: 'a5e5c252d6c3d3f24a8d3871516761cd') in 0.008 seconds [static and dynamic dependencies]. Details - ImportResultOutputID=cd0030e5ccb8a13901227c563df9db9a DependenciesID=b4f24b20bbae29d802fc828442eaca4d StaticDependenciesID=fcb888a83e430d43975a864d6ba072ce 
Importing 'GUID: 12736c98af174f91827a26b66d2b01b9 - Path: Packages/com.unity.ugui/Editor Resources/Textures/btn_AlignLeft_Light.psd' with importer (TextureImporter)
Imported 'GUID: 12736c98af174f91827a26b66d2b01b9' -> (Import Result ID: '0b99b5bc2ee518a51c8a1588097536fc') in 0.005 seconds [static and dynamic dependencies]. Details - ImportResultOutputID=ccc741d7f4c2ad73d97e1eaf3569a144 DependenciesID=8bcd2a27063190bb84f4a050f4faf897 StaticDependenciesID=00b839894418c56ec93b02124e8ba609 
Importing 'GUID: 92027f7f8cfc4feaa477da0dc38d3d46 - Path: Packages/com.unity.ugui/Editor Resources/Textures/btn_AlignJustified.psd' with importer (TextureImporter)
Imported 'GUID: 92027f7f8cfc4feaa477da0dc38d3d46' -> (Import Result ID: '08c853fbdba5da5cba4009094f03b7c0') in 0.004 seconds [static and dynamic dependencies]. Details - ImportResultOutputID=4a30e95265a694bd6d97d67ae36e29d5 DependenciesID=b32926c6173fa9bd98fb92d0b6e4eb92 StaticDependenciesID=01480926a7ece50ae2a420b76bf5a23e 
Importing 'GUID: 9288066c33474b94b6ee5465f4df1cc0 - Path: Packages/com.unity.ugui/Editor Resources/Textures/btn_AlignLeft.psd' with importer (TextureImporter)
Imported 'GUID: 9288066c33474b94b6ee5465f4df1cc0' -> (Import Result ID: '38120d138d32d7e0c321d50e9f0e1cc6') in 0.006 seconds [static and dynamic dependencies]. Details - ImportResultOutputID=d721db3940c5ac89e9821c36fabc251f DependenciesID=8749358092ab4ab503de4ee0b17edf24 StaticDependenciesID=fb8d7436814d919fb53c628f0d6c097c 
Importing 'GUID: c2f7f6a88b4c4f20a53deb72f3d9144c - Path: Packages/com.unity.ugui/Editor Resources/Textures/btn_AlignMidLine.psd' with importer (TextureImporter)
Imported 'GUID: c2f7f6a88b4c4f20a53deb72f3d9144c' -> (Import Result ID: 'ef10d9c34ed98726161b974418f9bc49') in 0.006 seconds [static and dynamic dependencies]. Details - ImportResultOutputID=6d4de75c71b0c233c7dcc703c2bae022 DependenciesID=0dbaee00389ae104e8179002a4fbee1d StaticDependenciesID=0939e1f48ad590596677e97b50221222 
Importing 'GUID: e3b0f810fdea84e40ab4ba20f256f7e8 - Path: Packages/com.unity.ugui/Editor Resources/Textures/SectionHeader_Light.psd' with importer (TextureImporter)
Imported 'GUID: e3b0f810fdea84e40ab4ba20f256f7e8' -> (Import Result ID: '66df8dbb10c2ab87227d8041680d97a4') in 0.007 seconds [static and dynamic dependencies]. Details - ImportResultOutputID=5858c06440f0ec933312d5eed261d21c DependenciesID=27ea3418ff627a79e89063cf20bbcd36 StaticDependenciesID=2765a6e599eb943fa0344b5be432be3a 
Importing 'GUID: 342a0f8aca7f4f0691338912faec0494 - Path: Packages/com.unity.ugui/Editor Resources/Textures/btn_AlignRight.psd' with importer (TextureImporter)
Imported 'GUID: 342a0f8aca7f4f0691338912faec0494' -> (Import Result ID: 'e2dd38b2694b96ac85f6deb6c31072be') in 0.005 seconds [static and dynamic dependencies]. Details - ImportResultOutputID=4e9f8a40bc01357ff278e775482e99f9 DependenciesID=701a481ac7544f94e01cc224e6439058 StaticDependenciesID=65930132794480b7fc3056e2c3917602 
Importing 'GUID: 64b9fad609434c489c32b1cdf2004a1c - Path: Packages/com.unity.ugui/Editor Resources/Textures/btn_AlignFlush_Light.psd' with importer (TextureImporter)
Imported 'GUID: 64b9fad609434c489c32b1cdf2004a1c' -> (Import Result ID: '100da9843a95ff9428683529fbf37dfe') in 0.004 seconds [static and dynamic dependencies]. Details - ImportResultOutputID=4672fb9cdeb2be36c6251977202fdd0f DependenciesID=f4d1852df88f6b8dad99ef8489222028 StaticDependenciesID=96d26e87e93b3e5d2e9f1cc9e8bf642a 
Importing 'GUID: 35ff0937876540d3bd4b6a941df62a92 - Path: Packages/com.unity.ugui/Editor Resources/Textures/btn_AlignCenterGeo_Light.psd' with importer (TextureImporter)
Imported 'GUID: 35ff0937876540d3bd4b6a941df62a92' -> (Import Result ID: '23a206e6ba241d5194253c24474e9fcd') in 0.009 seconds [static and dynamic dependencies]. Details - ImportResultOutputID=42abf43c865e815a1a335c835a589603 DependenciesID=e3fb2a06e0ead31f6cfc7120b6b6ac68 StaticDependenciesID=c20f806c71815a69a5f2a30c0cc219ed 
Importing 'GUID: 066619c9c9c84f89acb1b48c11a7efe2 - Path: Packages/com.unity.ugui/Editor Resources/Textures/btn_AlignMiddle_Light.psd' with importer (TextureImporter)
Imported 'GUID: 066619c9c9c84f89acb1b48c11a7efe2' -> (Import Result ID: 'b2ec5001626c5b38ddd77f2856d7736b') in 0.005 seconds [static and dynamic dependencies]. Details - ImportResultOutputID=f77cce54afa7d63c595faa114df023f3 DependenciesID=f590f791b567ba569caba75078135fe8 StaticDependenciesID=ebcb6f41f121963585b6800ca60774ba 
Importing 'GUID: a7ec9e7ad8b847b7ae4510af83c5d868 - Path: Packages/com.unity.ugui/Editor Resources/Gizmos/TMP - Dropdown Icon.psd' with importer (TextureImporter)
Imported 'GUID: a7ec9e7ad8b847b7ae4510af83c5d868' -> (Import Result ID: '8ecd523bdc9a88b12cd3923f95a13eb5') in 0.007 seconds [static and dynamic dependencies]. Details - ImportResultOutputID=1d092266e479a9389aa88f9e8c354cc3 DependenciesID=2cb844105627d057fa0c4a7ba8637425 StaticDependenciesID=d25cf6ffe4de545aadba23a2f6cf5bef 
Importing 'GUID: c76700ea0062413d9f69409b4e9e151b - Path: Packages/com.unity.ugui/Editor Resources/Textures/btn_AlignCenterGeo.psd' with importer (TextureImporter)
Imported 'GUID: c76700ea0062413d9f69409b4e9e151b' -> (Import Result ID: '42c7a7637898299698fce72e3efae800') in 0.004 seconds [static and dynamic dependencies]. Details - ImportResultOutputID=72aee2cb9476632a70cc794e11679c7f DependenciesID=e92e33bbb65eeab36826fb08ad743777 StaticDependenciesID=512342258a9094da98cf6d47a54e2f89 
Importing 'GUID: 18775b51e3bd42299fd30bd036ea982f - Path: Packages/com.unity.ugui/Editor Resources/Textures/btn_AlignBaseLine_Light.psd' with importer (TextureImporter)
Imported 'GUID: 18775b51e3bd42299fd30bd036ea982f' -> (Import Result ID: '66d764d03926d113902b2db00c619c7a') in 0.003 seconds [static and dynamic dependencies]. Details - ImportResultOutputID=b79d4d30fa756deee11d23370f77ef67 DependenciesID=b4ef3a77fe4eadd52e2a4847701eae35 StaticDependenciesID=be23cbe8287b5be74c6e89b19ec95c1e 
Importing 'GUID: 48d034c499ee4697af9dd6e327110249 - Path: Packages/com.unity.ugui/Editor Resources/Textures/btn_AlignTop.psd' with importer (TextureImporter)
Imported 'GUID: 48d034c499ee4697af9dd6e327110249' -> (Import Result ID: 'bfffea347ef790dd294c97985af3f8da') in 0.005 seconds [static and dynamic dependencies]. Details - ImportResultOutputID=32839be415b4fbc867bb3343129f7ff4 DependenciesID=2f8f04feca89d08de7b0c2a97f29ba22 StaticDependenciesID=6aeaa971d658fb6be4d5c017d0e783cf 
Importing 'GUID: 585b70cb75dd43efbfead809c30a1731 - Path: Packages/com.unity.ugui/Editor Resources/Textures/btn_AlignBottom_Light.psd' with importer (TextureImporter)
Imported 'GUID: 585b70cb75dd43efbfead809c30a1731' -> (Import Result ID: '8122c833ad323baad84d91f0596525a6') in 0.004 seconds [static and dynamic dependencies]. Details - ImportResultOutputID=c0ba537ca5f8b0b712a9e2b6afcf00ee DependenciesID=58fa524ee20e9b5a4de79174d01affe5 StaticDependenciesID=9d0cd4591fe50e628a54133bb729e315 
Importing 'GUID: 49679f302ac6408697f6b9314a38985c - Path: Packages/com.unity.ugui/Editor Resources/Textures/btn_AlignCapLine_Light.psd' with importer (TextureImporter)
Imported 'GUID: 49679f302ac6408697f6b9314a38985c' -> (Import Result ID: '89a99c064ada06b0d02aa70db7aab48c') in 0.003 seconds [static and dynamic dependencies]. Details - ImportResultOutputID=b40afbb80262103711541ce768c9c967 DependenciesID=99af14b2c649e43576d0c0fcee47ab2c StaticDependenciesID=7d107c7a3b98713080b4cebcc25406a3 
Importing 'GUID: 691475c57a824010be0c6f474caeb7e1 - Path: Packages/com.unity.ugui/Editor Resources/Textures/btn_AlignFlush.psd' with importer (TextureImporter)
Imported 'GUID: 691475c57a824010be0c6f474caeb7e1' -> (Import Result ID: 'aeecb19d5a4b0a1e83efabafe2877407') in 0.003 seconds [static and dynamic dependencies]. Details - ImportResultOutputID=c613369413b407b6ff64265022388b34 DependenciesID=f47ad224c1e2f4ac4039b1fbcfd5bce4 StaticDependenciesID=44bdc218b09594db6c32e1acf2f801ae 
Importing 'GUID: 6ace62d30f494c948b71d5594afce11d - Path: Packages/com.unity.ugui/Editor Resources/Textures/btn_AlignCenter_Light.psd' with importer (TextureImporter)
Imported 'GUID: 6ace62d30f494c948b71d5594afce11d' -> (Import Result ID: '59647cd29307c52e2b2a1bf7649f7695') in 0.003 seconds [static and dynamic dependencies]. Details - ImportResultOutputID=bc7c1c85970df28fcabf973c81deeb88 DependenciesID=f0e0598aba3dd2b04541dc5dc7654fdb StaticDependenciesID=6ce039aade2d172e1c333e1bf386b43e 
Importing 'GUID: ca51b19024094d1b87f3e07edb0a75fb - Path: Packages/com.unity.ugui/Editor Resources/Textures/btn_AlignBottom.psd' with importer (TextureImporter)
Imported 'GUID: ca51b19024094d1b87f3e07edb0a75fb' -> (Import Result ID: 'b33f5b88193e2360a314c8f7e46b113e') in 0.005 seconds [static and dynamic dependencies]. Details - ImportResultOutputID=a0c1f186defb5f2aae7340b134ce0aa4 DependenciesID=d106226d912c9205fb33ddc4a6965645 StaticDependenciesID=7a62c9f3749049c4c872ef42bb344c0f 
Importing 'GUID: fa6bd40a216346b783a4cce741d277a5 - Path: Packages/com.unity.ugui/Editor Resources/Textures/btn_AlignJustified_Light.psd' with importer (TextureImporter)
Imported 'GUID: fa6bd40a216346b783a4cce741d277a5' -> (Import Result ID: '93bda36a52a89fefaf3480f791a2816f') in 0.004 seconds [static and dynamic dependencies]. Details - ImportResultOutputID=a3a280609257f85b23aa28d1d6da0790 DependenciesID=608dd6daf157e9f56b290b2487088d17 StaticDependenciesID=d57b575d93ec8dcf432dceb2dd80643e 
Importing 'GUID: 8bc445bb79654bf496c92d0407840a92 - Path: Packages/com.unity.ugui/Editor Resources/Textures/btn_AlignBaseLine.psd' with importer (TextureImporter)
Imported 'GUID: 8bc445bb79654bf496c92d0407840a92' -> (Import Result ID: '7ffa820d9bbb5f1759630b4d7109d0ac') in 0.005 seconds [static and dynamic dependencies]. Details - ImportResultOutputID=1da4b4321201c9fc120c4b5d6d0da406 DependenciesID=b28203e3e41c0187e8c85bdd52aac5df StaticDependenciesID=9e77ebaf615f0af468340136b971e6fd 
Importing 'GUID: bb42b2d967d6427983c901a4ffc8ecd9 - Path: Packages/com.unity.ugui/Editor Resources/Textures/btn_AlignMidline_Light.psd' with importer (TextureImporter)
Imported 'GUID: bb42b2d967d6427983c901a4ffc8ecd9' -> (Import Result ID: 'a430db1d4461d7dd71562b242e7686cb') in 0.004 seconds [static and dynamic dependencies]. Details - ImportResultOutputID=f9f6f7e8bc558f0880ae54f7db5a27b0 DependenciesID=3bc32e68c79eb2cdfc2cf73660ca9af3 StaticDependenciesID=793c8764f168dd2924c82463e6ac067a 
Importing 'GUID: fb5730e24283d0c489e5c7d0bee023d9 - Path: Packages/com.unity.ugui/Editor Resources/Textures/SectionHeader_Dark.psd' with importer (TextureImporter)
Imported 'GUID: fb5730e24283d0c489e5c7d0bee023d9' -> (Import Result ID: '2207dcf0efc3a8a38690cd4585a029fb') in 0.004 seconds [static and dynamic dependencies]. Details - ImportResultOutputID=46afcc5bb4c6333eef3173c7cc2fab55 DependenciesID=8f546b62fcdece29150724ac67cc10f6 StaticDependenciesID=99bc241f7e2a94c70be8fb85441f2221 
Importing 'GUID: ec7c645d93308c04d8840982af12101e - Path: Packages/com.unity.ugui/Editor Resources/Gizmos/TMP - Sprite Asset Icon.psd' with importer (TextureImporter)
Imported 'GUID: ec7c645d93308c04d8840982af12101e' -> (Import Result ID: 'ad94acf624412b65610547e34d6e67d3') in 0.006 seconds [static and dynamic dependencies]. Details - ImportResultOutputID=a1ea644dbf7fd0403392d7738c953d32 DependenciesID=e67716c0aac56dd723c97dcd452bae60 StaticDependenciesID=da6dc773fe60859d1662f70ef9f74706 
Importing 'GUID: 0d9a36012a224080966c7b55896aa0f9 - Path: Packages/com.unity.ugui/Editor Resources/Textures/btn_AlignCapLine.psd' with importer (TextureImporter)
Imported 'GUID: 0d9a36012a224080966c7b55896aa0f9' -> (Import Result ID: 'f0b2b79edfe267254511703ad39a9a7d') in 0.004 seconds [static and dynamic dependencies]. Details - ImportResultOutputID=f47e4507a3e8c56c6eb293b5fad5f96a DependenciesID=ce6182cce08be188422af1477d33d550 StaticDependenciesID=9221d101b9b9810e92c30fc199af23d1 
Importing 'GUID: ed041e68439749a69d0efa0e3d896c2e - Path: Packages/com.unity.ugui/Editor Resources/Textures/btn_AlignTop_Light.psd' with importer (TextureImporter)
Imported 'GUID: ed041e68439749a69d0efa0e3d896c2e' -> (Import Result ID: '9605ce4bf30651ca665d8eca6d901015') in 0.004 seconds [static and dynamic dependencies]. Details - ImportResultOutputID=c542233f35e58120068d4c9fc2cbad5e DependenciesID=e569c0ac5f16056c1bb46c096d77ce49 StaticDependenciesID=cff6297ce7f83458541e2cc7b14df8bb 
Importing 'GUID: 3ee40aa79cd242a5b53b0b0ca4f13f0f - Path: Packages/com.unity.ugui/Editor Resources/Gizmos/TMP - Input Field Icon.psd' with importer (TextureImporter)
Imported 'GUID: 3ee40aa79cd242a5b53b0b0ca4f13f0f' -> (Import Result ID: '9e0a259c80222c03737b5b8118df4298') in 0.007 seconds [static and dynamic dependencies]. Details - ImportResultOutputID=ce54539d4f6482da89c50386bfac2f02 DependenciesID=b868e6146795b0a9a3cd2c9d1a6e8e75 StaticDependenciesID=7161c63cf97c0e0b1f843a12ea672410 
Importing 'GUID: ee148e281f3c41c5b4ff5f8a5afe5a6c - Path: Packages/com.unity.ugui/Editor Resources/Gizmos/TMP - Font Asset Icon.psd' with importer (TextureImporter)
Imported 'GUID: ee148e281f3c41c5b4ff5f8a5afe5a6c' -> (Import Result ID: '198804e6c2621cdc2d0e5885f33ba1d9') in 0.007 seconds [static and dynamic dependencies]. Details - ImportResultOutputID=0b1b0f665efda68f91e501c03129b44c DependenciesID=4a030af1365db088e9e4528dd1323c29 StaticDependenciesID=f6fb8b45520767464e90df2a78b33b57 
Importing 'GUID: 2fd6421f253b4ef1a19526541f9ffc0c - Path: Packages/com.unity.ugui/Editor Resources/Gizmos/TMP - Text Component Icon.psd' with importer (TextureImporter)
Imported 'GUID: 2fd6421f253b4ef1a19526541f9ffc0c' -> (Import Result ID: 'c8535ba46cc39e2e8e07b9206102afff') in 0.006 seconds [static and dynamic dependencies]. Details - ImportResultOutputID=15f2b706026caf410c93cb17c3c74ba9 DependenciesID=ca95413d6875928840732b8c838edbe1 StaticDependenciesID=279d39d469c8806a5964f1898d84e31d 
Importing 'GUID: abe6991365a27d341a10580f3b7c0f44 - Path: Packages/com.unity.ugui/Editor Resources/Shaders/TMP_SDF_SSD.cginc' with importer (ShaderIncludeImporter)
Imported 'GUID: abe6991365a27d341a10580f3b7c0f44' -> (Import Result ID: 'cd76042a68f43c12c5fc241cc2dce666') in 0.003 seconds [static dependencies only]. Details - ImportResultOutputID=f0b0edc1f6845df24f32404ef2846fef DependenciesID=7997af0e60f66d034a0561c1cdc03da0 StaticDependenciesID=ff97963374970e5b41f05a9e62284a2d 
Importing 'GUID: 3c6c403084eacec478a1129ce20061ea - Path: Packages/com.unity.ugui/Editor Resources/Shaders/TMP_Properties.cginc' with importer (ShaderIncludeImporter)
Imported 'GUID: 3c6c403084eacec478a1129ce20061ea' -> (Import Result ID: '81b1365ade80524ba8c50f7e6ec814db') in 0.002 seconds [static dependencies only]. Details - ImportResultOutputID=75e4aafcd66ddfa4ba96feb8d8692d46 DependenciesID=b4b72d3b3ace47944b0bb555b7dc5f03 StaticDependenciesID=cafa208ba198ed32ac5f92f325b0b45b 
Importing 'GUID: 9c442dc870b456e48b615cd8add0e9ef - Path: Packages/com.unity.ugui/Editor Resources/Shaders/TMP_SDF Internal Editor.shader' with importer (ShaderImporter)
Launched and connected shader compiler UnityShaderCompiler.exe after 0.02 seconds
Imported 'GUID: 9c442dc870b456e48b615cd8add0e9ef' -> (Import Result ID: '61447257136a134c048ab16609e52b24') in 0.070 seconds [static and dynamic dependencies]. Details - ImportResultOutputID=217ae37ec1a2551cd23c1f2dfd06aa4a DependenciesID=8a2ebac69a7498270998200ddea5c9d3 StaticDependenciesID=44e1e3cc417c08023b5102c2d5784f16 
Importing 'GUID: 30b312a167534621b316172253b08723 - Path: Packages/com.unity.modules.subsystems/package.json' with importer (PackageManifestImporter)
Imported 'GUID: 30b312a167534621b316172253b08723' -> (Import Result ID: '91cadbda1f4551ba4ae374b5d4ebbb95') in 0.002 seconds [static dependencies only]. Details - ImportResultOutputID=f12373219448441b0341099e7af5eb41 DependenciesID=c3a1a64a1ed707356763ac5780bfff54 StaticDependenciesID=b0c5384f3a63b37ff1cc33155b308e39 
Importing 'GUID: 40bf3cec17fa0b49fe04443c8332d638 - Path: Packages/com.unity.modules.jsonserialize/package.json' with importer (PackageManifestImporter)
Imported 'GUID: 40bf3cec17fa0b49fe04443c8332d638' -> (Import Result ID: '062926dc2f811d5fa649e1a6cf35b2be') in 0.001 seconds [static dependencies only]. Details - ImportResultOutputID=d715bb69eb97158ae78ee98bcdc249c8 DependenciesID=4e6f9b5b81636b56298af5228107b3cb StaticDependenciesID=0fc633a2d442bf1460b6d27ccd581959 
Importing 'GUID: 80beef77cb19e713c7c2d481b65ed485 - Path: Packages/com.unity.modules.screencapture/package.json' with importer (PackageManifestImporter)
Imported 'GUID: 80beef77cb19e713c7c2d481b65ed485' -> (Import Result ID: '43371bca79999413678980d6fc470d9b') in 0.001 seconds [static dependencies only]. Details - ImportResultOutputID=b4ffc84b5928a9d8fa48bb1ab9ca0965 DependenciesID=c066d8070b2f6fb0d766951c3eb71b2b StaticDependenciesID=39cc6ec39bb1615df8637c27727a4672 
Importing 'GUID: e0ae6629cc70b514889df37fccb76832 - Path: Packages/com.unity.ugui/README.md' with importer (TextScriptImporter)
Imported 'GUID: e0ae6629cc70b514889df37fccb76832' -> (Import Result ID: 'ff4c6f164c81db02abbfbd12834460b6') in 0.002 seconds [static dependencies only]. Details - ImportResultOutputID=9708c64e8b19c45326eb84a19a6a7c07 DependenciesID=ba75302d059da8d6d3d2fde9895d33e3 StaticDependenciesID=76a9e24c1d0e8e7ca8008f83a0018b4a 
Importing 'GUID: 319b8889f363f5947acf209c17a94149 - Path: Packages/com.unity.ugui/package.json' with importer (PackageManifestImporter)
Imported 'GUID: 319b8889f363f5947acf209c17a94149' -> (Import Result ID: 'c02db6a1a00edd090014c1b7ad34afb9') in 0.002 seconds [static dependencies only]. Details - ImportResultOutputID=476d69259838683c3403395662739830 DependenciesID=3ca50671dc1bf41cf027ca3c6e1fbeb7 StaticDependenciesID=1a476b55d3d9db0cc6ec185eecabf14a 
Importing 'GUID: 42fe78c8fe682715a2cb531422e6ccb3 - Path: Packages/com.unity.modules.imgui/package.json' with importer (PackageManifestImporter)
Imported 'GUID: 42fe78c8fe682715a2cb531422e6ccb3' -> (Import Result ID: '38d3bb719d37ec99f8a9f6c14d39c414') in 0.001 seconds [static dependencies only]. Details - ImportResultOutputID=a5346159d22bce0395fd3c3cfff1d1a1 DependenciesID=bb3e0f71c194a791f04bcb82e59b0e77 StaticDependenciesID=fcba81c59960cbb5fd08016f128ba1a0 
Importing 'GUID: 92a378669877c05c6071d0fed687bb95 - Path: Packages/com.unity.modules.tilemap/package.json' with importer (PackageManifestImporter)
Imported 'GUID: 92a378669877c05c6071d0fed687bb95' -> (Import Result ID: '08175b43d19d068c3d070bec5e4db444') in 0.001 seconds [static dependencies only]. Details - ImportResultOutputID=23dd1249d007cf65d61b546a4fe02828 DependenciesID=d50bdc650850cd95506663c9d7227b68 StaticDependenciesID=7ba57acf13f14af7fe4f557b15547504 
Importing 'GUID: 939b89fc6b924ea2e821fc1be1b09f56 - Path: Packages/com.unity.modules.tetgen/package.json' with importer (PackageManifestImporter)
Imported 'GUID: 939b89fc6b924ea2e821fc1be1b09f56' -> (Import Result ID: '11768157ac485b2639961b8822c46966') in 0.001 seconds [static dependencies only]. Details - ImportResultOutputID=29fa5e06454fd7d4a3de4ebaad1b9fb3 DependenciesID=c1b4948256745152fc2049e828600095 StaticDependenciesID=85fe6b83da180efd3b8a71f4f73ea1d2 
Importing 'GUID: 2479a4656ed89570ebd1de1fdda3dae5 - Path: Packages/com.unity.modules.timelinefoundation/package.json' with importer (PackageManifestImporter)
Imported 'GUID: 2479a4656ed89570ebd1de1fdda3dae5' -> (Import Result ID: '0302208327ef60b38a6c6ef73efb8e67') in 0.001 seconds [static dependencies only]. Details - ImportResultOutputID=46a2b4bb43d4824a41d6c5129c0be0e9 DependenciesID=da2ed76247ab9d845fc0bddff5663209 StaticDependenciesID=89e750f67239ef258d2e24cbb0e9b393 
Importing 'GUID: 05f5bfd584002f948982a1498890f9a9 - Path: Packages/com.unity.ugui/PackageConversionData.json' with importer (TextScriptImporter)
Imported 'GUID: 05f5bfd584002f948982a1498890f9a9' -> (Import Result ID: '9d6044e8c23af260ec056506e9467f43') in 0.001 seconds [static dependencies only]. Details - ImportResultOutputID=514ad8f63f1072d3b0a1e5a4464c8dfb DependenciesID=251e78c6e028cc4939d4363f316ac59f StaticDependenciesID=431e48ef2b7284a5ae6beeae3a9f4dab 
Importing 'GUID: 953fab16d15d5885b3600fcd6388b2ad - Path: Packages/com.unity.modules.imageconversion/package.json' with importer (PackageManifestImporter)
Imported 'GUID: 953fab16d15d5885b3600fcd6388b2ad' -> (Import Result ID: 'f429bdfb79f913ce8c501a82d8358497') in 0.002 seconds [static dependencies only]. Details - ImportResultOutputID=0e4995c3f3dd5769464d8a543795eb59 DependenciesID=65c452b17df9a2ed2f86b3ad31f5fd59 StaticDependenciesID=3a87574dc1bf2139ab2e833c570d41ac 
Importing 'GUID: b5930dbc378b45d406aeb881f06b6dfa - Path: Packages/com.unity.modules.physicscore2d/package.json' with importer (PackageManifestImporter)
Imported 'GUID: b5930dbc378b45d406aeb881f06b6dfa' -> (Import Result ID: '2a94add01761f8fc65c922a501319370') in 0.001 seconds [static dependencies only]. Details - ImportResultOutputID=af44914a33c884dc4608f0447aad1ab8 DependenciesID=bbce0d58c26795613a52965175925ea9 StaticDependenciesID=920f07d595124003c9dbccbb35574a76 
Importing 'GUID: f7a8357347c80dc69c08d0b1a05e2122 - Path: Packages/com.unity.modules.physics2d/package.json' with importer (PackageManifestImporter)
Imported 'GUID: f7a8357347c80dc69c08d0b1a05e2122' -> (Import Result ID: '8e18bbb66b2b3d8f7842ee3a260e5e45') in 0.001 seconds [static dependencies only]. Details - ImportResultOutputID=ffdd5cf71990097dc8e67f888e336b27 DependenciesID=68187d32eb6aebb86cb290844636b6d9 StaticDependenciesID=f56b4961831f9b23bfaa0e5ff6985f7e 
Importing 'GUID: 78e5667e52329c3ceef41288763404ae - Path: Packages/com.unity.modules.vectorgraphics/package.json' with importer (PackageManifestImporter)
Imported 'GUID: 78e5667e52329c3ceef41288763404ae' -> (Import Result ID: '09f01d89e95ac1113032cda9f5947657') in 0.001 seconds [static dependencies only]. Details - ImportResultOutputID=ef5e6b3fee8048647d8f25b6cde53588 DependenciesID=cc5ecf416d7daecaadaacc0456f35c38 StaticDependenciesID=084b183a4b093193949ce92dec6e1dc4 
Importing 'GUID: c851bee4305bddf438cc6ffc515991ce - Path: Packages/com.unity.ugui/CHANGELOG.md' with importer (TextScriptImporter)
Imported 'GUID: c851bee4305bddf438cc6ffc515991ce' -> (Import Result ID: 'a012aa7a92d2b2145f8e32ab3761bb83') in 0.001 seconds [static dependencies only]. Details - ImportResultOutputID=a17492c96aae21c813ce305b809d9038 DependenciesID=349b08313617deb0ba401464a877e20f StaticDependenciesID=cbffa6c092ccccd73df2f6f90f225dd4 
Importing 'GUID: e9df95f53f1c1d0c9199e235d6c42b50 - Path: Packages/com.unity.modules.audio/package.json' with importer (PackageManifestImporter)
Imported 'GUID: e9df95f53f1c1d0c9199e235d6c42b50' -> (Import Result ID: '3da0abae5321bad105734fca4c4bca28') in 0.001 seconds [static dependencies only]. Details - ImportResultOutputID=9e7a8ca17c9ada176ee8f9feaacb145a DependenciesID=b61383e346dbc8a029c6c7d93da0c63e StaticDependenciesID=a6ba264de710eb848c1def723963e3cc 
Importing 'GUID: 1a4266815e998967becf686f9c71f0a6 - Path: Packages/com.unity.modules.physics/package.json' with importer (PackageManifestImporter)
Imported 'GUID: 1a4266815e998967becf686f9c71f0a6' -> (Import Result ID: '7b29e9278b7ae7ab0bcead621cf46af3') in 0.001 seconds [static dependencies only]. Details - ImportResultOutputID=a2d6f3bfd9bb75782461acb9a5eb4f5a DependenciesID=bd4510c5c9c050edfefb2c84c95abf90 StaticDependenciesID=ff880c4980be6e10637516ee80719398 
Importing 'GUID: 9b1a5759726ef9d39a0ab82047b615f1 - Path: Packages/com.unity.modules.hierarchycore/package.json' with importer (PackageManifestImporter)
Imported 'GUID: 9b1a5759726ef9d39a0ab82047b615f1' -> (Import Result ID: 'e2f2a4dc1806eafb567812fa13071323') in 0.001 seconds [static dependencies only]. Details - ImportResultOutputID=1dea4a637fffff459a716aab2b4544dc DependenciesID=d8bebc9a9b7a84bd405ce0fcce71b5c8 StaticDependenciesID=882b96a1432b49929b6e23cde2929d1c 
Importing 'GUID: 4c413a81cadcce7038e446e56570117e - Path: Packages/com.unity.modules.adaptiveperformance/package.json' with importer (PackageManifestImporter)
Imported 'GUID: 4c413a81cadcce7038e446e56570117e' -> (Import Result ID: '6bc9096e03b526a234bd93df8e40474d') in 0.001 seconds [static dependencies only]. Details - ImportResultOutputID=1f07c1ff1eeefc2532264b0ab169267a DependenciesID=2824091591b7cc56042c6ee0b731bf44 StaticDependenciesID=1a42c6fc11b3b4a5a41df228177a979d 
Importing 'GUID: 4d3d51749e989f747b2674e0b4d9b3d7 - Path: Packages/com.unity.ugui/LICENSE.md' with importer (TextScriptImporter)
Imported 'GUID: 4d3d51749e989f747b2674e0b4d9b3d7' -> (Import Result ID: 'b6cf6630aa0fe2d51da6c53e19985b7b') in 0.002 seconds [static dependencies only]. Details - ImportResultOutputID=c071a1e51437c55e108d087fc4bbb5cb DependenciesID=d6851ec9d112dd7adc80cd106fb91d8d StaticDependenciesID=a109e2cc911b59b49ef8492626e8c2f6 
Importing 'GUID: 0e0afa652c0031c48896a97b424d027b - Path: Packages/com.unity.ugui/PackageConversionData_Assets.json' with importer (TextScriptImporter)
Imported 'GUID: 0e0afa652c0031c48896a97b424d027b' -> (Import Result ID: '9ba8860fdb7523d0121a589b80e1db09') in 0.002 seconds [static dependencies only]. Details - ImportResultOutputID=a8d1ec1a9aa70f2cb19b25741c2097d7 DependenciesID=b333c7e405e4deea9b63f8885c5d5c1f StaticDependenciesID=042f13c75eea42e7d5f0e98495fa9094 
Importing 'GUID: 7ef8348b8ea834d7e1bc214b07f7fb87 - Path: Packages/com.unity.modules.animation/package.json' with importer (PackageManifestImporter)
Imported 'GUID: 7ef8348b8ea834d7e1bc214b07f7fb87' -> (Import Result ID: '82e086625e3caaa7556c47741779fbbd') in 0.001 seconds [static dependencies only]. Details - ImportResultOutputID=b91668c34ad33289ab3788464c3773fc DependenciesID=0065dbae8c760ef394d86b185f8b83a2 StaticDependenciesID=a1cddf4511130d831d577e406d2312e6 
Importing 'GUID: 3fdd83b151eb8d25c5e2f82fc39dcb04 - Path: Packages/com.unity.modules.unitywebrequest/package.json' with importer (PackageManifestImporter)
Imported 'GUID: 3fdd83b151eb8d25c5e2f82fc39dcb04' -> (Import Result ID: '92635879e69b098a24aed6b11124d6af') in 0.001 seconds [static dependencies only]. Details - ImportResultOutputID=c3fdc439e8f1f75cc7a0e86c4c6ba96d DependenciesID=af541476494a73d8e0e3c25128f3ed67 StaticDependenciesID=7d8ffda6dfec0ff398f84144af32c448 
Importing 'GUID: 4f0f9b9f3ed97ad2b9ba8f1a8e4666c2 - Path: Packages/com.unity.modules.uielements/package.json' with importer (PackageManifestImporter)
Imported 'GUID: 4f0f9b9f3ed97ad2b9ba8f1a8e4666c2' -> (Import Result ID: '184794dd62116f07f31b8718f7db4388') in 0.001 seconds [static dependencies only]. Details - ImportResultOutputID=c6edeb5d9bc578ffca7fbf049f13618e DependenciesID=55e8d1ec6ce87a14c2bd6ab2efec80b4 StaticDependenciesID=6a093705c82ba59492894df208618d92 
Importing 'GUID: bfd567a3d1631a761bca9e99fa53d86d - Path: Packages/com.unity.modules.ui/package.json' with importer (PackageManifestImporter)
Imported 'GUID: bfd567a3d1631a761bca9e99fa53d86d' -> (Import Result ID: '4dd710bbce123bc757f4a8a01bdf269a') in 0.001 seconds [static dependencies only]. Details - ImportResultOutputID=2c146ae310e14069b7968d16cdff2b0b DependenciesID=b1c5e489db4e32517744613cffb974f4 StaticDependenciesID=9d4c7cf74df7148af2e86e5b6924c57c 
Launched and connected shader compiler UnityShaderCompiler.exe after 0.02 seconds
Launched and connected shader compiler UnityShaderCompiler.exe after 0.02 seconds
Loading style catalogs (6)
	StyleSheets/Extensions/base/common.uss
	UIPackageResources/StyleSheets/Default/Variables/Public/common.uss
	StyleSheets/Northstar/common.uss
	StyleSheets/Extensions/fonts/inter.uss
	StyleSheets/Extensions/base/dark.uss
	UIPackageResources/StyleSheets/Default/Northstar/Palette/dark.uss

Asset Pipeline Refresh (id=835276524805be84d815ceb776002a4c): Total: 30.352 seconds - Initiated by InitialRefreshV2(ForceSynchronousImport)
	(Values over 0.05ms)
	Summary:
		Imports: total=234 (actual=234, local cache=0, cache server=0)
		Asset DB Process Time: managed=59 ms, native=7371 ms
		Asset DB Callback time: managed=180 ms, native=4301 ms
		Scripting: domain reloads=1, domain reload time=1302 ms, compile time=17122 ms, other=13 ms
		Project Asset Count: scripts=172, non-scripts=62
		Asset File Changes: new=638, changed=638, moved=0, deleted=0
		Scan Filter Count: 0
	InvokePackagesCallback: 3726.923ms
	ApplyChangesToAssetFolders: 0.670ms
	Scan: 4082.997ms
	Collect global state as custom dependencies: 63.468ms
	OnSourceAssetsModified: 2.467ms
	CategorizeScriptCompilationAssets: 1.257ms
	ProcessAssetsWithTransientArtifactChanges: 21.782ms
	CategorizeAssets: 6.668ms
	CompileScripts: 17122.170ms
	ImportOutOfDateAssets: 2976.086ms (1797.555ms without children)
		ImportManagerImport: 1120.257ms (29.496ms without children)
			UpdateCategorizedAssets: 1.198ms
		UnloadImportedAssets: 5.469ms
		ReloadImportedAssets: 0.178ms
		EnsureUptoDateAssetsAreRegisteredWithGuidPM: 0.101ms
		InitializingProgressBar: 0.057ms
		ImportSchedulerStart: 52.636ms
	PostProcessAllAssets: 788.092ms
		ShaderAssetModifiedCallback 477.373ms
		VersionControlSettings.HiddenFilePostprocess 4.481ms
		PostProcessCallbackCreateDeferredMaterials 3.053ms
		VCAutoAddAssetPostprocess 2.955ms
		AssemblyValidation.PostprocessAllAssets 2.431ms
		ComputeShaderImportPostprocess 0.757ms
		LocalizationDatabase.AssetDatabasePostprocessCallback 0.749ms
		RaytracingShaderImportPostprocess 0.699ms
		SpeedTreeImporter.PostprocessAllAssets 0.565ms
		BlockShaderImporter.PostprocessAllAssets 0.352ms
		MonoPostProcessAllAssets: 179.381ms
			StyleCatalogPostProcessor.OnPostprocessAllAssets 116.796ms
			AssetPostprocessor.OnPostprocessAllAssets 21.611ms
			WindowAssetPostprocessingWatcher.OnPostprocessAllAssets 8.902ms
			BuilderAssetPostprocessor.OnPostprocessAllAssets 5.545ms
			TextAssetPostProcessor.OnPostprocessAllAssets 3.580ms
			AssetChangedListener.OnPostprocessAllAssets 3.081ms
			SyncVS.PostprocessSyncProject 2.665ms
			SpeedTree9Postprocessor.OnPostprocessAllAssets 1.457ms
			RetainedModeAssetPostprocessor.OnPostprocessAllAssets 1.292ms
			ReferencedClipsPostProcessor.OnPostprocessAllAssets 1.188ms
			EditModeScopePostprocessor.OnPostprocessAllAssets 0.796ms
			AssetEvents.OnPostprocessAllAssets 0.647ms
			ArtifactBrowserPostProcessor.OnPostprocessAllAssets 0.516ms
			TerrainToolbarOverlayPostProcessor.OnPostprocessAllAssets 0.325ms
			ConfigAssetsTracker.OnPostprocessAllAssets 0.293ms
			AudioMixerPostprocessor.OnPostprocessAllAssets 0.286ms
			TMPro_TexturePostProcessor.OnPostprocessAllAssets 0.270ms
			ThemePostprocessor.OnPostprocessAllAssets 0.263ms
			SpeedTreePostProcessor.OnPostprocessAllAssets 0.258ms
			AssetDatabaseCallbacks.OnPostprocessAllAssets 0.248ms
			ScenarioDriftAssetsTracker.OnPostprocessAllAssets 0.194ms
			RenderPipelineGlobalSettingsPostprocessor.OnPostprocessAllAssets 0.132ms
			AudioContainerPostProcessor.OnPostprocessAllAssets 0.071ms
	PostAssetChangesProfiler: 1.511ms
	UnloadStreamsBegin: 1.494ms
	PersistCurrentRevisions: 0.288ms
	Untracked: 1435.602ms

Application.AssetDatabase Initial Refresh End
Scanning for USB devices : 4.898ms
Initializing Unity extensions:
[MODES] ModeService[none].Initialize
[MODES] ModeService[none].LoadModes
[MODES] Loading mode Default (0) for mode-current-id-game
Unloading 3 Unused Serialized files (Serialized files now loaded: 0)
Unloading 418 unused Assets / (0.5 MB). Loaded Objects now: 1155.
Memory consumption went from 230.2 MB to 229.7 MB.
Total: 5.976800 ms (FindLiveObjects: 0.225700 ms CreateObjectMapping: 0.021500 ms MarkObjects: 5.119400 ms  DeleteObjects: 0.256500 ms)

Unloading 0 Unused Serialized files (Serialized files now loaded: 0)
Unloading 0 unused Assets / (Unknown). Loaded Objects now: 1155.
Memory consumption went from 229.3 MB to 229.3 MB.
Total: 5.103700 ms (FindLiveObjects: 0.144100 ms CreateObjectMapping: 0.009200 ms MarkObjects: 4.592200 ms  DeleteObjects: 0.225000 ms)

Importing 'GUID: 34bdeda1645992040b68b6fa703e5fb2 - Path: Assets/__playable.unity' with importer (DefaultImporter)
Imported 'GUID: 34bdeda1645992040b68b6fa703e5fb2' -> (Import Result ID: '452f1a3be5ac904866c450003079c095') in 0.001 seconds [static dependencies only]. Details - ImportResultOutputID=2a6962859620249245ac5cc5c99777b9 DependenciesID=e540624d5a49723dac443ea89f357377 StaticDependenciesID=f08184d918a7c83c19aad66253ab2dee 
Asset Pipeline Refresh (id=06de63c6f81550b48b8db1601d0a79bb): Total: 0.022 seconds - Initiated by StopAssetImportingV2(NoUpdateAssetOptions)
Starting: C:\Users\dlgkr\UnityLocal\6000.6.3f1\Editor\Data\Tools\BuildPipeline\bee_backend.exe --ipc --defer-dag-verification --dagfile="Library/Bee/1900b0aESkipCompile.dag" --continue-on-failure --profile="Library/Bee/backend1.traceevents" ScriptAssembliesAndTypeDB
WorkingDir: C:/Users/dlgkr/msys64/tmp/gauntlet-unity-proj-l3b_4qrn/game
ExitCode: 4 Duration: 0s73ms
[             ] Require frontend run.  Library/Bee/1900b0aESkipCompile.dag couldn't be loaded
Starting: C:\Users\dlgkr\UnityLocal\6000.6.3f1\Editor\Data\DotNetSdk\dotnet.exe "C:\Users\dlgkr\UnityLocal\6000.6.3f1\Editor\Data\Tools\BuildPipeline\ScriptCompilationBuildProgram.exe" "Library/Bee/1900b0aESkipCompile.dag.json" "Library/Bee/1900b0aESkipCompile-inputdata.json" "Library\Bee\buildprogram0.traceevents"
WorkingDir: C:/Users/dlgkr/msys64/tmp/gauntlet-unity-proj-l3b_4qrn/game
ExitCode: 0 Duration: 0s324ms
Starting: C:\Users\dlgkr\UnityLocal\6000.6.3f1\Editor\Data\Tools\BuildPipeline\bee_backend.exe --ipc --defer-dag-verification --dagfile="Library/Bee/1900b0aESkipCompile.dag" --continue-on-failure --dagfilejson="Library\Bee\1900b0aESkipCompile.dag.json" --profile="Library/Bee/backend2.traceevents" ScriptAssembliesAndTypeDB
WorkingDir: C:/Users/dlgkr/msys64/tmp/gauntlet-unity-proj-l3b_4qrn/game
Worker ready: AssetImportWorkerHW0 0
ExitCode: 0 Duration: 0s977ms
Finished compiling graph: 5 nodes, 6 flattened edges (6 ToBuild, 0 ToUse), maximum node priority 3
[2/3        0s] BuildPlayerDataGenerator Library/BuildPlayerData/Editor/TypeDb-All.json
*** Tundra build success (0.95 seconds), 1 items updated, 3 evaluated
Asset Pipeline Refresh (id=baf22bf312b33d14380331823a8e2252): Total: 0.040 seconds - Initiated by RefreshV2(NoUpdateAssetOptions)
[ScriptCompilation] Requested script compilation because: Recompiling scripts for player build.
BuildPlayer: start building target 2
Starting: C:\Users\dlgkr\UnityLocal\6000.6.3f1\Editor\Data\Tools\BuildPipeline\bee_backend.exe --ipc --defer-dag-verification --dagfile="Library/Bee/200b0aP.dag" --continue-on-failure --profile="Library/Bee/backend1.traceevents" ScriptAssembliesAndTypeDB
WorkingDir: C:/Users/dlgkr/msys64/tmp/gauntlet-unity-proj-l3b_4qrn/game
ExitCode: 4 Duration: 0s48ms
[             ] Require frontend run.  Library/Bee/200b0aP.dag couldn't be loaded
Starting: C:\Users\dlgkr\UnityLocal\6000.6.3f1\Editor\Data\DotNetSdk\dotnet.exe "C:\Users\dlgkr\UnityLocal\6000.6.3f1\Editor\Data\Tools\BuildPipeline\ScriptCompilationBuildProgram.exe" "Library/Bee/200b0aP.dag.json" "Library/Bee/200b0aP-inputdata.json" "Library\Bee\buildprogram0.traceevents"
WorkingDir: C:/Users/dlgkr/msys64/tmp/gauntlet-unity-proj-l3b_4qrn/game
Total cache size 268154620
Total cache size after purge 268154620, took 00:00:00.3275469
ExitCode: 0 Duration: 0s306ms
Starting: C:\Users\dlgkr\UnityLocal\6000.6.3f1\Editor\Data\Tools\BuildPipeline\bee_backend.exe --ipc --defer-dag-verification --dagfile="Library/Bee/200b0aP.dag" --continue-on-failure --dagfilejson="Library\Bee\200b0aP.dag.json" --profile="Library/Bee/backend2.traceevents" ScriptAssembliesAndTypeDB
WorkingDir: C:/Users/dlgkr/msys64/tmp/gauntlet-unity-proj-l3b_4qrn/game
ExitCode: 0 Duration: 7s728ms
Finished compiling graph: 123 nodes, 571 flattened edges (537 ToBuild, 10 ToUse), maximum node priority 47
[  1/122    0s] WriteText Library/Bee/artifacts/200b0aP.dag/UnityEngine.UI.UnityAdditionalFile.txt
[  2/122    0s] WriteText Library/Bee/artifacts/200b0aP.dag/UnityEngine.UI.rsp2
[  3/122    0s] MovedFromExtractor Library/Bee/artifacts/mvdfrm/UnityEngine.InputModule.dll_C21BC726F233107C.mvfrm
[  4/122    0s] MovedFromExtractor Library/Bee/artifacts/mvdfrm/UnityEngine.InputLegacyModule.dll_CD2AE7D3B54F0A45.mvfrm
[  5/122    0s] MovedFromExtractor Library/Bee/artifacts/mvdfrm/UnityEngine.IdentifiersModule.dll_146F54AADFD6226C.mvfrm
[  6/122    0s] MovedFromExtractor Library/Bee/artifacts/mvdfrm/UnityEngine.InputForUIModule.dll_4470D3EB13D0EF25.mvfrm
[  7/122    0s] MovedFromExtractor Library/Bee/artifacts/mvdfrm/UnityEngine.GameCenterModule.dll_41BE79D1B3B05269.mvfrm
[  8/122    0s] MovedFromExtractor Library/Bee/artifacts/mvdfrm/UnityEngine.SubsystemsModule.dll_959852C3A367CFF6.mvfrm
[  9/122    0s] MovedFromExtractor Library/Bee/artifacts/mvdfrm/UnityEngine.IMGUIModule.dll_94059EDD422C7FB9.mvfrm
[ 10/122    0s] MovedFromExtractor Library/Bee/artifacts/mvdfrm/UnityEngine.HotReloadModule.dll_FED2A97DCA512FE8.mvfrm
[ 11/122    0s] MovedFromExtractor Library/Bee/artifacts/mvdfrm/UnityEngine.GridModule.dll_FBBBFDC750181A48.mvfrm
[ 12/122    0s] MovedFromExtractor Library/Bee/artifacts/mvdfrm/UnityEngine.GIModule.dll_5565B809F4CA26D4.mvfrm
[ 13/122    0s] MovedFromExtractor Library/Bee/artifacts/mvdfrm/UnityEngine.HierarchyCoreModule.dll_3FDA90BBA725FEB6.mvfrm
[ 14/122    0s] MovedFromExtractor Library/Bee/artifacts/mvdfrm/UnityEngine.CrashReportingModule.dll_29ACBE8457117489.mvfrm
[ 15/122    0s] MovedFromExtractor Library/Bee/artifacts/mvdfrm/UnityEngine.ImageConversionModule.dll_C0700BB04F3A0CF3.mvfrm
[ 16/122    0s] MovedFromExtractor Library/Bee/artifacts/mvdfrm/UnityEngine.ContentLoadModule.dll_D4FC25F5EBDFFC41.mvfrm
[ 17/122    0s] MovedFromExtractor Library/Bee/artifacts/mvdfrm/UnityEngine.ClusterInputModule.dll_1C49CD7AF2E12DA2.mvfrm
[ 18/122    0s] MovedFromExtractor Library/Bee/artifacts/mvdfrm/UnityEngine.CoreModule.dll_1E4AE1D937C38451.mvfrm
[ 19/122    0s] MovedFromExtractor Library/Bee/artifacts/mvdfrm/UnityEngine.AnimationModule.dll_7D89EB77EF1E1466.mvfrm
[ 20/122    0s] MovedFromExtractor Library/Bee/artifacts/mvdfrm/UnityEngine.AudioModule.dll_5BA5FF767BFAEBD8.mvfrm
[ 21/122    0s] MovedFromExtractor Library/Bee/artifacts/mvdfrm/UnityEngine.BurstModule.dll_C49DF0CEA35103C2.mvfrm
[ 22/122    0s] MovedFromExtractor Library/Bee/artifacts/mvdfrm/UnityEngine.AdaptivePerformanceModule.dll_58F660F94ED06C8C.mvfrm
[ 23/122    0s] MovedFromExtractor Library/Bee/artifacts/mvdfrm/UnityEngine.ARModule.dll_769C33FFB6389D83.mvfrm
[ 24/122    0s] MovedFromExtractor Library/Bee/artifacts/mvdfrm/UnityEngine.VectorGraphicsModule.dll_14063E0557297660.mvfrm
[ 25/122    0s] MovedFromExtractor Library/Bee/artifacts/mvdfrm/UnityEngine.VFXModule.dll_4AB069F59F52A9AA.mvfrm
[ 26/122    0s] MovedFromExtractor Library/Bee/artifacts/mvdfrm/Unity.Scripting.dll_D49DC3ABECDCF8FB.mvfrm
[ 27/122    0s] MovedFromExtractor Library/Bee/artifacts/mvdfrm/UnityEngine.ClusterRendererModule.dll_547E0DFFCD1554FF.mvfrm
[ 28/122    0s] MovedFromExtractor Library/Bee/artifacts/mvdfrm/UnityEngine.dll_1F8558C4AE1A9474.mvfrm
[ 29/122    0s] MovedFromExtractor Library/Bee/artifacts/mvdfrm/UnityEngine.UnityWebRequestModule.dll_D20F135A5A2EA772.mvfrm
[ 30/122    0s] MovedFromExtractor Library/Bee/artifacts/mvdfrm/UnityEngine.UIModule.dll_B89D0D29B5624466.mvfrm
[ 31/122    0s] MovedFromExtractor Library/Bee/artifacts/mvdfrm/UnityEngine.UnityConnectModule.dll_8A0CDC743BE15B87.mvfrm
[ 32/122    0s] MovedFromExtractor Library/Bee/artifacts/mvdfrm/UnityEngine.VirtualTexturingModule.dll_66B1BEA8A6DBA3AF.mvfrm
[ 33/122    0s] MovedFromExtractor Library/Bee/artifacts/mvdfrm/UnityEngine.U2DRuntimeModule.dll_6674A38A73C34603.mvfrm
[ 34/122    0s] MovedFromExtractor Library/Bee/artifacts/mvdfrm/UnityEngine.TimelineFoundationModule.dll_720654837B09CBE6.mvfrm
[ 35/122    0s] MovedFromExtractor Library/Bee/artifacts/mvdfrm/UnityEngine.TilemapModule.dll_5B9AD1199BD82BA0.mvfrm
[ 36/122    0s] MovedFromExtractor Library/Bee/artifacts/mvdfrm/UnityEngine.UnityCurlModule.dll_B0A68CA95F320653.mvfrm
[ 37/122    0s] MovedFromExtractor Library/Bee/artifacts/mvdfrm/UnityEngine.TextRenderingModule.dll_6BFE9CAD0357B2A1.mvfrm
[ 38/122    0s] MovedFromExtractor Library/Bee/artifacts/mvdfrm/UnityEngine.TextCoreFontEngineModule.dll_6FC0D576E0B766AF.mvfrm
[ 39/122    0s] MovedFromExtractor Library/Bee/artifacts/mvdfrm/UnityEngine.TetgenModule.dll_BE924B39CF3ACA5F.mvfrm
[ 40/122    0s] MovedFromExtractor Library/Bee/artifacts/mvdfrm/UnityEngine.DSPGraphModule.dll_A29B63EBCC02AFCF.mvfrm
[ 41/122    0s] MovedFromExtractor Library/Bee/artifacts/mvdfrm/UnityEngine.TLSModule.dll_C9D1D186C8E5403D.mvfrm
[ 42/122    0s] MovedFromExtractor Library/Bee/artifacts/mvdfrm/UnityEngine.SpriteShapeModule.dll_5546FA0FD2FF8C5E.mvfrm
[ 43/122    0s] MovedFromExtractor Library/Bee/artifacts/mvdfrm/UnityEngine.SubstanceModule.dll_0EC9ED1189F8C9B2.mvfrm
[ 44/122    0s] MovedFromExtractor Library/Bee/artifacts/mvdfrm/UnityEngine.UIElementsModule.dll_99D6B42BA6940BED.mvfrm
[ 45/122    0s] MovedFromExtractor Library/Bee/artifacts/mvdfrm/UnityEngine.StreamingModule.dll_321ED8C83EA5CBA4.mvfrm
[ 46/122    0s] MovedFromExtractor Library/Bee/artifacts/mvdfrm/UnityEngine.UnityConsentModule.dll_5BB273A048EBF1D7.mvfrm
[ 47/122    0s] MovedFromExtractor Library/Bee/artifacts/mvdfrm/UnityEngine.UnityAnalyticsCommonModule.dll_9B92BFD7894A486E.mvfrm
[ 48/122    0s] MovedFromExtractor Library/Bee/artifacts/mvdfrm/UnityEngine.SpriteMaskModule.dll_2AEAEC61D51FE7E3.mvfrm
[ 49/122    0s] MovedFromExtractor Library/Bee/artifacts/mvdfrm/UnityEngine.ShaderVariantAnalyticsModule.dll_E318475E4DC9EAF8.mvfrm
[ 50/122    0s] MovedFromExtractor Library/Bee/artifacts/mvdfrm/UnityEngine.ScriptingModule.dll_94AB443E6EA5C319.mvfrm
[ 51/122    0s] MovedFromExtractor Library/Bee/artifacts/mvdfrm/UnityEngine.TextCoreTextEngineModule.dll_B7A90BE8703B1FCD.mvfrm
[ 52/122    0s] MovedFromExtractor Library/Bee/artifacts/mvdfrm/UnityEngine.ScreenCaptureModule.dll_42BF2AA24C2032AC.mvfrm
[ 53/122    0s] MovedFromExtractor Library/Bee/artifacts/mvdfrm/UnityEngine.GraphicsStateCollectionSerializerModule.dll_9526964FEC2E17E8.mvfrm
[ 54/122    0s] MovedFromExtractor Library/Bee/artifacts/mvdfrm/UnityEngine.RenderAs2DModule.dll_B0317B9605F600DC.mvfrm
[ 55/122    0s] MovedFromExtractor Library/Bee/artifacts/mvdfrm/UnityEngine.PhysicsModule.dll_A257EE29AE5D01A9.mvfrm
[ 56/122    0s] MovedFromExtractor Library/Bee/artifacts/mvdfrm/UnityEngine.PropertiesModule.dll_6EF9B910269BB6A5.mvfrm
[ 57/122    0s] MovedFromExtractor Library/Bee/artifacts/mvdfrm/UnityEngine.Physics2DModule.dll_CA2FDB68901B0BFB.mvfrm
[ 58/122    0s] WriteText Library/Bee/artifacts/200b0aP.dag/UnityEngine.UI.dll.mvfrm.rsp
[ 59/122    0s] WriteText Library/Bee/artifacts/200b0aP.dag/UnityEngine.UI.rsp
[ 60/122    0s] WriteText Library/Bee/artifacts/200b0aP.dag/Unity.InternalAPIEngineBridge.004.rsp2
[ 61/122    0s] WriteText Library/Bee/artifacts/200b0aP.dag/Unity.InternalAPIEngineBridge.004.UnityAdditionalFile.txt
[ 62/122    0s] WriteText Library/Bee/artifacts/200b0aP.dag/Unity.InternalAPIEngineBridge.004.dll.mvfrm.rsp
[ 63/122    0s] WriteText Library/Bee/artifacts/200b0aP.dag/Unity.InternalAPIEngineBridge.004.rsp
[ 64/122    0s] WriteText Library/Bee/artifacts/200b0aP.dag/CozyCafe.Core.rsp2
[ 65/122    0s] WriteText Library/Bee/artifacts/200b0aP.dag/CozyCafe.Core.UnityAdditionalFile.txt
[ 66/122    0s] WriteText Library/Bee/artifacts/200b0aP.dag/CozyCafe.Core.dll.mvfrm.rsp
[ 67/122    0s] MovedFromExtractor Library/Bee/artifacts/mvdfrm/UnityEngine.PerformanceReportingModule.dll_005402936F61AA10.mvfrm
[ 68/122    0s] MovedFromExtractor Library/Bee/artifacts/mvdfrm/UnityEngine.PhysicsCore2DModule.dll_B683CB8C971D9AAA.mvfrm
[ 69/122    0s] WriteText Library/Bee/artifacts/200b0aP.dag/CozyCafe.Core.rsp
[ 70/122    0s] WriteText Library/Bee/artifacts/200b0aP.dag/Unity.TextMeshPro.dll.mvfrm.rsp
[ 71/122    0s] WriteText Library/Bee/artifacts/200b0aP.dag/CozyCafe.Unity.dll.mvfrm.rsp
[ 72/122    0s] WriteText Library/Bee/artifacts/200b0aP.dag/Unity.TextMeshPro.rsp2
[ 73/122    0s] WriteText Library/Bee/artifacts/200b0aP.dag/Unity.TextMeshPro.UnityAdditionalFile.txt
[ 74/122    0s] WriteText Library/Bee/artifacts/200b0aP.dag/CozyCafe.Unity.rsp2
[ 75/122    0s] WriteText Library/Bee/artifacts/200b0aP.dag/CozyCafe.Unity.UnityAdditionalFile.txt
[ 76/122    0s] WriteText Library/Bee/artifacts/200b0aP.dag/Unity.TextMeshPro.rsp
[ 77/122    0s] WriteText Library/Bee/artifacts/200b0aP.dag/CozyCafe.Unity.rsp
[ 78/122    0s] WriteResponseFile Library/Bee/artifacts/rsp/15101269522550781610.rsp
[ 79/122    0s] WriteResponseFile Library/Bee/artifacts/rsp/10740209761400814082.rsp
[ 80/122    0s] WriteResponseFile Library/Bee/artifacts/rsp/5793171423699734682.rsp
[ 81/122    0s] WriteResponseFile Library/Bee/artifacts/rsp/124934727170232550.rsp
[ 82/122    0s] WriteResponseFile Library/Bee/artifacts/rsp/18015911174366214277.rsp
[ 83/122    0s] MovedFromExtractor Library/Bee/artifacts/mvdfrm/UnityEngine.MultiplayerModule.dll_BB8DE941D624E1CC.mvfrm
[ 84/122    0s] MovedFromExtractor Library/Bee/artifacts/mvdfrm/UnityEngine.MarshallingModule.dll_E44E6B4A018581A6.mvfrm
[ 85/122    0s] MovedFromExtractor Library/Bee/artifacts/mvdfrm/UnityEngine.LocalizationModule.dll_5A9697CD8A5D209B.mvfrm
[ 86/122    0s] MovedFromExtractor Library/Bee/artifacts/mvdfrm/UnityEngine.JSONSerializeModule.dll_28D77D1D37B4064A.mvfrm
[ 87/122    0s] MovedFromExtractor Library/Bee/artifacts/mvdfrm/UnityEngine.ManagedKernelModule.dll_EB762C6627ADD4CE.mvfrm
[ 88/122    0s] ILPP-Configuration Library/ilpp-configuration.nevergeneratedoutput
[ 89/122    0s] MovedFromExtractor Library/Bee/artifacts/mvdfrm/UnityEngine.RuntimeInitializeOnLoadManagerInitializerModule.dll_20A7CD4CF8F4F2C4.mvfrm
[ 90/122    0s] MovedFromExtractor Library/Bee/artifacts/mvdfrm/UnityEngine.MathematicsModule.dll_60FA7A8E91D54B88.mvfrm
[ 91/122    0s] MovedFromExtractor Library/Bee/artifacts/mvdfrm/UnityEngine.PhysicsBackendPhysXModule.dll_330A4886318CAF4B.mvfrm
[ 92/122    0s] MovedFromExtractor Library/Bee/artifacts/mvdfrm/UnityEngine.InsightsModule.dll_3710CB12E41F2E2D.mvfrm
[ 93/122    0s] MovedFromExtractor-Combine Library/Bee/artifacts/200b0aP.dag/CozyCafe.Core.dll.mvfrm
[ 94/122    0s] MovedFromExtractor-Combine Library/Bee/artifacts/200b0aP.dag/UnityEngine.UI.dll.mvfrm
[           0s] Csc Library/Bee/artifacts/200b0aP.dag/UnityEngine.UI.dll (+2 others) [CacheMiss 9777c2f327af0f4cdca627e2b31924ba00000000000000000000000000000006]
[ 95/122    0s] Csc Library/Bee/artifacts/200b0aP.dag/CozyCafe.Core.dll (+2 others)
[ 96/122    0s] ILPostProcess Library/Bee/artifacts/200b0aP.dag/post-processed/CozyCafe.Core.dll (+pdb)
Processing assembly Library/Bee/artifacts/200b0aP.dag/CozyCafe.Core.dll, with 129 defines and 132 references

processors: zzzUnity.Burst.CodeGen.BurstILPostProcessor

1 processor(s) skipped this assembly
[ 97/122    0s] CopyFiles Library/Bee/PlayerScriptAssemblies/CozyCafe.Core.pdb
[ 98/122    0s] Csc Library/Bee/artifacts/200b0aP.dag/UnityEngine.UI.dll (+2 others)
[           0s] Csc Library/Bee/artifacts/200b0aP.dag/UnityEngine.UI.dll (+2 others) [CacheWrite 9777c2f327af0f4cdca627e2b31924ba00000000000000000000000000000006]
[ 99/122    0s] CopyFiles Library/Bee/PlayerScriptAssemblies/CozyCafe.Core.dll
[100/122    0s] ILPostProcess Library/Bee/artifacts/200b0aP.dag/post-processed/UnityEngine.UI.dll (+pdb)
Processing assembly Library/Bee/artifacts/200b0aP.dag/UnityEngine.UI.dll, with 134 defines and 198 references

processors: zzzUnity.Burst.CodeGen.BurstILPostProcessor

1 processor(s) skipped this assembly
[101/122    0s] CopyFiles Library/Bee/PlayerScriptAssemblies/UnityEngine.UI.pdb
[102/122    0s] MovedFromExtractor Library/Bee/artifacts/mvdfrm/UnityEngine.UI.ref.dll_6B5C9FE847018E19.mvfrm
[103/122    0s] CopyFiles Library/Bee/PlayerScriptAssemblies/UnityEngine.UI.dll
[104/122    0s] MovedFromExtractor-Combine Library/Bee/artifacts/200b0aP.dag/Unity.InternalAPIEngineBridge.004.dll.mvfrm
[105/122    0s] MovedFromExtractor-Combine Library/Bee/artifacts/200b0aP.dag/CozyCafe.Unity.dll.mvfrm
[           0s] Csc Library/Bee/artifacts/200b0aP.dag/Unity.InternalAPIEngineBridge.004.dll (+2 others) [CacheMiss 0996eb2846ebaed329c6da1864eda5f100000000000000000000000000000006]
[106/122    0s] Csc Library/Bee/artifacts/200b0aP.dag/Unity.InternalAPIEngineBridge.004.dll (+2 others)
[           0s] Csc Library/Bee/artifacts/200b0aP.dag/Unity.InternalAPIEngineBridge.004.dll (+2 others) [CacheWrite 0996eb2846ebaed329c6da1864eda5f100000000000000000000000000000006]
[107/122    0s] Csc Library/Bee/artifacts/200b0aP.dag/CozyCafe.Unity.dll (+2 others)
Assets\CozyCafe\Unity\CozyCafePlayable.cs(27,29): warning CS0618: 'Object.FindObjectsOfType<T>()' is obsolete: 'Object.FindObjectsOfType has been deprecated. Use Object.FindObjectsByType instead which lets you decide whether you need the results sorted or not.  FindObjectsOfType sorts the results by InstanceID but if you do not need this using FindObjectSortMode.None is considerably faster.'

Assets\CozyCafe\Unity\NativeOverlayScenarioMac.cs(49,22): warning CS0414: The field 'NativeOverlayScenario.macHotkeyFired' is assigned but its value is never used
[108/122    0s] ILPostProcess Library/Bee/artifacts/200b0aP.dag/post-processed/Unity.InternalAPIEngineBridge.004.dll (+pdb)
Processing assembly Library/Bee/artifacts/200b0aP.dag/Unity.InternalAPIEngineBridge.004.dll, with 129 defines and 199 references

processors: zzzUnity.Burst.CodeGen.BurstILPostProcessor

1 processor(s) skipped this assembly
[109/122    0s] CopyFiles Library/Bee/PlayerScriptAssemblies/Unity.InternalAPIEngineBridge.004.pdb
[110/122    0s] CopyFiles Library/Bee/PlayerScriptAssemblies/Unity.InternalAPIEngineBridge.004.dll
[111/122    0s] MovedFromExtractor Library/Bee/artifacts/mvdfrm/Unity.InternalAPIEngineBridge.004.ref.dll_8B97A94DAF4DD53D.mvfrm
[112/122    0s] MovedFromExtractor-Combine Library/Bee/artifacts/200b0aP.dag/Unity.TextMeshPro.dll.mvfrm
[           0s] Csc Library/Bee/artifacts/200b0aP.dag/Unity.TextMeshPro.dll (+2 others) [CacheMiss 8eebd90da1c85875abbc24b4e6769d4700000000000000000000000000000006]
[113/122    0s] ILPostProcess Library/Bee/artifacts/200b0aP.dag/post-processed/CozyCafe.Unity.dll (+pdb)
Processing assembly Library/Bee/artifacts/200b0aP.dag/CozyCafe.Unity.dll, with 129 defines and 200 references

processors: zzzUnity.Burst.CodeGen.BurstILPostProcessor

1 processor(s) skipped this assembly
[114/122    0s] CopyFiles Library/Bee/PlayerScriptAssemblies/CozyCafe.Unity.pdb
[115/122    0s] CopyFiles Library/Bee/PlayerScriptAssemblies/CozyCafe.Unity.dll
[116/122    0s] Csc Library/Bee/artifacts/200b0aP.dag/Unity.TextMeshPro.dll (+2 others)
[           0s] Csc Library/Bee/artifacts/200b0aP.dag/Unity.TextMeshPro.dll (+2 others) [CacheWrite 8eebd90da1c85875abbc24b4e6769d4700000000000000000000000000000006]
[117/122    0s] ILPostProcess Library/Bee/artifacts/200b0aP.dag/post-processed/Unity.TextMeshPro.dll (+pdb)
Processing assembly Library/Bee/artifacts/200b0aP.dag/Unity.TextMeshPro.dll, with 130 defines and 200 references

processors: zzzUnity.Burst.CodeGen.BurstILPostProcessor

1 processor(s) skipped this assembly
[118/122    0s] CopyFiles Library/Bee/PlayerScriptAssemblies/Unity.TextMeshPro.pdb
[119/122    0s] CopyFiles Library/Bee/PlayerScriptAssemblies/Unity.TextMeshPro.dll
[121/122    0s] BuildPlayerDataGenerator Library/BuildPlayerData/Player/RuntimeInitializeOnLoads.json (+1 other)
*** Tundra build success (7.70 seconds), 120 items updated, 122 evaluated
Assets\CozyCafe\Unity\CozyCafePlayable.cs(27,29): warning CS0618: 'Object.FindObjectsOfType<T>()' is obsolete: 'Object.FindObjectsOfType has been deprecated. Use Object.FindObjectsByType instead which lets you decide whether you need the results sorted or not.  FindObjectsOfType sorts the results by InstanceID but if you do not need this using FindObjectSortMode.None is considerably faster.'
Assets\CozyCafe\Unity\NativeOverlayScenarioMac.cs(49,22): warning CS0414: The field 'NativeOverlayScenario.macHotkeyFired' is assigned but its value is never used
Total cache size 269403136
Total cache size after purge 267828512, took 00:00:00.2081417
Importing 'GUID: 9c442dc870b456e48b615cd8add0e9ef - Path: Packages/com.unity.ugui/Editor Resources/Shaders/TMP_SDF Internal Editor.shader' with importer (ShaderImporter)
Imported 'GUID: 9c442dc870b456e48b615cd8add0e9ef' -> (Import Result ID: 'e9a4f444d664044df3aae3f3db99cbd9') in 0.017 seconds [static and dynamic dependencies]. Details - ImportResultOutputID=217ae37ec1a2551cd23c1f2dfd06aa4a DependenciesID=6d4d2e360aeef8df4f804ae97651f0b3 StaticDependenciesID=44e1e3cc417c08023b5102c2d5784f16 

Asset Pipeline Refresh (id=2285732f4d9cd62459d6dd4a7aae11dd): Total: 0.474 seconds - Initiated by RefreshV2(NoUpdateAssetOptions)
	(Values over 0.05ms)
	Summary:
		Imports: total=1 (actual=1, local cache=0, cache server=0)
		Asset DB Process Time: managed=0 ms, native=70 ms
		Asset DB Callback time: managed=0 ms, native=402 ms
		Scripting: domain reloads=0, domain reload time=0 ms, compile time=0 ms, other=0 ms
		Project Asset Count: scripts=172, non-scripts=63
		Asset File Changes: new=0, changed=0, moved=0, deleted=0
		Scan Filter Count: 0
	Collect global state as custom dependencies: 1.683ms
	CategorizeAssets: 0.490ms
	ImportOutOfDateAssets: 20.272ms		ImportManagerImport: 19.393ms (0.075ms without children)
			UpdateCategorizedAssets: 0.128ms
		UnloadImportedAssets: 0.569ms
		ReloadImportedAssets: 1.811ms
		ImportSchedulerStart: 0.235ms
	PostProcessAllAssets: 403.112ms
		ShaderAssetModifiedCallback 402.338ms
		MonoPostProcessAllAssets: 0.559ms
			AssetChangedListener.OnPostprocessAllAssets 0.216ms
			AssetPostprocessor.OnPostprocessAllAssets 0.065ms
	PostAssetChangesProfiler: 0.481ms
	UnloadStreamsBegin: 0.051ms
	PersistCurrentRevisions: 0.068ms
	Untracked: 20.926ms

Asset Pipeline Refresh (id=20a14609719718a49969e1e332115dcc): Total: 0.028 seconds - Initiated by RefreshV2(NoUpdateAssetOptions)


Mono dependencies included in the build
Dependency assembly - System.Net.Http.Formatting.dll
Dependency assembly - System.Collections.dll
Dependency assembly - System.Net.Security.dll
Dependency assembly - Microsoft.Win32.Primitives.dll
Dependency assembly - System.Management.dll
Dependency assembly - System.Security.Cryptography.Primitives.dll
Dependency assembly - System.Net.NameResolution.dll
Dependency assembly - WebMatrix.Data.dll
Dependency assembly - System.ComponentModel.DataAnnotations.dll
Dependency assembly - Mono.Management.dll
Dependency assembly - SMDiagnostics.dll
Dependency assembly - Mono.Cairo.dll
Dependency assembly - System.Net.Primitives.dll
Dependency assembly - System.Collections.Immutable.dll
Dependency assembly - System.Web.Extensions.dll
Dependency assembly - System.Runtime.Numerics.dll
Dependency assembly - System.Windows.dll
Dependency assembly - System.Security.Cryptography.Encryption.dll
Dependency assembly - Mono.Tasklets.dll
Dependency assembly - System.Runtime.Serialization.Xml.dll
Dependency assembly - System.Security.AccessControl.dll
Dependency assembly - Unity.InternalAPIEngineBridge.004.dll
Dependency assembly - System.Runtime.InteropServices.dll
Dependency assembly - System.Security.Cryptography.Pkcs.dll
Dependency assembly - System.Diagnostics.StackTrace.dll
Dependency assembly - System.Reflection.TypeExtensions.dll
Dependency assembly - Microsoft.CSharp.dll
Dependency assembly - System.Xml.Xsl.Primitives.dll
Dependency assembly - System.Text.Encoding.Extensions.dll
Dependency assembly - System.Xml.XmlDocument.dll
Dependency assembly - System.Text.Encoding.dll
Dependency assembly - System.Runtime.Caching.dll
Dependency assembly - System.Runtime.InteropServices.WindowsRuntime.dll
Dependency assembly - System.Web.Http.dll
Dependency assembly - System.IO.Compression.FileSystem.dll
Dependency assembly - System.Data.Services.Client.dll
Dependency assembly - System.Threading.Tasks.dll
Dependency assembly - System.Text.RegularExpressions.dll
Dependency assembly - Microsoft.Win32.Registry.AccessControl.dll
Dependency assembly - System.Net.Http.dll
Dependency assembly - System.Reactive.Core.dll
Dependency assembly - System.Net.Sockets.dll
Dependency assembly - System.Data.dll
Dependency assembly - System.Net.Cache.dll
Dependency assembly - System.Data.Common.dll
Dependency assembly - Mono.CompilerServices.SymbolWriter.dll
Dependency assembly - System.Security.Cryptography.Encryption.Aes.dll
Dependency assembly - System.Transactions.dll
Dependency assembly - I18N.West.dll
Dependency assembly - System.Threading.Timer.dll
Dependency assembly - System.Threading.Tasks.Extensions.dll
Dependency assembly - System.Collections.Concurrent.dll
Dependency assembly - Microsoft.VisualC.dll
Dependency assembly - System.IO.FileSystem.AccessControl.dll
Dependency assembly - System.Xml.XPath.XDocument.dll
Dependency assembly - System.IO.UnmanagedMemoryStream.dll
Dependency assembly - System.ComponentModel.TypeConverter.dll
Dependency assembly - System.ServiceProcess.ServiceController.dll
Dependency assembly - System.Data.Services.dll
Dependency assembly - System.Web.DynamicData.dll
Dependency assembly - System.Linq.Parallel.dll
Dependency assembly - System.Security.Principal.dll
Dependency assembly - System.Threading.Overlapped.dll
Dependency assembly - Accessibility.dll
Dependency assembly - System.IO.MemoryMappedFiles.dll
Dependency assembly - System.Threading.Tasks.Parallel.dll
Dependency assembly - System.Runtime.CompilerServices.Unsafe.dll
Dependency assembly - Microsoft.Build.dll
Dependency assembly - System.ComponentModel.Primitives.dll
Dependency assembly - System.Security.Claims.dll
Dependency assembly - System.ServiceModel.Security.dll
Dependency assembly - System.Reactive.Experimental.dll
Dependency assembly - System.ServiceModel.Activation.dll
Dependency assembly - System.Reactive.Debugger.dll
Dependency assembly - System.Buffers.dll
Dependency assembly - System.Reactive.Runtime.Remoting.dll
Dependency assembly - System.Web.Services.dll
Dependency assembly - System.ObjectModel.dll
Dependency assembly - Commons.Xml.Relaxng.dll
Dependency assembly - System.Security.Cryptography.Encoding.dll
Dependency assembly - System.Threading.AccessControl.dll
Dependency assembly - System.Diagnostics.TextWriterTraceListener.dll
Dependency assembly - System.Resources.Writer.dll
Dependency assembly - System.Reactive.PlatformServices.dll
Dependency assembly - System.ServiceModel.Routing.dll
Dependency assembly - ICSharpCode.SharpZipLib.dll
Dependency assembly - System.Web.Http.SelfHost.dll
Dependency assembly - CozyCafe.Unity.dll
Dependency assembly - System.Numerics.Vectors.dll
Dependency assembly - System.Diagnostics.Tools.dll
Dependency assembly - System.Drawing.Primitives.dll
Dependency assembly - System.Net.NetworkInformation.dll
Dependency assembly - Mono.Messaging.dll
Dependency assembly - System.Windows.Forms.dll
Dependency assembly - monodoc.dll
Dependency assembly - System.IO.FileSystem.DriveInfo.dll
Dependency assembly - System.Data.Entity.dll
Dependency assembly - System.Diagnostics.FileVersionInfo.dll
Dependency assembly - System.Runtime.Handles.dll
Dependency assembly - Mono.Security.dll
Dependency assembly - System.Collections.Specialized.dll
Dependency assembly - System.Web.WebPages.Razor.dll
Dependency assembly - System.Messaging.dll
Dependency assembly - System.Web.Mobile.dll
Dependency assembly - System.Runtime.Extensions.dll
Dependency assembly - System.Dynamic.dll
Dependency assembly - Mono.WebBrowser.dll
Dependency assembly - System.ServiceModel.Internals.dll
Dependency assembly - System.Security.Cryptography.Cng.dll
Dependency assembly - I18N.CJK.dll
Dependency assembly - System.Memory.dll
Dependency assembly - System.Linq.dll
Dependency assembly - System.Reflection.Emit.ILGeneration.dll
Dependency assembly - System.Windows.Forms.DataVisualization.dll
Dependency assembly - System.IO.IsolatedStorage.dll
Dependency assembly - CustomMarshalers.dll
Dependency assembly - System.Xml.ReaderWriter.dll
Dependency assembly - System.Security.Principal.Windows.dll
Dependency assembly - System.Security.Cryptography.DeriveBytes.dll
Dependency assembly - System.Security.Cryptography.Csp.dll
Dependency assembly - System.Reflection.Extensions.dll
Dependency assembly - System.Deployment.dll
Dependency assembly - System.Configuration.dll
Dependency assembly - Microsoft.Extensions.DependencyInjection.Abstractions.dll
Dependency assembly - System.Security.Cryptography.ProtectedData.dll
Dependency assembly - System.EnterpriseServices.dll
Dependency assembly - Microsoft.Build.Engine.dll
Dependency assembly - Microsoft.Build.Framework.dll
Dependency assembly - System.ServiceProcess.dll
Dependency assembly - Mono.Simd.dll
Dependency assembly - SystemWebTestShim.dll
Dependency assembly - System.Reflection.DispatchProxy.dll
Dependency assembly - System.Collections.NonGeneric.dll
Dependency assembly - System.Security.Cryptography.RandomNumberGenerator.dll
Dependency assembly - System.Data.SqlClient.dll
Dependency assembly - System.Security.Cryptography.Encryption.ECDiffieHellman.dll
Dependency assembly - System.Web.dll
Dependency assembly - System.IO.Hashing.dll
Dependency assembly - System.Dynamic.Runtime.dll
Dependency assembly - System.Reflection.Primitives.dll
Dependency assembly - System.IO.Pipes.dll
Dependency assembly - System.Text.Encodings.Web.dll
Dependency assembly - System.Xml.XDocument.dll
Dependency assembly - System.Web.RegularExpressions.dll
Dependency assembly - Microsoft.Web.Infrastructure.dll
Dependency assembly - System.Diagnostics.Contracts.dll
Dependency assembly - System.Security.Cryptography.OpenSsl.dll
Dependency assembly - System.Xaml.dll
Dependency assembly - Mono.Security.Win32.dll
Dependency assembly - System.IO.FileSystem.Watcher.dll
Dependency assembly - System.Security.Cryptography.RSA.dll
Dependency assembly - System.Net.Requests.dll
Dependency assembly - System.DirectoryServices.Protocols.dll
Dependency assembly - RabbitMQ.Client.dll
Dependency assembly - System.Web.Http.WebHost.dll
Dependency assembly - System.Workflow.ComponentModel.dll
Dependency assembly - System.ServiceModel.Web.dll
Dependency assembly - System.Runtime.Serialization.Json.dll
Dependency assembly - Microsoft.Build.Tasks.v4.0.dll
Dependency assembly - Novell.Directory.Ldap.dll
Dependency assembly - System.Security.Cryptography.Algorithms.dll
Dependency assembly - cscompmgd.dll
Dependency assembly - System.Resources.ReaderWriter.dll
Dependency assembly - System.Json.Microsoft.dll
Dependency assembly - System.Web.Mvc.dll
Dependency assembly - Microsoft.Extensions.Logging.Abstractions.dll
Dependency assembly - System.IO.Compression.dll
Dependency assembly - Mono.Http.dll
Dependency assembly - System.Web.WebPages.dll
Dependency assembly - System.Web.ApplicationServices.dll
Dependency assembly - System.Json.dll
Dependency assembly - System.Security.dll
Dependency assembly - System.Runtime.Serialization.Primitives.dll
Dependency assembly - Microsoft.Bcl.AsyncInterfaces.dll
Dependency assembly - Microsoft.Win32.Registry.dll
Dependency assembly - System.Xml.dll
Dependency assembly - I18N.Other.dll
Dependency assembly - System.ServiceModel.Discovery.dll
Dependency assembly - System.Net.WebSockets.dll
Dependency assembly - System.ServiceModel.Duplex.dll
Dependency assembly - Microsoft.Build.Utilities.v4.0.dll
Dependency assembly - System.Net.HttpListener.dll
Dependency assembly - UnityEngine.UI.dll
Dependency assembly - System.Xml.Serialization.dll
Dependency assembly - System.Text.Encoding.CodePages.dll
Dependency assembly - System.IdentityModel.dll
Dependency assembly - System.Security.Cryptography.X509Certificates.dll
Dependency assembly - System.Text.Json.dll
Dependency assembly - System.Runtime.InteropServices.RuntimeInformation.dll
Dependency assembly - System.Reactive.Linq.dll
Dependency assembly - PEAPI.dll
Dependency assembly - System.ComponentModel.Annotations.dll
Dependency assembly - System.Globalization.Calendars.dll
Dependency assembly - System.Security.Cryptography.Hashing.dll
Dependency assembly - Unity.TextMeshPro.dll
Dependency assembly - System.Net.Http.Rtc.dll
Dependency assembly - System.Reactive.Windows.Forms.dll
Dependency assembly - System.Runtime.Serialization.Formatters.dll
Dependency assembly - System.IO.FileSystem.dll
Dependency assembly - System.Reactive.Observable.Aliases.dll
Dependency assembly - System.Data.OracleClient.dll
Dependency assembly - netstandard.dll
Dependency assembly - System.Diagnostics.TraceEvent.dll
Dependency assembly - System.Resources.Reader.dll
Dependency assembly - System.Net.WebHeaderCollection.dll
Dependency assembly - System.ServiceModel.NetTcp.dll
Dependency assembly - System.Threading.dll
Dependency assembly - System.Threading.Thread.dll
Dependency assembly - System.Reactive.Providers.dll
Dependency assembly - System.IO.Compression.ZipFile.dll
Dependency assembly - System.Net.Ping.dll
Dependency assembly - System.Configuration.Install.dll
Dependency assembly - System.Data.Linq.dll
Dependency assembly - System.Security.Cryptography.Encryption.ECDsa.dll
Dependency assembly - CozyCafe.Core.dll
Dependency assembly - System.Globalization.dll
Dependency assembly - System.Resources.ResourceManager.dll
Dependency assembly - Mono.Messaging.RabbitMQ.dll
Dependency assembly - System.Net.ServicePoint.dll
Dependency assembly - System.Diagnostics.TraceSource.dll
Dependency assembly - mscorlib.dll
Dependency assembly - System.Diagnostics.Tracing.dll
Dependency assembly - Mono.Posix.dll
Dependency assembly - System.Xml.XPath.XmlDocument.dll
Dependency assembly - System.ValueTuple.dll
Dependency assembly - Mono.Data.Tds.dll
Dependency assembly - System.Runtime.Serialization.Formatters.Soap.dll
Dependency assembly - System.Workflow.Runtime.dll
Dependency assembly - System.Threading.Tasks.Dataflow.dll
Dependency assembly - System.Runtime.CompilerServices.VisualC.dll
Dependency assembly - System.Net.WebSockets.Client.dll
Dependency assembly - System.Linq.Expressions.dll
Dependency assembly - System.Reflection.Emit.dll
Dependency assembly - Mono.Options.dll
Dependency assembly - I18N.Rare.dll
Dependency assembly - System.Workflow.Activities.dll
Dependency assembly - System.dll
Dependency assembly - System.Reactive.Interfaces.dll
Dependency assembly - System.Runtime.Remoting.dll
Dependency assembly - System.Runtime.DurableInstancing.dll
Dependency assembly - Mono.Btls.Interface.dll
Dependency assembly - System.Diagnostics.DiagnosticSource.dll
Dependency assembly - Mono.XBuild.Tasks.dll
Dependency assembly - Mono.Parallel.dll
Dependency assembly - Mono.Profiler.Log.dll
Dependency assembly - System.AppContext.dll
Dependency assembly - System.Net.Mail.dll
Dependency assembly - System.Web.Extensions.Design.dll
Dependency assembly - System.ComponentModel.EventBasedAsync.dll
Dependency assembly - System.IO.dll
Dependency assembly - System.Net.Utilities.dll
Dependency assembly - System.IdentityModel.Selectors.dll
Dependency assembly - I18N.dll
Dependency assembly - System.Xml.XPath.dll
Dependency assembly - System.Security.Cryptography.Hashing.Algorithms.dll
Dependency assembly - System.ServiceModel.Http.dll
Dependency assembly - System.Data.DataSetExtensions.dll
Dependency assembly - System.ComponentModel.Composition.dll
Dependency assembly - System.Design.dll
Dependency assembly - System.Diagnostics.Process.dll
Dependency assembly - Mono.CSharp.dll
Dependency assembly - System.Diagnostics.Debug.dll
Dependency assembly - System.Threading.ThreadPool.dll
Dependency assembly - System.Web.Abstractions.dll
Dependency assembly - Mono.Data.Sqlite.dll
Dependency assembly - System.Globalization.Extensions.dll
Dependency assembly - System.Reactive.Windows.Threading.dll
Dependency assembly - System.Web.Razor.dll
Dependency assembly - System.Security.SecureString.dll
Dependency assembly - System.ServiceModel.Primitives.dll
Dependency assembly - System.Xml.Linq.dll
Dependency assembly - System.Linq.Queryable.dll
Dependency assembly - System.Numerics.dll
Dependency assembly - System.Drawing.Design.dll
Dependency assembly - WindowsBase.dll
Dependency assembly - System.Web.WebPages.Deployment.dll
Dependency assembly - System.Xml.XmlSerializer.dll
Dependency assembly - System.IO.FileSystem.Primitives.dll
Dependency assembly - System.Reflection.Context.dll
Dependency assembly - System.Reflection.Metadata.dll
Dependency assembly - Mono.C5.dll
Dependency assembly - System.Reflection.dll
Dependency assembly - System.Core.dll
Dependency assembly - I18N.MidEast.dll
Dependency assembly - System.DirectoryServices.dll
Dependency assembly - System.Runtime.dll
Dependency assembly - System.Runtime.Serialization.dll
Dependency assembly - System.Web.Routing.dll
Dependency assembly - System.ServiceModel.dll
Dependency assembly - System.Net.AuthenticationManager.dll
Dependency assembly - System.Drawing.dll
Dependency assembly - System.Net.dll
Dependency assembly - IBM.Data.DB2.dll
Dependency assembly - System.Net.Http.WebRequest.dll
Dependency assembly - System.Reflection.Emit.Lightweight.dll
Dependency assembly - System.ComponentModel.dll
Dependency assembly - System.Console.dll
Dependency assembly - System.Runtime.Loader.dll

Opening scene 'Assets/__playable.unity'
Unloading 1 Unused Serialized files (Serialized files now loaded: 0)
Loaded scene 'Assets/__playable.unity'
	Deserialize:            1.390 ms
	Integration:            10.482 ms
	Integration of assets:  0.003 ms
	Thread Wait Time:       0.063 ms
	Total Operation Time:   11.937 ms
Unloading 26 unused Assets / (0.8 MB). Loaded Objects now: 1193.
Memory consumption went from 250.8 MB to 249.9 MB.
Total: 7.254100 ms (FindLiveObjects: 0.210600 ms CreateObjectMapping: 0.021400 ms MarkObjects: 6.224100 ms  DeleteObjects: 0.618900 ms)

Unloading 2 Unused Serialized files (Serialized files now loaded: 0)
Unloading 20 unused Assets / (0.8 MB). Loaded Objects now: 1197.
Memory consumption went from 237.6 MB to 236.8 MB.
Total: 5.739000 ms (FindLiveObjects: 0.203300 ms CreateObjectMapping: 0.013000 ms MarkObjects: 5.085000 ms  DeleteObjects: 0.286400 ms)

Unloading 0 Unused Serialized files (Serialized files now loaded: 0)
Unloading 0 unused Assets / (Unknown). Loaded Objects now: 1197.
Memory consumption went from 236.7 MB to 236.7 MB.
Total: 5.713200 ms (FindLiveObjects: 0.225600 ms CreateObjectMapping: 0.041800 ms MarkObjects: 5.283100 ms  DeleteObjects: 0.005600 ms)

Unloading 1 Unused Serialized files (Serialized files now loaded: 0)
Unloading 178 unused Assets / (149.6 MB). Loaded Objects now: 1197.
Memory consumption went from 387.4 MB to 237.8 MB.
Total: 14.233600 ms (FindLiveObjects: 0.193600 ms CreateObjectMapping: 0.016700 ms MarkObjects: 4.603900 ms  DeleteObjects: 9.276800 ms)

Compiling shader "Skybox/Procedural"
  Pass "" (vp)
    Target graphics API: metal
    Full variant space:         3
    After settings filtering:   3
    After built-in stripping:   3
    After scriptable stripping: 3
    Processed in 0.01 seconds
  Pass "" (fp)
    Target graphics API: metal
    Full variant space:         3
    After settings filtering:   3
    After built-in stripping:   3
    After scriptable stripping: 3
    Processed in 0.00 seconds
Launched and connected shader compiler UnityShaderCompiler.exe after 0.02 seconds
Launched and connected shader compiler UnityShaderCompiler.exe after 0.02 seconds
Launched and connected shader compiler UnityShaderCompiler.exe after 0.01 seconds
  Pass  (vp, metal) finished in 0.15 seconds. Local cache hits 0 (0.00s CPU time), remote cache hits 0 (0.00s CPU time), compiled 3 variants (0.32s CPU time), skipped 0 variants.
    Prepared data for serialisation in 0.00s
Launched and connected shader compiler UnityShaderCompiler.exe after 0.01 seconds
  Pass  (fp, metal) finished in 0.18 seconds. Local cache hits 0 (0.00s CPU time), remote cache hits 0 (0.00s CPU time), compiled 3 variants (0.38s CPU time), skipped 0 variants.
    Prepared data for serialisation in 0.00s
Serialized binary data for shader Skybox/Procedural in 0.00s
    metal (total internal programs: 6, unique: 6)
Compiling shader "Legacy Shaders/VertexLit"
  Pass "" (vp)
    Target graphics API: metal
    Full variant space:         12
    After settings filtering:   12
    After built-in stripping:   3
    After scriptable stripping: 3
    Processed in 0.00 seconds
  Pass "" (fp)
    Target graphics API: metal
    Full variant space:         12
    After settings filtering:   12
    After built-in stripping:   3
    After scriptable stripping: 3
    Processed in 0.00 seconds
  Pass "" (vp)
    Target graphics API: metal
    Full variant space:         4
    After settings filtering:   4
    After built-in stripping:   1
    After scriptable stripping: 1
    Processed in 0.00 seconds
  Pass "" (fp)
    Target graphics API: metal
    Full variant space:         4
    After settings filtering:   4
    After built-in stripping:   1
    After scriptable stripping: 1
    Processed in 0.00 seconds
  Pass "ShadowCaster" (vp)
    Target graphics API: metal
    Full variant space:         4
    After settings filtering:   4
    After built-in stripping:   2
    After scriptable stripping: 2
    Processed in 0.00 seconds
  Pass "ShadowCaster" (fp)
    Target graphics API: metal
    Full variant space:         4
    After settings filtering:   4
    After built-in stripping:   2
    After scriptable stripping: 2
    Processed in 0.00 seconds
Launched and connected shader compiler UnityShaderCompiler.exe after 0.04 seconds
  Pass  (vp, metal) finished in 0.10 seconds. Local cache hits 0 (0.00s CPU time), remote cache hits 0 (0.00s CPU time), compiled 3 variants (0.28s CPU time), skipped 0 variants.
    Prepared data for serialisation in 0.00s
Launched and connected shader compiler UnityShaderCompiler.exe after 0.02 seconds
  Pass  (fp, metal) finished in 0.13 seconds. Local cache hits 0 (0.00s CPU time), remote cache hits 0 (0.00s CPU time), compiled 3 variants (0.24s CPU time), skipped 0 variants.
    Prepared data for serialisation in 0.00s
  Pass  (vp, metal) finished in 0.13 seconds. Local cache hits 0 (0.00s CPU time), remote cache hits 0 (0.00s CPU time), compiled 1 variants (0.03s CPU time), skipped 0 variants.
    Prepared data for serialisation in 0.00s
Launched and connected shader compiler UnityShaderCompiler.exe after 0.01 seconds
  Pass  (fp, metal) finished in 0.15 seconds. Local cache hits 0 (0.00s CPU time), remote cache hits 0 (0.00s CPU time), compiled 1 variants (0.15s CPU time), skipped 0 variants.
    Prepared data for serialisation in 0.00s
Launched and connected shader compiler UnityShaderCompiler.exe after 0.01 seconds
  Pass ShadowCaster (vp, metal) finished in 0.18 seconds. Local cache hits 0 (0.00s CPU time), remote cache hits 0 (0.00s CPU time), compiled 2 variants (0.22s CPU time), skipped 0 variants.
    Prepared data for serialisation in 0.00s
Launched and connected shader compiler UnityShaderCompiler.exe after 0.01 seconds
  Pass ShadowCaster (fp, metal) finished in 0.20 seconds. Local cache hits 0 (0.00s CPU time), remote cache hits 0 (0.00s CPU time), compiled 2 variants (0.23s CPU time), skipped 0 variants.
    Prepared data for serialisation in 0.00s
Serialized binary data for shader Legacy Shaders/VertexLit in 0.00s
    metal (total internal programs: 12, unique: 12)
Compiling shader "Legacy Shaders/Diffuse"
  Pass "FORWARD" (vp)
    Target graphics API: metal
    Full variant space:         664
    After settings filtering:   664
    After built-in stripping:   8
    After scriptable stripping: 8
    Processed in 0.00 seconds
  Pass "FORWARD" (fp)
    Target graphics API: metal
    Full variant space:         504
    After settings filtering:   504
    After built-in stripping:   4
    After scriptable stripping: 4
    Processed in 0.00 seconds
  Pass "FORWARD" (vp)
    Target graphics API: metal
    Full variant space:         20
    After settings filtering:   20
    After built-in stripping:   5
    After scriptable stripping: 5
    Processed in 0.00 seconds
  Pass "FORWARD" (fp)
    Target graphics API: metal
    Full variant space:         20
    After settings filtering:   20
    After built-in stripping:   5
    After scriptable stripping: 5
    Processed in 0.00 seconds
  Pass "DEFERRED" (vp)
    Target graphics API: metal
    Full variant space:         76
    After settings filtering:   76
    After built-in stripping:   4
    After scriptable stripping: 4
    Processed in 0.00 seconds
  Pass "DEFERRED" (fp)
    Target graphics API: metal
    Full variant space:         76
    After settings filtering:   76
    After built-in stripping:   4
    After scriptable stripping: 4
    Processed in 0.00 seconds
  Pass FORWARD (vp, metal) finished in 0.20 seconds. Local cache hits 0 (0.00s CPU time), remote cache hits 0 (0.00s CPU time), compiled 8 variants (0.77s CPU time), skipped 0 variants.
    Prepared data for serialisation in 0.00s
  Pass FORWARD (fp, metal) finished in 0.20 seconds. Local cache hits 0 (0.00s CPU time), remote cache hits 0 (0.00s CPU time), compiled 4 variants (0.50s CPU time), skipped 0 variants.
    Prepared data for serialisation in 0.00s
  Pass FORWARD (vp, metal) finished in 0.14 seconds. Local cache hits 0 (0.00s CPU time), remote cache hits 0 (0.00s CPU time), compiled 5 variants (0.34s CPU time), skipped 0 variants.
    Prepared data for serialisation in 0.00s
  Pass FORWARD (fp, metal) finished in 0.15 seconds. Local cache hits 0 (0.00s CPU time), remote cache hits 0 (0.00s CPU time), compiled 5 variants (0.42s CPU time), skipped 0 variants.
    Prepared data for serialisation in 0.00s
  Pass DEFERRED (vp, metal) finished in 0.13 seconds. Local cache hits 0 (0.00s CPU time), remote cache hits 0 (0.00s CPU time), compiled 4 variants (0.33s CPU time), skipped 0 variants.
    Prepared data for serialisation in 0.00s
  Pass DEFERRED (fp, metal) finished in 0.08 seconds. Local cache hits 0 (0.00s CPU time), remote cache hits 0 (0.00s CPU time), compiled 4 variants (0.20s CPU time), skipped 0 variants.
    Prepared data for serialisation in 0.00s
Serialized binary data for shader Legacy Shaders/Diffuse in 0.00s
    metal (total internal programs: 30, unique: 29)
Compiling shader "Hidden/Internal-StencilWrite"
  Pass "" (vp)
    Target graphics API: metal
    Full variant space:         1
    After settings filtering:   1
    After built-in stripping:   1
    After scriptable stripping: 1
    Processed in 0.00 seconds
  Pass "" (fp)
    Target graphics API: metal
    Full variant space:         1
    After settings filtering:   1
    After built-in stripping:   1
    After scriptable stripping: 1
    Processed in 0.00 seconds
  Pass  (vp, metal) finished in 0.03 seconds. Local cache hits 0 (0.00s CPU time), remote cache hits 0 (0.00s CPU time), compiled 1 variants (0.03s CPU time), skipped 0 variants.
    Prepared data for serialisation in 0.00s
  Pass  (fp, metal) finished in 0.03 seconds. Local cache hits 0 (0.00s CPU time), remote cache hits 0 (0.00s CPU time), compiled 1 variants (0.02s CPU time), skipped 0 variants.
    Prepared data for serialisation in 0.00s
Serialized binary data for shader Hidden/Internal-StencilWrite in 0.00s
    metal (total internal programs: 2, unique: 2)
Compiling shader "Hidden/Internal-DepthNormalsTexture"
  Pass "" (vp)
    Target graphics API: metal
    Full variant space:         1
    After settings filtering:   1
    After built-in stripping:   1
    After scriptable stripping: 1
    Processed in 0.00 seconds
  Pass "" (fp)
    Target graphics API: metal
    Full variant space:         1
    After settings filtering:   1
    After built-in stripping:   1
    After scriptable stripping: 1
    Processed in 0.00 seconds
  Pass "" (vp)
    Target graphics API: metal
    Full variant space:         1
    After settings filtering:   1
    After built-in stripping:   1
    After scriptable stripping: 1
    Processed in 0.00 seconds
  Pass "" (fp)
    Target graphics API: metal
    Full variant space:         1
    After settings filtering:   1
    After built-in stripping:   1
    After scriptable stripping: 1
    Processed in 0.00 seconds
  Pass "" (vp)
    Target graphics API: metal
    Full variant space:         1
    After settings filtering:   1
    After built-in stripping:   1
    After scriptable stripping: 1
    Processed in 0.00 seconds
  Pass "" (fp)
    Target graphics API: metal
    Full variant space:         1
    After settings filtering:   1
    After built-in stripping:   1
    After scriptable stripping: 1
    Processed in 0.00 seconds
  Pass "" (vp)
    Target graphics API: metal
    Full variant space:         1
    After settings filtering:   1
    After built-in stripping:   1
    After scriptable stripping: 1
    Processed in 0.00 seconds
  Pass "" (fp)
    Target graphics API: metal
    Full variant space:         1
    After settings filtering:   1
    After built-in stripping:   1
    After scriptable stripping: 1
    Processed in 0.00 seconds
  Pass "" (vp)
    Target graphics API: metal
    Full variant space:         1
    After settings filtering:   1
    After built-in stripping:   1
    After scriptable stripping: 1
    Processed in 0.00 seconds
  Pass "" (fp)
    Target graphics API: metal
    Full variant space:         1
    After settings filtering:   1
    After built-in stripping:   1
    After scriptable stripping: 1
    Processed in 0.00 seconds
  Pass "" (vp)
    Target graphics API: metal
    Full variant space:         1
    After settings filtering:   1
    After built-in stripping:   1
    After scriptable stripping: 1
    Processed in 0.00 seconds
  Pass "" (fp)
    Target graphics API: metal
    Full variant space:         1
    After settings filtering:   1
    After built-in stripping:   1
    After scriptable stripping: 1
    Processed in 0.00 seconds
  Pass "" (vp)
    Target graphics API: metal
    Full variant space:         1
    After settings filtering:   1
    After built-in stripping:   1
    After scriptable stripping: 1
    Processed in 0.00 seconds
  Pass "" (fp)
    Target graphics API: metal
    Full variant space:         1
    After settings filtering:   1
    After built-in stripping:   1
    After scriptable stripping: 1
    Processed in 0.00 seconds
  Pass "" (vp)
    Target graphics API: metal
    Full variant space:         1
    After settings filtering:   1
    After built-in stripping:   1
    After scriptable stripping: 1
    Processed in 0.00 seconds
  Pass "" (fp)
    Target graphics API: metal
    Full variant space:         1
    After settings filtering:   1
    After built-in stripping:   1
    After scriptable stripping: 1
    Processed in 0.00 seconds
  Pass "" (vp)
    Target graphics API: metal
    Full variant space:         1
    After settings filtering:   1
    After built-in stripping:   1
    After scriptable stripping: 1
    Processed in 0.00 seconds
  Pass "" (fp)
    Target graphics API: metal
    Full variant space:         1
    After settings filtering:   1
    After built-in stripping:   1
    After scriptable stripping: 1
    Processed in 0.00 seconds
  Pass "" (vp)
    Target graphics API: metal
    Full variant space:         1
    After settings filtering:   1
    After built-in stripping:   1
    After scriptable stripping: 1
    Processed in 0.00 seconds
  Pass "" (fp)
    Target graphics API: metal
    Full variant space:         1
    After settings filtering:   1
    After built-in stripping:   1
    After scriptable stripping: 1
    Processed in 0.00 seconds
  Pass  (vp, metal) finished in 0.07 seconds. Local cache hits 0 (0.00s CPU time), remote cache hits 0 (0.00s CPU time), compiled 1 variants (0.07s CPU time), skipped 0 variants.
    Prepared data for serialisation in 0.00s
  Pass  (fp, metal) finished in 0.07 seconds. Local cache hits 0 (0.00s CPU time), remote cache hits 0 (0.00s CPU time), compiled 1 variants (0.02s CPU time), skipped 0 variants.
    Prepared data for serialisation in 0.00s
  Pass  (vp, metal) finished in 0.07 seconds. Local cache hits 0 (0.00s CPU time), remote cache hits 0 (0.00s CPU time), compiled 1 variants (0.05s CPU time), skipped 0 variants.
    Prepared data for serialisation in 0.00s
  Pass  (fp, metal) finished in 0.07 seconds. Local cache hits 0 (0.00s CPU time), remote cache hits 0 (0.00s CPU time), compiled 1 variants (0.02s CPU time), skipped 0 variants.
    Prepared data for serialisation in 0.00s
  Pass  (vp, metal) finished in 0.09 seconds. Local cache hits 0 (0.00s CPU time), remote cache hits 0 (0.00s CPU time), compiled 1 variants (0.09s CPU time), skipped 0 variants.
    Prepared data for serialisation in 0.00s
  Pass  (fp, metal) finished in 0.09 seconds. Local cache hits 0 (0.00s CPU time), remote cache hits 0 (0.00s CPU time), compiled 1 variants (0.04s CPU time), skipped 0 variants.
    Prepared data for serialisation in 0.00s
  Pass  (vp, metal) finished in 0.10 seconds. Local cache hits 0 (0.00s CPU time), remote cache hits 0 (0.00s CPU time), compiled 1 variants (0.10s CPU time), skipped 0 variants.
    Prepared data for serialisation in 0.00s
  Pass  (fp, metal) finished in 0.10 seconds. Local cache hits 0 (0.00s CPU time), remote cache hits 0 (0.00s CPU time), compiled 1 variants (0.04s CPU time), skipped 0 variants.
    Prepared data for serialisation in 0.00s
  Pass  (vp, metal) finished in 0.10 seconds. Local cache hits 0 (0.00s CPU time), remote cache hits 0 (0.00s CPU time), compiled 1 variants (0.05s CPU time), skipped 0 variants.
    Prepared data for serialisation in 0.00s
  Pass  (fp, metal) finished in 0.10 seconds. Local cache hits 0 (0.00s CPU time), remote cache hits 0 (0.00s CPU time), compiled 1 variants (0.03s CPU time), skipped 0 variants.
    Prepared data for serialisation in 0.00s
  Pass  (vp, metal) finished in 0.10 seconds. Local cache hits 0 (0.00s CPU time), remote cache hits 0 (0.00s CPU time), compiled 1 variants (0.06s CPU time), skipped 0 variants.
    Prepared data for serialisation in 0.00s
  Pass  (fp, metal) finished in 0.08 seconds. Local cache hits 0 (0.00s CPU time), remote cache hits 0 (0.00s CPU time), compiled 1 variants (0.03s CPU time), skipped 0 variants.
    Prepared data for serialisation in 0.00s
  Pass  (vp, metal) finished in 0.05 seconds. Local cache hits 0 (0.00s CPU time), remote cache hits 0 (0.00s CPU time), compiled 1 variants (0.05s CPU time), skipped 0 variants.
    Prepared data for serialisation in 0.00s
  Pass  (fp, metal) finished in 0.08 seconds. Local cache hits 0 (0.00s CPU time), remote cache hits 0 (0.00s CPU time), compiled 1 variants (0.03s CPU time), skipped 0 variants.
    Prepared data for serialisation in 0.00s
  Pass  (vp, metal) finished in 0.05 seconds. Local cache hits 0 (0.00s CPU time), remote cache hits 0 (0.00s CPU time), compiled 1 variants (0.04s CPU time), skipped 0 variants.
    Prepared data for serialisation in 0.00s
  Pass  (fp, metal) finished in 0.07 seconds. Local cache hits 0 (0.00s CPU time), remote cache hits 0 (0.00s CPU time), compiled 1 variants (0.03s CPU time), skipped 0 variants.
    Prepared data for serialisation in 0.00s
  Pass  (vp, metal) finished in 0.06 seconds. Local cache hits 0 (0.00s CPU time), remote cache hits 0 (0.00s CPU time), compiled 1 variants (0.06s CPU time), skipped 0 variants.
    Prepared data for serialisation in 0.00s
  Pass  (fp, metal) finished in 0.08 seconds. Local cache hits 0 (0.00s CPU time), remote cache hits 0 (0.00s CPU time), compiled 1 variants (0.04s CPU time), skipped 0 variants.
    Prepared data for serialisation in 0.00s
  Pass  (vp, metal) finished in 0.06 seconds. Local cache hits 0 (0.00s CPU time), remote cache hits 0 (0.00s CPU time), compiled 1 variants (0.06s CPU time), skipped 0 variants.
    Prepared data for serialisation in 0.00s
  Pass  (fp, metal) finished in 0.07 seconds. Local cache hits 0 (0.00s CPU time), remote cache hits 0 (0.00s CPU time), compiled 1 variants (0.03s CPU time), skipped 0 variants.
    Prepared data for serialisation in 0.00s
Serialized binary data for shader Hidden/Internal-DepthNormalsTexture in 0.00s
    metal (total internal programs: 20, unique: 16)
Compiling shader "Hidden/Internal-ScreenSpaceShadows"
  Pass "" (vp)
    Target graphics API: metal
    Full variant space:         4
    After settings filtering:   4
    After built-in stripping:   4
    After scriptable stripping: 4
    Processed in 0.00 seconds
  Pass "" (fp)
    Target graphics API: metal
    Full variant space:         4
    After settings filtering:   4
    After built-in stripping:   4
    After scriptable stripping: 4
    Processed in 0.00 seconds
  Pass "" (vp)
    Target graphics API: metal
    Full variant space:         4
    After settings filtering:   4
    After built-in stripping:   4
    After scriptable stripping: 4
    Processed in 0.00 seconds
  Pass "" (fp)
    Target graphics API: metal
    Full variant space:         4
    After settings filtering:   4
    After built-in stripping:   4
    After scriptable stripping: 4
    Processed in 0.00 seconds
  Pass "" (vp)
    Target graphics API: metal
    Full variant space:         4
    After settings filtering:   4
    After built-in stripping:   4
    After scriptable stripping: 4
    Processed in 0.00 seconds
  Pass "" (fp)
    Target graphics API: metal
    Full variant space:         4
    After settings filtering:   4
    After built-in stripping:   4
    After scriptable stripping: 4
    Processed in 0.00 seconds
  Pass "" (vp)
    Target graphics API: metal
    Full variant space:         4
    After settings filtering:   4
    After built-in stripping:   4
    After scriptable stripping: 4
    Processed in 0.00 seconds
  Pass "" (fp)
    Target graphics API: metal
    Full variant space:         4
    After settings filtering:   4
    After built-in stripping:   4
    After scriptable stripping: 4
    Processed in 0.00 seconds
  Pass  (vp, metal) finished in 0.06 seconds. Local cache hits 0 (0.00s CPU time), remote cache hits 0 (0.00s CPU time), compiled 4 variants (0.21s CPU time), skipped 0 variants.
    Prepared data for serialisation in 0.00s
  Pass  (fp, metal) finished in 0.13 seconds. Local cache hits 0 (0.00s CPU time), remote cache hits 0 (0.00s CPU time), compiled 4 variants (0.32s CPU time), skipped 0 variants.
    Prepared data for serialisation in 0.00s
  Pass  (vp, metal) finished in 0.13 seconds. Local cache hits 0 (0.00s CPU time), remote cache hits 0 (0.00s CPU time), compiled 4 variants (0.22s CPU time), skipped 0 variants.
    Prepared data for serialisation in 0.00s
  Pass  (fp, metal) finished in 0.14 seconds. Local cache hits 0 (0.00s CPU time), remote cache hits 0 (0.00s CPU time), compiled 4 variants (0.27s CPU time), skipped 0 variants.
    Prepared data for serialisation in 0.00s
  Pass  (vp, metal) finished in 0.11 seconds. Local cache hits 0 (0.00s CPU time), remote cache hits 0 (0.00s CPU time), compiled 4 variants (0.23s CPU time), skipped 0 variants.
    Prepared data for serialisation in 0.00s
  Pass  (fp, metal) finished in 0.15 seconds. Local cache hits 0 (0.00s CPU time), remote cache hits 0 (0.00s CPU time), compiled 4 variants (0.47s CPU time), skipped 0 variants.
    Prepared data for serialisation in 0.00s
  Pass  (vp, metal) finished in 0.12 seconds. Local cache hits 0 (0.00s CPU time), remote cache hits 0 (0.00s CPU time), compiled 4 variants (0.23s CPU time), skipped 0 variants.
    Prepared data for serialisation in 0.00s
  Pass  (fp, metal) finished in 0.12 seconds. Local cache hits 0 (0.00s CPU time), remote cache hits 0 (0.00s CPU time), compiled 4 variants (0.37s CPU time), skipped 0 variants.
    Prepared data for serialisation in 0.00s
Serialized binary data for shader Hidden/Internal-ScreenSpaceShadows in 0.00s
    metal (total internal programs: 32, unique: 20)
Compiling shader "Hidden/Internal-CombineDepthNormals"
  Pass "" (vp)
    Target graphics API: metal
    Full variant space:         1
    After settings filtering:   1
    After built-in stripping:   1
    After scriptable stripping: 1
    Processed in 0.00 seconds
  Pass "" (fp)
    Target graphics API: metal
    Full variant space:         1
    After settings filtering:   1
    After built-in stripping:   1
    After scriptable stripping: 1
    Processed in 0.00 seconds
  Pass  (vp, metal) finished in 0.02 seconds. Local cache hits 0 (0.00s CPU time), remote cache hits 0 (0.00s CPU time), compiled 1 variants (0.02s CPU time), skipped 0 variants.
    Prepared data for serialisation in 0.00s
  Pass  (fp, metal) finished in 0.02 seconds. Local cache hits 0 (0.00s CPU time), remote cache hits 0 (0.00s CPU time), compiled 1 variants (0.02s CPU time), skipped 0 variants.
    Prepared data for serialisation in 0.00s
Serialized binary data for shader Hidden/Internal-CombineDepthNormals in 0.00s
    metal (total internal programs: 2, unique: 2)
Compiling shader "Hidden/BlitCopy"
  Pass "" (vp)
    Target graphics API: metal
    Full variant space:         1
    After settings filtering:   1
    After built-in stripping:   1
    After scriptable stripping: 1
    Processed in 0.00 seconds
  Pass "" (fp)
    Target graphics API: metal
    Full variant space:         1
    After settings filtering:   1
    After built-in stripping:   1
    After scriptable stripping: 1
    Processed in 0.00 seconds
  Pass  (vp, metal) finished in 0.01 seconds. Local cache hits 0 (0.00s CPU time), remote cache hits 0 (0.00s CPU time), compiled 1 variants (0.01s CPU time), skipped 0 variants.
    Prepared data for serialisation in 0.00s
  Pass  (fp, metal) finished in 0.01 seconds. Local cache hits 0 (0.00s CPU time), remote cache hits 0 (0.00s CPU time), compiled 1 variants (0.01s CPU time), skipped 0 variants.
    Prepared data for serialisation in 0.00s
Serialized binary data for shader Hidden/BlitCopy in 0.00s
    metal (total internal programs: 2, unique: 2)
Compiling shader "Hidden/BlitCopyDepth"
  Pass "" (vp)
    Target graphics API: metal
    Full variant space:         1
    After settings filtering:   1
    After built-in stripping:   1
    After scriptable stripping: 1
    Processed in 0.00 seconds
  Pass "" (fp)
    Target graphics API: metal
    Full variant space:         1
    After settings filtering:   1
    After built-in stripping:   1
    After scriptable stripping: 1
    Processed in 0.00 seconds
  Pass  (vp, metal) finished in 0.01 seconds. Local cache hits 0 (0.00s CPU time), remote cache hits 0 (0.00s CPU time), compiled 1 variants (0.01s CPU time), skipped 0 variants.
    Prepared data for serialisation in 0.00s
  Pass  (fp, metal) finished in 0.01 seconds. Local cache hits 0 (0.00s CPU time), remote cache hits 0 (0.00s CPU time), compiled 1 variants (0.01s CPU time), skipped 0 variants.
    Prepared data for serialisation in 0.00s
Serialized binary data for shader Hidden/BlitCopyDepth in 0.00s
    metal (total internal programs: 2, unique: 2)
Compiling shader "Hidden/ConvertTexture"
  Pass "" (vp)
    Target graphics API: metal
    Full variant space:         1
    After settings filtering:   1
    After built-in stripping:   1
    After scriptable stripping: 1
    Processed in 0.00 seconds
  Pass "" (fp)
    Target graphics API: metal
    Full variant space:         1
    After settings filtering:   1
    After built-in stripping:   1
    After scriptable stripping: 1
    Processed in 0.00 seconds
  Pass  (vp, metal) finished in 0.01 seconds. Local cache hits 0 (0.00s CPU time), remote cache hits 0 (0.00s CPU time), compiled 1 variants (0.01s CPU time), skipped 0 variants.
    Prepared data for serialisation in 0.00s
  Pass  (fp, metal) finished in 0.01 seconds. Local cache hits 0 (0.00s CPU time), remote cache hits 0 (0.00s CPU time), compiled 1 variants (0.01s CPU time), skipped 0 variants.
    Prepared data for serialisation in 0.00s
Serialized binary data for shader Hidden/ConvertTexture in 0.00s
    metal (total internal programs: 2, unique: 2)
Compiling shader "Hidden/Internal-DeferredShading"
  Pass "" (vp)
    Target graphics API: metal
    Full variant space:         94
    After settings filtering:   94
    After built-in stripping:   26
    After scriptable stripping: 26
    Processed in 0.00 seconds
  Pass "" (fp)
    Target graphics API: metal
    Full variant space:         94
    After settings filtering:   94
    After built-in stripping:   26
    After scriptable stripping: 26
    Processed in 0.00 seconds
  Pass "" (vp)
    Target graphics API: metal
    Full variant space:         1
    After settings filtering:   1
    After built-in stripping:   1
    After scriptable stripping: 1
    Processed in 0.00 seconds
  Pass "" (fp)
    Target graphics API: metal
    Full variant space:         1
    After settings filtering:   1
    After built-in stripping:   1
    After scriptable stripping: 1
    Processed in 0.00 seconds
  Pass  (vp, metal) finished in 0.19 seconds. Local cache hits 0 (0.00s CPU time), remote cache hits 0 (0.00s CPU time), compiled 26 variants (1.66s CPU time), skipped 0 variants.
    Prepared data for serialisation in 0.00s
  Pass  (fp, metal) finished in 0.34 seconds. Local cache hits 0 (0.00s CPU time), remote cache hits 0 (0.00s CPU time), compiled 26 variants (3.44s CPU time), skipped 0 variants.
    Prepared data for serialisation in 0.00s
  Pass  (vp, metal) finished in 0.35 seconds. Local cache hits 0 (0.00s CPU time), remote cache hits 0 (0.00s CPU time), compiled 1 variants (0.04s CPU time), skipped 0 variants.
    Prepared data for serialisation in 0.00s
  Pass  (fp, metal) finished in 0.08 seconds. Local cache hits 0 (0.00s CPU time), remote cache hits 0 (0.00s CPU time), compiled 1 variants (0.02s CPU time), skipped 0 variants.
    Prepared data for serialisation in 0.00s
Serialized binary data for shader Hidden/Internal-DeferredShading in 0.00s
    metal (total internal programs: 54, unique: 54)
Compiling shader "Hidden/Internal-DeferredReflections"
  Pass "" (vp)
    Target graphics API: metal
    Full variant space:         1
    After settings filtering:   1
    After built-in stripping:   1
    After scriptable stripping: 1
    Processed in 0.00 seconds
  Pass "" (fp)
    Target graphics API: metal
    Full variant space:         1
    After settings filtering:   1
    After built-in stripping:   1
    After scriptable stripping: 1
    Processed in 0.00 seconds
  Pass "" (vp)
    Target graphics API: metal
    Full variant space:         2
    After settings filtering:   2
    After built-in stripping:   2
    After scriptable stripping: 2
    Processed in 0.00 seconds
  Pass "" (fp)
    Target graphics API: metal
    Full variant space:         2
    After settings filtering:   2
    After built-in stripping:   2
    After scriptable stripping: 2
    Processed in 0.00 seconds
  Pass  (vp, metal) finished in 0.03 seconds. Local cache hits 0 (0.00s CPU time), remote cache hits 0 (0.00s CPU time), compiled 1 variants (0.03s CPU time), skipped 0 variants.
    Prepared data for serialisation in 0.00s
  Pass  (fp, metal) finished in 0.06 seconds. Local cache hits 0 (0.00s CPU time), remote cache hits 0 (0.00s CPU time), compiled 1 variants (0.06s CPU time), skipped 0 variants.
    Prepared data for serialisation in 0.00s
  Pass  (vp, metal) finished in 0.06 seconds. Local cache hits 0 (0.00s CPU time), remote cache hits 0 (0.00s CPU time), compiled 2 variants (0.05s CPU time), skipped 0 variants.
    Prepared data for serialisation in 0.00s
  Pass  (fp, metal) finished in 0.06 seconds. Local cache hits 0 (0.00s CPU time), remote cache hits 0 (0.00s CPU time), compiled 2 variants (0.03s CPU time), skipped 0 variants.
    Prepared data for serialisation in 0.00s
Serialized binary data for shader Hidden/Internal-DeferredReflections in 0.00s
    metal (total internal programs: 6, unique: 6)
Compiling shader "Hidden/Internal-MotionVectors"
  Pass "" (vp)
    Target graphics API: metal
    Full variant space:         1
    After settings filtering:   1
    After built-in stripping:   1
    After scriptable stripping: 1
    Processed in 0.00 seconds
  Pass "" (fp)
    Target graphics API: metal
    Full variant space:         1
    After settings filtering:   1
    After built-in stripping:   1
    After scriptable stripping: 1
    Processed in 0.00 seconds
  Pass "" (vp)
    Target graphics API: metal
    Full variant space:         1
    After settings filtering:   1
    After built-in stripping:   1
    After scriptable stripping: 1
    Processed in 0.00 seconds
  Pass "" (fp)
    Target graphics API: metal
    Full variant space:         1
    After settings filtering:   1
    After built-in stripping:   1
    After scriptable stripping: 1
    Processed in 0.00 seconds
  Pass "" (vp)
    Target graphics API: metal
    Full variant space:         1
    After settings filtering:   1
    After built-in stripping:   1
    After scriptable stripping: 1
    Processed in 0.00 seconds
  Pass "" (fp)
    Target graphics API: metal
    Full variant space:         1
    After settings filtering:   1
    After built-in stripping:   1
    After scriptable stripping: 1
    Processed in 0.00 seconds
  Pass  (vp, metal) finished in 0.03 seconds. Local cache hits 0 (0.00s CPU time), remote cache hits 0 (0.00s CPU time), compiled 1 variants (0.03s CPU time), skipped 0 variants.
    Prepared data for serialisation in 0.00s
  Pass  (fp, metal) finished in 0.03 seconds. Local cache hits 0 (0.00s CPU time), remote cache hits 0 (0.00s CPU time), compiled 1 variants (0.02s CPU time), skipped 0 variants.
    Prepared data for serialisation in 0.00s
  Pass  (vp, metal) finished in 0.03 seconds. Local cache hits 0 (0.00s CPU time), remote cache hits 0 (0.00s CPU time), compiled 1 variants (0.03s CPU time), skipped 0 variants.
    Prepared data for serialisation in 0.00s
  Pass  (fp, metal) finished in 0.03 seconds. Local cache hits 0 (0.00s CPU time), remote cache hits 0 (0.00s CPU time), compiled 1 variants (0.03s CPU time), skipped 0 variants.
    Prepared data for serialisation in 0.00s
  Pass  (vp, metal) finished in 0.03 seconds. Local cache hits 0 (0.00s CPU time), remote cache hits 0 (0.00s CPU time), compiled 1 variants (0.02s CPU time), skipped 0 variants.
    Prepared data for serialisation in 0.00s
  Pass  (fp, metal) finished in 0.03 seconds. Local cache hits 0 (0.00s CPU time), remote cache hits 0 (0.00s CPU time), compiled 1 variants (0.03s CPU time), skipped 0 variants.
    Prepared data for serialisation in 0.00s
Serialized binary data for shader Hidden/Internal-MotionVectors in 0.00s
    metal (total internal programs: 6, unique: 5)
Compiling shader "Hidden/Internal-Flare"
  Pass "" (vp)
    Target graphics API: metal
    Full variant space:         1
    After settings filtering:   1
    After built-in stripping:   1
    After scriptable stripping: 1
    Processed in 0.00 seconds
  Pass "" (fp)
    Target graphics API: metal
    Full variant space:         1
    After settings filtering:   1
    After built-in stripping:   1
    After scriptable stripping: 1
    Processed in 0.00 seconds
  Pass  (vp, metal) finished in 0.01 seconds. Local cache hits 0 (0.00s CPU time), remote cache hits 0 (0.00s CPU time), compiled 1 variants (0.01s CPU time), skipped 0 variants.
    Prepared data for serialisation in 0.00s
  Pass  (fp, metal) finished in 0.01 seconds. Local cache hits 0 (0.00s CPU time), remote cache hits 0 (0.00s CPU time), compiled 1 variants (0.01s CPU time), skipped 0 variants.
    Prepared data for serialisation in 0.00s
Serialized binary data for shader Hidden/Internal-Flare in 0.00s
    metal (total internal programs: 2, unique: 2)
Compiling shader "Hidden/Internal-Halo"
  Pass "" (vp)
    Target graphics API: metal
    Full variant space:         4
    After settings filtering:   4
    After built-in stripping:   1
    After scriptable stripping: 1
    Processed in 0.00 seconds
  Pass "" (fp)
    Target graphics API: metal
    Full variant space:         4
    After settings filtering:   4
    After built-in stripping:   1
    After scriptable stripping: 1
    Processed in 0.00 seconds
  Pass  (vp, metal) finished in 0.01 seconds. Local cache hits 0 (0.00s CPU time), remote cache hits 0 (0.00s CPU time), compiled 1 variants (0.01s CPU time), skipped 0 variants.
    Prepared data for serialisation in 0.00s
  Pass  (fp, metal) finished in 0.01 seconds. Local cache hits 0 (0.00s CPU time), remote cache hits 0 (0.00s CPU time), compiled 1 variants (0.01s CPU time), skipped 0 variants.
    Prepared data for serialisation in 0.00s
Serialized binary data for shader Hidden/Internal-Halo in 0.00s
    metal (total internal programs: 2, unique: 2)
Compiling shader "Hidden/BlitCopyWithDepth"
  Pass "" (vp)
    Target graphics API: metal
    Full variant space:         1
    After settings filtering:   1
    After built-in stripping:   1
    After scriptable stripping: 1
    Processed in 0.00 seconds
  Pass "" (fp)
    Target graphics API: metal
    Full variant space:         1
    After settings filtering:   1
    After built-in stripping:   1
    After scriptable stripping: 1
    Processed in 0.00 seconds
  Pass  (vp, metal) finished in 0.01 seconds. Local cache hits 0 (0.00s CPU time), remote cache hits 0 (0.00s CPU time), compiled 1 variants (0.01s CPU time), skipped 0 variants.
    Prepared data for serialisation in 0.00s
  Pass  (fp, metal) finished in 0.01 seconds. Local cache hits 0 (0.00s CPU time), remote cache hits 0 (0.00s CPU time), compiled 1 variants (0.01s CPU time), skipped 0 variants.
    Prepared data for serialisation in 0.00s
Serialized binary data for shader Hidden/BlitCopyWithDepth in 0.00s
    metal (total internal programs: 2, unique: 2)
Compiling shader "Hidden/BlitToDepth"
  Pass "" (vp)
    Target graphics API: metal
    Full variant space:         1
    After settings filtering:   1
    After built-in stripping:   1
    After scriptable stripping: 1
    Processed in 0.00 seconds
  Pass "" (fp)
    Target graphics API: metal
    Full variant space:         1
    After settings filtering:   1
    After built-in stripping:   1
    After scriptable stripping: 1
    Processed in 0.00 seconds
  Pass  (vp, metal) finished in 0.02 seconds. Local cache hits 0 (0.00s CPU time), remote cache hits 0 (0.00s CPU time), compiled 1 variants (0.02s CPU time), skipped 0 variants.
    Prepared data for serialisation in 0.00s
  Pass  (fp, metal) finished in 0.02 seconds. Local cache hits 0 (0.00s CPU time), remote cache hits 0 (0.00s CPU time), compiled 1 variants (0.01s CPU time), skipped 0 variants.
    Prepared data for serialisation in 0.00s
Serialized binary data for shader Hidden/BlitToDepth in 0.00s
    metal (total internal programs: 2, unique: 2)
Compiling shader "Hidden/BlitToDepth_MSAA"
  Pass "" (vp)
    Target graphics API: metal
    Full variant space:         1
    After settings filtering:   1
    After built-in stripping:   1
    After scriptable stripping: 1
    Processed in 0.00 seconds
  Pass "" (fp)
    Target graphics API: metal
    Full variant space:         1
    After settings filtering:   1
    After built-in stripping:   1
    After scriptable stripping: 1
    Processed in 0.00 seconds
  Pass  (vp, metal) finished in 0.02 seconds. Local cache hits 0 (0.00s CPU time), remote cache hits 0 (0.00s CPU time), compiled 1 variants (0.02s CPU time), skipped 0 variants.
    Prepared data for serialisation in 0.00s
  Pass  (fp, metal) finished in 0.02 seconds. Local cache hits 0 (0.00s CPU time), remote cache hits 0 (0.00s CPU time), compiled 1 variants (0.02s CPU time), skipped 0 variants.
    Prepared data for serialisation in 0.00s
Serialized binary data for shader Hidden/BlitToDepth_MSAA in 0.00s
    metal (total internal programs: 2, unique: 2)
Compiling shader "Hidden/BlitCopyHDRTonemap"
  Pass "" (vp)
    Target graphics API: metal
    Full variant space:         1
    After settings filtering:   1
    After built-in stripping:   1
    After scriptable stripping: 1
    Processed in 0.00 seconds
  Pass "" (fp)
    Target graphics API: metal
    Full variant space:         1
    After settings filtering:   1
    After built-in stripping:   1
    After scriptable stripping: 1
    Processed in 0.00 seconds
  Pass  (vp, metal) finished in 0.02 seconds. Local cache hits 0 (0.00s CPU time), remote cache hits 0 (0.00s CPU time), compiled 1 variants (0.02s CPU time), skipped 0 variants.
    Prepared data for serialisation in 0.00s
  Pass  (fp, metal) finished in 0.03 seconds. Local cache hits 0 (0.00s CPU time), remote cache hits 0 (0.00s CPU time), compiled 1 variants (0.03s CPU time), skipped 0 variants.
    Prepared data for serialisation in 0.00s
Serialized binary data for shader Hidden/BlitCopyHDRTonemap in 0.00s
    metal (total internal programs: 2, unique: 2)
Compiling shader "Hidden/Internal-DebugPattern"
  Pass "Target Color and DepthStencil" (vp)
    Target graphics API: metal
    Full variant space:         1
    After settings filtering:   1
    After built-in stripping:   1
    After scriptable stripping: 1
    Processed in 0.00 seconds
  Pass "Target Color and DepthStencil" (fp)
    Target graphics API: metal
    Full variant space:         1
    After settings filtering:   1
    After built-in stripping:   1
    After scriptable stripping: 1
    Processed in 0.00 seconds
  Pass "Target only Color" (vp)
    Target graphics API: metal
    Full variant space:         1
    After settings filtering:   1
    After built-in stripping:   1
    After scriptable stripping: 1
    Processed in 0.00 seconds
  Pass "Target only Color" (fp)
    Target graphics API: metal
    Full variant space:         1
    After settings filtering:   1
    After built-in stripping:   1
    After scriptable stripping: 1
    Processed in 0.00 seconds
  Pass "Target only DepthStencil" (vp)
    Target graphics API: metal
    Full variant space:         1
    After settings filtering:   1
    After built-in stripping:   1
    After scriptable stripping: 1
    Processed in 0.00 seconds
  Pass "Target only DepthStencil" (fp)
    Target graphics API: metal
    Full variant space:         1
    After settings filtering:   1
    After built-in stripping:   1
    After scriptable stripping: 1
    Processed in 0.00 seconds
  Pass Target Color and DepthStencil (vp, metal) finished in 0.01 seconds. Local cache hits 0 (0.00s CPU time), remote cache hits 0 (0.00s CPU time), compiled 1 variants (0.01s CPU time), skipped 0 variants.
    Prepared data for serialisation in 0.00s
  Pass Target Color and DepthStencil (fp, metal) finished in 0.02 seconds. Local cache hits 0 (0.00s CPU time), remote cache hits 0 (0.00s CPU time), compiled 1 variants (0.02s CPU time), skipped 0 variants.
    Prepared data for serialisation in 0.00s
  Pass Target only Color (vp, metal) finished in 0.02 seconds. Local cache hits 0 (0.00s CPU time), remote cache hits 0 (0.00s CPU time), compiled 1 variants (0.02s CPU time), skipped 0 variants.
    Prepared data for serialisation in 0.00s
  Pass Target only Color (fp, metal) finished in 0.02 seconds. Local cache hits 0 (0.00s CPU time), remote cache hits 0 (0.00s CPU time), compiled 1 variants (0.01s CPU time), skipped 0 variants.
    Prepared data for serialisation in 0.00s
  Pass Target only DepthStencil (vp, metal) finished in 0.02 seconds. Local cache hits 0 (0.00s CPU time), remote cache hits 0 (0.00s CPU time), compiled 1 variants (0.02s CPU time), skipped 0 variants.
    Prepared data for serialisation in 0.00s
  Pass Target only DepthStencil (fp, metal) finished in 0.02 seconds. Local cache hits 0 (0.00s CPU time), remote cache hits 0 (0.00s CPU time), compiled 1 variants (0.01s CPU time), skipped 0 variants.
    Prepared data for serialisation in 0.00s
Serialized binary data for shader Hidden/Internal-DebugPattern in 0.00s
    metal (total internal programs: 6, unique: 4)
Compiling shader "Hidden/Internal-GUITextureClip"
  Pass "" (vp)
    Target graphics API: metal
    Full variant space:         1
    After settings filtering:   1
    After built-in stripping:   1
    After scriptable stripping: 1
    Processed in 0.00 seconds
  Pass "" (fp)
    Target graphics API: metal
    Full variant space:         1
    After settings filtering:   1
    After built-in stripping:   1
    After scriptable stripping: 1
    Processed in 0.00 seconds
  Pass "" (vp)
    Target graphics API: metal
    Full variant space:         1
    After settings filtering:   1
    After built-in stripping:   1
    After scriptable stripping: 1
    Processed in 0.00 seconds
  Pass "" (fp)
    Target graphics API: metal
    Full variant space:         1
    After settings filtering:   1
    After built-in stripping:   1
    After scriptable stripping: 1
    Processed in 0.00 seconds
  Pass  (vp, metal) finished in 0.03 seconds. Local cache hits 0 (0.00s CPU time), remote cache hits 0 (0.00s CPU time), compiled 1 variants (0.02s CPU time), skipped 0 variants.
    Prepared data for serialisation in 0.00s
  Pass  (fp, metal) finished in 0.03 seconds. Local cache hits 0 (0.00s CPU time), remote cache hits 0 (0.00s CPU time), compiled 1 variants (0.02s CPU time), skipped 0 variants.
    Prepared data for serialisation in 0.00s
  Pass  (vp, metal) finished in 0.02 seconds. Local cache hits 0 (0.00s CPU time), remote cache hits 0 (0.00s CPU time), compiled 1 variants (0.02s CPU time), skipped 0 variants.
    Prepared data for serialisation in 0.00s
  Pass  (fp, metal) finished in 0.02 seconds. Local cache hits 0 (0.00s CPU time), remote cache hits 0 (0.00s CPU time), compiled 1 variants (0.02s CPU time), skipped 0 variants.
    Prepared data for serialisation in 0.00s
Serialized binary data for shader Hidden/Internal-GUITextureClip in 0.00s
    metal (total internal programs: 4, unique: 2)
Compiling shader "Hidden/Internal-GUITextureClipText"
  Pass "" (vp)
    Target graphics API: metal
    Full variant space:         1
    After settings filtering:   1
    After built-in stripping:   1
    After scriptable stripping: 1
    Processed in 0.00 seconds
  Pass "" (fp)
    Target graphics API: metal
    Full variant space:         1
    After settings filtering:   1
    After built-in stripping:   1
    After scriptable stripping: 1
    Processed in 0.00 seconds
  Pass "" (vp)
    Target graphics API: metal
    Full variant space:         1
    After settings filtering:   1
    After built-in stripping:   1
    After scriptable stripping: 1
    Processed in 0.00 seconds
  Pass "" (fp)
    Target graphics API: metal
    Full variant space:         1
    After settings filtering:   1
    After built-in stripping:   1
    After scriptable stripping: 1
    Processed in 0.00 seconds
  Pass  (vp, metal) finished in 0.02 seconds. Local cache hits 0 (0.00s CPU time), remote cache hits 0 (0.00s CPU time), compiled 1 variants (0.02s CPU time), skipped 0 variants.
    Prepared data for serialisation in 0.00s
  Pass  (fp, metal) finished in 0.02 seconds. Local cache hits 0 (0.00s CPU time), remote cache hits 0 (0.00s CPU time), compiled 1 variants (0.01s CPU time), skipped 0 variants.
    Prepared data for serialisation in 0.00s
  Pass  (vp, metal) finished in 0.03 seconds. Local cache hits 0 (0.00s CPU time), remote cache hits 0 (0.00s CPU time), compiled 1 variants (0.03s CPU time), skipped 0 variants.
    Prepared data for serialisation in 0.00s
  Pass  (fp, metal) finished in 0.03 seconds. Local cache hits 0 (0.00s CPU time), remote cache hits 0 (0.00s CPU time), compiled 1 variants (0.02s CPU time), skipped 0 variants.
    Prepared data for serialisation in 0.00s
Serialized binary data for shader Hidden/Internal-GUITextureClipText in 0.00s
    metal (total internal programs: 4, unique: 2)
Compiling shader "Hidden/Internal-GUITexture"
  Pass "" (vp)
    Target graphics API: metal
    Full variant space:         1
    After settings filtering:   1
    After built-in stripping:   1
    After scriptable stripping: 1
    Processed in 0.00 seconds
  Pass "" (fp)
    Target graphics API: metal
    Full variant space:         1
    After settings filtering:   1
    After built-in stripping:   1
    After scriptable stripping: 1
    Processed in 0.00 seconds
  Pass "" (vp)
    Target graphics API: metal
    Full variant space:         1
    After settings filtering:   1
    After built-in stripping:   1
    After scriptable stripping: 1
    Processed in 0.00 seconds
  Pass "" (fp)
    Target graphics API: metal
    Full variant space:         1
    After settings filtering:   1
    After built-in stripping:   1
    After scriptable stripping: 1
    Processed in 0.00 seconds
  Pass  (vp, metal) finished in 0.02 seconds. Local cache hits 0 (0.00s CPU time), remote cache hits 0 (0.00s CPU time), compiled 1 variants (0.02s CPU time), skipped 0 variants.
    Prepared data for serialisation in 0.00s
  Pass  (fp, metal) finished in 0.02 seconds. Local cache hits 0 (0.00s CPU time), remote cache hits 0 (0.00s CPU time), compiled 1 variants (0.01s CPU time), skipped 0 variants.
    Prepared data for serialisation in 0.00s
  Pass  (vp, metal) finished in 0.02 seconds. Local cache hits 0 (0.00s CPU time), remote cache hits 0 (0.00s CPU time), compiled 1 variants (0.02s CPU time), skipped 0 variants.
    Prepared data for serialisation in 0.00s
  Pass  (fp, metal) finished in 0.02 seconds. Local cache hits 0 (0.00s CPU time), remote cache hits 0 (0.00s CPU time), compiled 1 variants (0.02s CPU time), skipped 0 variants.
    Prepared data for serialisation in 0.00s
Serialized binary data for shader Hidden/Internal-GUITexture in 0.00s
    metal (total internal programs: 4, unique: 2)
Compiling shader "Hidden/Internal-GUITextureBlit"
  Pass "" (vp)
    Target graphics API: metal
    Full variant space:         1
    After settings filtering:   1
    After built-in stripping:   1
    After scriptable stripping: 1
    Processed in 0.00 seconds
  Pass "" (fp)
    Target graphics API: metal
    Full variant space:         1
    After settings filtering:   1
    After built-in stripping:   1
    After scriptable stripping: 1
    Processed in 0.00 seconds
  Pass "" (vp)
    Target graphics API: metal
    Full variant space:         1
    After settings filtering:   1
    After built-in stripping:   1
    After scriptable stripping: 1
    Processed in 0.00 seconds
  Pass "" (fp)
    Target graphics API: metal
    Full variant space:         1
    After settings filtering:   1
    After built-in stripping:   1
    After scriptable stripping: 1
    Processed in 0.00 seconds
  Pass  (vp, metal) finished in 0.02 seconds. Local cache hits 0 (0.00s CPU time), remote cache hits 0 (0.00s CPU time), compiled 1 variants (0.02s CPU time), skipped 0 variants.
    Prepared data for serialisation in 0.00s
  Pass  (fp, metal) finished in 0.02 seconds. Local cache hits 0 (0.00s CPU time), remote cache hits 0 (0.00s CPU time), compiled 1 variants (0.02s CPU time), skipped 0 variants.
    Prepared data for serialisation in 0.00s
  Pass  (vp, metal) finished in 0.02 seconds. Local cache hits 0 (0.00s CPU time), remote cache hits 0 (0.00s CPU time), compiled 1 variants (0.02s CPU time), skipped 0 variants.
    Prepared data for serialisation in 0.00s
  Pass  (fp, metal) finished in 0.02 seconds. Local cache hits 0 (0.00s CPU time), remote cache hits 0 (0.00s CPU time), compiled 1 variants (0.01s CPU time), skipped 0 variants.
    Prepared data for serialisation in 0.00s
Serialized binary data for shader Hidden/Internal-GUITextureBlit in 0.00s
    metal (total internal programs: 4, unique: 2)
Compiling shader "Hidden/Internal-GUIRoundedRect"
  Pass "" (vp)
    Target graphics API: metal
    Full variant space:         1
    After settings filtering:   1
    After built-in stripping:   1
    After scriptable stripping: 1
    Processed in 0.00 seconds
  Pass "" (fp)
    Target graphics API: metal
    Full variant space:         1
    After settings filtering:   1
    After built-in stripping:   1
    After scriptable stripping: 1
    Processed in 0.00 seconds
  Pass "" (vp)
    Target graphics API: metal
    Full variant space:         1
    After settings filtering:   1
    After built-in stripping:   1
    After scriptable stripping: 1
    Processed in 0.00 seconds
  Pass "" (fp)
    Target graphics API: metal
    Full variant space:         1
    After settings filtering:   1
    After built-in stripping:   1
    After scriptable stripping: 1
    Processed in 0.00 seconds
  Pass  (vp, metal) finished in 0.03 seconds. Local cache hits 0 (0.00s CPU time), remote cache hits 0 (0.00s CPU time), compiled 1 variants (0.03s CPU time), skipped 0 variants.
    Prepared data for serialisation in 0.00s
  Pass  (fp, metal) finished in 0.03 seconds. Local cache hits 0 (0.00s CPU time), remote cache hits 0 (0.00s CPU time), compiled 1 variants (0.03s CPU time), skipped 0 variants.
    Prepared data for serialisation in 0.00s
  Pass  (vp, metal) finished in 0.03 seconds. Local cache hits 0 (0.00s CPU time), remote cache hits 0 (0.00s CPU time), compiled 1 variants (0.02s CPU time), skipped 0 variants.
    Prepared data for serialisation in 0.00s
  Pass  (fp, metal) finished in 0.03 seconds. Local cache hits 0 (0.00s CPU time), remote cache hits 0 (0.00s CPU time), compiled 1 variants (0.03s CPU time), skipped 0 variants.
    Prepared data for serialisation in 0.00s
Serialized binary data for shader Hidden/Internal-GUIRoundedRect in 0.00s
    metal (total internal programs: 4, unique: 2)
Compiling shader "Hidden/Internal-GUIRoundedRectWithColorPerBorder"
  Pass "" (vp)
    Target graphics API: metal
    Full variant space:         1
    After settings filtering:   1
    After built-in stripping:   1
    After scriptable stripping: 1
    Processed in 0.00 seconds
  Pass "" (fp)
    Target graphics API: metal
    Full variant space:         1
    After settings filtering:   1
    After built-in stripping:   1
    After scriptable stripping: 1
    Processed in 0.00 seconds
  Pass "" (vp)
    Target graphics API: metal
    Full variant space:         1
    After settings filtering:   1
    After built-in stripping:   1
    After scriptable stripping: 1
    Processed in 0.00 seconds
  Pass "" (fp)
    Target graphics API: metal
    Full variant space:         1
    After settings filtering:   1
    After built-in stripping:   1
    After scriptable stripping: 1
    Processed in 0.00 seconds
  Pass  (vp, metal) finished in 0.02 seconds. Local cache hits 0 (0.00s CPU time), remote cache hits 0 (0.00s CPU time), compiled 1 variants (0.02s CPU time), skipped 0 variants.
    Prepared data for serialisation in 0.00s
  Pass  (fp, metal) finished in 0.05 seconds. Local cache hits 0 (0.00s CPU time), remote cache hits 0 (0.00s CPU time), compiled 1 variants (0.05s CPU time), skipped 0 variants.
    Prepared data for serialisation in 0.00s
  Pass  (vp, metal) finished in 0.05 seconds. Local cache hits 0 (0.00s CPU time), remote cache hits 0 (0.00s CPU time), compiled 1 variants (0.03s CPU time), skipped 0 variants.
    Prepared data for serialisation in 0.00s
  Pass  (fp, metal) finished in 0.05 seconds. Local cache hits 0 (0.00s CPU time), remote cache hits 0 (0.00s CPU time), compiled 1 variants (0.04s CPU time), skipped 0 variants.
    Prepared data for serialisation in 0.00s
Serialized binary data for shader Hidden/Internal-GUIRoundedRectWithColorPerBorder in 0.00s
    metal (total internal programs: 4, unique: 2)
Compiling shader "Hidden/Internal-UIRDefault"
  Pass "" (vp)
    Target graphics API: metal
    Full variant space:         40
    After settings filtering:   40
    After built-in stripping:   40
    After scriptable stripping: 40
    Processed in 0.00 seconds
  Pass "" (fp)
    Target graphics API: metal
    Full variant space:         40
    After settings filtering:   40
    After built-in stripping:   40
    After scriptable stripping: 40
    Processed in 0.00 seconds
  Pass  (vp, metal) finished in 1.02 seconds. Local cache hits 0 (0.00s CPU time), remote cache hits 0 (0.00s CPU time), compiled 40 variants (9.96s CPU time), skipped 0 variants.
    Prepared data for serialisation in 0.00s
  Pass  (fp, metal) finished in 0.59 seconds. Local cache hits 0 (0.00s CPU time), remote cache hits 0 (0.00s CPU time), compiled 40 variants (4.21s CPU time), skipped 0 variants.
    Prepared data for serialisation in 0.00s
Serialized binary data for shader Hidden/Internal-UIRDefault in 0.00s
    metal (total internal programs: 80, unique: 80)
Compiling shader "Hidden/Internal-UIRAtlasBlitCopy"
  Pass "" (vp)
    Target graphics API: metal
    Full variant space:         1
    After settings filtering:   1
    After built-in stripping:   1
    After scriptable stripping: 1
    Processed in 0.00 seconds
  Pass "" (fp)
    Target graphics API: metal
    Full variant space:         1
    After settings filtering:   1
    After built-in stripping:   1
    After scriptable stripping: 1
    Processed in 0.00 seconds
  Pass  (vp, metal) finished in 0.02 seconds. Local cache hits 0 (0.00s CPU time), remote cache hits 0 (0.00s CPU time), compiled 1 variants (0.02s CPU time), skipped 0 variants.
    Prepared data for serialisation in 0.00s
  Pass  (fp, metal) finished in 0.02 seconds. Local cache hits 0 (0.00s CPU time), remote cache hits 0 (0.00s CPU time), compiled 1 variants (0.01s CPU time), skipped 0 variants.
    Prepared data for serialisation in 0.00s
Serialized binary data for shader Hidden/Internal-UIRAtlasBlitCopy in 0.00s
    metal (total internal programs: 2, unique: 2)
Compiling shader "Sprites/Default"
  Pass "" (vp)
    Target graphics API: metal
    Full variant space:         8
    After settings filtering:   8
    After built-in stripping:   4
    After scriptable stripping: 4
    Processed in 0.00 seconds
  Pass "" (fp)
    Target graphics API: metal
    Full variant space:         8
    After settings filtering:   8
    After built-in stripping:   4
    After scriptable stripping: 4
    Processed in 0.00 seconds
  Pass  (vp, metal) finished in 0.03 seconds. Local cache hits 0 (0.00s CPU time), remote cache hits 0 (0.00s CPU time), compiled 4 variants (0.12s CPU time), skipped 0 variants.
    Prepared data for serialisation in 0.00s
  Pass  (fp, metal) finished in 0.03 seconds. Local cache hits 0 (0.00s CPU time), remote cache hits 0 (0.00s CPU time), compiled 4 variants (0.09s CPU time), skipped 0 variants.
    Prepared data for serialisation in 0.00s
Serialized binary data for shader Sprites/Default in 0.00s
    metal (total internal programs: 8, unique: 8)
Compiling shader "Sprites/Mask"
  Pass "" (vp)
    Target graphics API: metal
    Full variant space:         4
    After settings filtering:   4
    After built-in stripping:   4
    After scriptable stripping: 4
    Processed in 0.00 seconds
  Pass "" (fp)
    Target graphics API: metal
    Full variant space:         4
    After settings filtering:   4
    After built-in stripping:   4
    After scriptable stripping: 4
    Processed in 0.00 seconds
  Pass  (vp, metal) finished in 0.04 seconds. Local cache hits 0 (0.00s CPU time), remote cache hits 0 (0.00s CPU time), compiled 4 variants (0.14s CPU time), skipped 0 variants.
    Prepared data for serialisation in 0.00s
  Pass  (fp, metal) finished in 0.04 seconds. Local cache hits 0 (0.00s CPU time), remote cache hits 0 (0.00s CPU time), compiled 4 variants (0.10s CPU time), skipped 0 variants.
    Prepared data for serialisation in 0.00s
Serialized binary data for shader Sprites/Mask in 0.00s
    metal (total internal programs: 8, unique: 8)
Compiling shader "UI/Default"
  Pass "Default" (vp)
    Target graphics API: metal
    Full variant space:         4
    After settings filtering:   4
    After built-in stripping:   4
    After scriptable stripping: 4
    Processed in 0.00 seconds
  Pass "Default" (fp)
    Target graphics API: metal
    Full variant space:         4
    After settings filtering:   4
    After built-in stripping:   4
    After scriptable stripping: 4
    Processed in 0.00 seconds
  Pass "XRMotionVectors" (vp)
    Target graphics API: metal
    Full variant space:         4
    After settings filtering:   4
    After built-in stripping:   4
    After scriptable stripping: 4
    Processed in 0.00 seconds
  Pass "XRMotionVectors" (fp)
    Target graphics API: metal
    Full variant space:         4
    After settings filtering:   4
    After built-in stripping:   4
    After scriptable stripping: 4
    Processed in 0.00 seconds
  Pass Default (vp, metal) finished in 0.07 seconds. Local cache hits 0 (0.00s CPU time), remote cache hits 0 (0.00s CPU time), compiled 4 variants (0.22s CPU time), skipped 0 variants.
    Prepared data for serialisation in 0.00s
  Pass Default (fp, metal) finished in 0.07 seconds. Local cache hits 0 (0.00s CPU time), remote cache hits 0 (0.00s CPU time), compiled 4 variants (0.11s CPU time), skipped 0 variants.
    Prepared data for serialisation in 0.00s
  Pass XRMotionVectors (vp, metal) finished in 0.10 seconds. Local cache hits 0 (0.00s CPU time), remote cache hits 0 (0.00s CPU time), compiled 4 variants (0.30s CPU time), skipped 0 variants.
    Prepared data for serialisation in 0.00s
  Pass XRMotionVectors (fp, metal) finished in 0.08 seconds. Local cache hits 0 (0.00s CPU time), remote cache hits 0 (0.00s CPU time), compiled 4 variants (0.15s CPU time), skipped 0 variants.
    Prepared data for serialisation in 0.00s
Serialized binary data for shader UI/Default in 0.00s
    metal (total internal programs: 16, unique: 16)
Compiling shader "UI/DefaultETC1"
  Pass "Default" (vp)
    Target graphics API: metal
    Full variant space:         4
    After settings filtering:   4
    After built-in stripping:   4
    After scriptable stripping: 4
    Processed in 0.00 seconds
  Pass "Default" (fp)
    Target graphics API: metal
    Full variant space:         4
    After settings filtering:   4
    After built-in stripping:   4
    After scriptable stripping: 4
    Processed in 0.00 seconds
  Pass "XRMotionVectors" (vp)
    Target graphics API: metal
    Full variant space:         4
    After settings filtering:   4
    After built-in stripping:   4
    After scriptable stripping: 4
    Processed in 0.00 seconds
  Pass "XRMotionVectors" (fp)
    Target graphics API: metal
    Full variant space:         4
    After settings filtering:   4
    After built-in stripping:   4
    After scriptable stripping: 4
    Processed in 0.01 seconds
  Pass Default (vp, metal) finished in 0.06 seconds. Local cache hits 0 (0.00s CPU time), remote cache hits 0 (0.00s CPU time), compiled 4 variants (0.21s CPU time), skipped 0 variants.
    Prepared data for serialisation in 0.00s
  Pass Default (fp, metal) finished in 0.06 seconds. Local cache hits 0 (0.00s CPU time), remote cache hits 0 (0.00s CPU time), compiled 4 variants (0.13s CPU time), skipped 0 variants.
    Prepared data for serialisation in 0.00s
  Pass XRMotionVectors (vp, metal) finished in 0.09 seconds. Local cache hits 0 (0.00s CPU time), remote cache hits 0 (0.00s CPU time), compiled 4 variants (0.27s CPU time), skipped 0 variants.
    Prepared data for serialisation in 0.00s
  Pass XRMotionVectors (fp, metal) finished in 0.07 seconds. Local cache hits 0 (0.00s CPU time), remote cache hits 0 (0.00s CPU time), compiled 4 variants (0.15s CPU time), skipped 0 variants.
    Prepared data for serialisation in 0.00s
Serialized binary data for shader UI/DefaultETC1 in 0.00s
    metal (total internal programs: 16, unique: 16)
Compiling shader "Hidden/CubeBlur"
  Pass "" (vp)
    Target graphics API: metal
    Full variant space:         1
    After settings filtering:   1
    After built-in stripping:   1
    After scriptable stripping: 1
    Processed in 0.00 seconds
  Pass "" (fp)
    Target graphics API: metal
    Full variant space:         1
    After settings filtering:   1
    After built-in stripping:   1
    After scriptable stripping: 1
    Processed in 0.00 seconds
  Pass "" (vp)
    Target graphics API: metal
    Full variant space:         1
    After settings filtering:   1
    After built-in stripping:   1
    After scriptable stripping: 1
    Processed in 0.00 seconds
  Pass "" (fp)
    Target graphics API: metal
    Full variant space:         1
    After settings filtering:   1
    After built-in stripping:   1
    After scriptable stripping: 1
    Processed in 0.00 seconds
  Pass  (vp, metal) finished in 0.02 seconds. Local cache hits 0 (0.00s CPU time), remote cache hits 0 (0.00s CPU time), compiled 1 variants (0.02s CPU time), skipped 0 variants.
    Prepared data for serialisation in 0.00s
  Pass  (fp, metal) finished in 0.12 seconds. Local cache hits 0 (0.00s CPU time), remote cache hits 0 (0.00s CPU time), compiled 1 variants (0.12s CPU time), skipped 0 variants.
    Prepared data for serialisation in 0.00s
  Pass  (vp, metal) finished in 0.12 seconds. Local cache hits 0 (0.00s CPU time), remote cache hits 0 (0.00s CPU time), compiled 1 variants (0.02s CPU time), skipped 0 variants.
    Prepared data for serialisation in 0.00s
  Pass  (fp, metal) finished in 0.12 seconds. Local cache hits 0 (0.00s CPU time), remote cache hits 0 (0.00s CPU time), compiled 1 variants (0.02s CPU time), skipped 0 variants.
    Prepared data for serialisation in 0.00s
Serialized binary data for shader Hidden/CubeBlur in 0.00s
    metal (total internal programs: 4, unique: 3)
Compiling shader "Hidden/CubeCopy"
  Pass "" (vp)
    Target graphics API: metal
    Full variant space:         1
    After settings filtering:   1
    After built-in stripping:   1
    After scriptable stripping: 1
    Processed in 0.00 seconds
  Pass "" (fp)
    Target graphics API: metal
    Full variant space:         1
    After settings filtering:   1
    After built-in stripping:   1
    After scriptable stripping: 1
    Processed in 0.00 seconds
  Pass "" (vp)
    Target graphics API: metal
    Full variant space:         1
    After settings filtering:   1
    After built-in stripping:   1
    After scriptable stripping: 1
    Processed in 0.00 seconds
  Pass "" (fp)
    Target graphics API: metal
    Full variant space:         1
    After settings filtering:   1
    After built-in stripping:   1
    After scriptable stripping: 1
    Processed in 0.00 seconds
  Pass  (vp, metal) finished in 0.01 seconds. Local cache hits 0 (0.00s CPU time), remote cache hits 0 (0.00s CPU time), compiled 1 variants (0.01s CPU time), skipped 0 variants.
    Prepared data for serialisation in 0.00s
  Pass  (fp, metal) finished in 0.01 seconds. Local cache hits 0 (0.00s CPU time), remote cache hits 0 (0.00s CPU time), compiled 1 variants (0.01s CPU time), skipped 0 variants.
    Prepared data for serialisation in 0.00s
  Pass  (vp, metal) finished in 0.02 seconds. Local cache hits 0 (0.00s CPU time), remote cache hits 0 (0.00s CPU time), compiled 1 variants (0.02s CPU time), skipped 0 variants.
    Prepared data for serialisation in 0.00s
  Pass  (fp, metal) finished in 0.02 seconds. Local cache hits 0 (0.00s CPU time), remote cache hits 0 (0.00s CPU time), compiled 1 variants (0.02s CPU time), skipped 0 variants.
    Prepared data for serialisation in 0.00s
Serialized binary data for shader Hidden/CubeCopy in 0.00s
    metal (total internal programs: 4, unique: 2)
Compiling shader "Hidden/CubeBlend"
  Pass "" (vp)
    Target graphics API: metal
    Full variant space:         1
    After settings filtering:   1
    After built-in stripping:   1
    After scriptable stripping: 1
    Processed in 0.00 seconds
  Pass "" (fp)
    Target graphics API: metal
    Full variant space:         1
    After settings filtering:   1
    After built-in stripping:   1
    After scriptable stripping: 1
    Processed in 0.00 seconds
  Pass "" (vp)
    Target graphics API: metal
    Full variant space:         1
    After settings filtering:   1
    After built-in stripping:   1
    After scriptable stripping: 1
    Processed in 0.00 seconds
  Pass "" (fp)
    Target graphics API: metal
    Full variant space:         1
    After settings filtering:   1
    After built-in stripping:   1
    After scriptable stripping: 1
    Processed in 0.00 seconds
  Pass  (vp, metal) finished in 0.02 seconds. Local cache hits 0 (0.00s CPU time), remote cache hits 0 (0.00s CPU time), compiled 1 variants (0.02s CPU time), skipped 0 variants.
    Prepared data for serialisation in 0.00s
  Pass  (fp, metal) finished in 0.02 seconds. Local cache hits 0 (0.00s CPU time), remote cache hits 0 (0.00s CPU time), compiled 1 variants (0.02s CPU time), skipped 0 variants.
    Prepared data for serialisation in 0.00s
  Pass  (vp, metal) finished in 0.02 seconds. Local cache hits 0 (0.00s CPU time), remote cache hits 0 (0.00s CPU time), compiled 1 variants (0.02s CPU time), skipped 0 variants.
    Prepared data for serialisation in 0.00s
  Pass  (fp, metal) finished in 0.02 seconds. Local cache hits 0 (0.00s CPU time), remote cache hits 0 (0.00s CPU time), compiled 1 variants (0.02s CPU time), skipped 0 variants.
    Prepared data for serialisation in 0.00s
Serialized binary data for shader Hidden/CubeBlend in 0.00s
    metal (total internal programs: 4, unique: 2)
Compiling shader "Hidden/VR/BlitTexArraySlice"
  Pass "" (vp)
    Target graphics API: metal
    Full variant space:         1
    After settings filtering:   1
    After built-in stripping:   1
    After scriptable stripping: 1
    Processed in 0.00 seconds
  Pass "" (fp)
    Target graphics API: metal
    Full variant space:         1
    After settings filtering:   1
    After built-in stripping:   1
    After scriptable stripping: 1
    Processed in 0.00 seconds
  Pass  (vp, metal) finished in 0.02 seconds. Local cache hits 0 (0.00s CPU time), remote cache hits 0 (0.00s CPU time), compiled 1 variants (0.02s CPU time), skipped 0 variants.
    Prepared data for serialisation in 0.00s
  Pass  (fp, metal) finished in 0.02 seconds. Local cache hits 0 (0.00s CPU time), remote cache hits 0 (0.00s CPU time), compiled 1 variants (0.01s CPU time), skipped 0 variants.
    Prepared data for serialisation in 0.00s
Serialized binary data for shader Hidden/VR/BlitTexArraySlice in 0.00s
    metal (total internal programs: 2, unique: 2)
Compiling shader "Hidden/Internal-ODSWorldTexture"
  Pass "" (vp)
    Target graphics API: metal
    Full variant space:         1
    After settings filtering:   1
    After built-in stripping:   1
    After scriptable stripping: 1
    Processed in 0.00 seconds
  Pass "" (fp)
    Target graphics API: metal
    Full variant space:         1
    After settings filtering:   1
    After built-in stripping:   1
    After scriptable stripping: 1
    Processed in 0.00 seconds
  Pass "" (vp)
    Target graphics API: metal
    Full variant space:         1
    After settings filtering:   1
    After built-in stripping:   1
    After scriptable stripping: 1
    Processed in 0.00 seconds
  Pass "" (fp)
    Target graphics API: metal
    Full variant space:         1
    After settings filtering:   1
    After built-in stripping:   1
    After scriptable stripping: 1
    Processed in 0.00 seconds
  Pass "" (vp)
    Target graphics API: metal
    Full variant space:         1
    After settings filtering:   1
    After built-in stripping:   1
    After scriptable stripping: 1
    Processed in 0.00 seconds
  Pass "" (fp)
    Target graphics API: metal
    Full variant space:         1
    After settings filtering:   1
    After built-in stripping:   1
    After scriptable stripping: 1
    Processed in 0.00 seconds
  Pass "" (vp)
    Target graphics API: metal
    Full variant space:         1
    After settings filtering:   1
    After built-in stripping:   1
    After scriptable stripping: 1
    Processed in 0.00 seconds
  Pass "" (fp)
    Target graphics API: metal
    Full variant space:         1
    After settings filtering:   1
    After built-in stripping:   1
    After scriptable stripping: 1
    Processed in 0.00 seconds
  Pass "" (vp)
    Target graphics API: metal
    Full variant space:         1
    After settings filtering:   1
    After built-in stripping:   1
    After scriptable stripping: 1
    Processed in 0.00 seconds
  Pass "" (fp)
    Target graphics API: metal
    Full variant space:         1
    After settings filtering:   1
    After built-in stripping:   1
    After scriptable stripping: 1
    Processed in 0.00 seconds
  Pass "" (vp)
    Target graphics API: metal
    Full variant space:         1
    After settings filtering:   1
    After built-in stripping:   1
    After scriptable stripping: 1
    Processed in 0.00 seconds
  Pass "" (fp)
    Target graphics API: metal
    Full variant space:         1
    After settings filtering:   1
    After built-in stripping:   1
    After scriptable stripping: 1
    Processed in 0.00 seconds
  Pass "" (vp)
    Target graphics API: metal
    Full variant space:         1
    After settings filtering:   1
    After built-in stripping:   1
    After scriptable stripping: 1
    Processed in 0.00 seconds
  Pass "" (fp)
    Target graphics API: metal
    Full variant space:         1
    After settings filtering:   1
    After built-in stripping:   1
    After scriptable stripping: 1
    Processed in 0.00 seconds
  Pass "" (vp)
    Target graphics API: metal
    Full variant space:         1
    After settings filtering:   1
    After built-in stripping:   1
    After scriptable stripping: 1
    Processed in 0.00 seconds
  Pass "" (fp)
    Target graphics API: metal
    Full variant space:         1
    After settings filtering:   1
    After built-in stripping:   1
    After scriptable stripping: 1
    Processed in 0.00 seconds
  Pass "" (vp)
    Target graphics API: metal
    Full variant space:         1
    After settings filtering:   1
    After built-in stripping:   1
    After scriptable stripping: 1
    Processed in 0.00 seconds
  Pass "" (fp)
    Target graphics API: metal
    Full variant space:         1
    After settings filtering:   1
    After built-in stripping:   1
    After scriptable stripping: 1
    Processed in 0.00 seconds
  Pass "" (vp)
    Target graphics API: metal
    Full variant space:         1
    After settings filtering:   1
    After built-in stripping:   1
    After scriptable stripping: 1
    Processed in 0.00 seconds
  Pass "" (fp)
    Target graphics API: metal
    Full variant space:         1
    After settings filtering:   1
    After built-in stripping:   1
    After scriptable stripping: 1
    Processed in 0.00 seconds
  Pass  (vp, metal) finished in 0.02 seconds. Local cache hits 0 (0.00s CPU time), remote cache hits 0 (0.00s CPU time), compiled 1 variants (0.02s CPU time), skipped 0 variants.
    Prepared data for serialisation in 0.00s
  Pass  (fp, metal) finished in 0.02 seconds. Local cache hits 0 (0.00s CPU time), remote cache hits 0 (0.00s CPU time), compiled 1 variants (0.01s CPU time), skipped 0 variants.
    Prepared data for serialisation in 0.00s
  Pass  (vp, metal) finished in 0.04 seconds. Local cache hits 0 (0.00s CPU time), remote cache hits 0 (0.00s CPU time), compiled 1 variants (0.03s CPU time), skipped 0 variants.
    Prepared data for serialisation in 0.00s
  Pass  (fp, metal) finished in 0.04 seconds. Local cache hits 0 (0.00s CPU time), remote cache hits 0 (0.00s CPU time), compiled 1 variants (0.02s CPU time), skipped 0 variants.
    Prepared data for serialisation in 0.00s
  Pass  (vp, metal) finished in 0.07 seconds. Local cache hits 0 (0.00s CPU time), remote cache hits 0 (0.00s CPU time), compiled 1 variants (0.07s CPU time), skipped 0 variants.
    Prepared data for serialisation in 0.00s
  Pass  (fp, metal) finished in 0.07 seconds. Local cache hits 0 (0.00s CPU time), remote cache hits 0 (0.00s CPU time), compiled 1 variants (0.03s CPU time), skipped 0 variants.
    Prepared data for serialisation in 0.00s
  Pass  (vp, metal) finished in 0.09 seconds. Local cache hits 0 (0.00s CPU time), remote cache hits 0 (0.00s CPU time), compiled 1 variants (0.09s CPU time), skipped 0 variants.
    Prepared data for serialisation in 0.00s
  Pass  (fp, metal) finished in 0.09 seconds. Local cache hits 0 (0.00s CPU time), remote cache hits 0 (0.00s CPU time), compiled 1 variants (0.03s CPU time), skipped 0 variants.
    Prepared data for serialisation in 0.00s
  Pass  (vp, metal) finished in 0.08 seconds. Local cache hits 0 (0.00s CPU time), remote cache hits 0 (0.00s CPU time), compiled 1 variants (0.04s CPU time), skipped 0 variants.
    Prepared data for serialisation in 0.00s
  Pass  (fp, metal) finished in 0.09 seconds. Local cache hits 0 (0.00s CPU time), remote cache hits 0 (0.00s CPU time), compiled 1 variants (0.03s CPU time), skipped 0 variants.
    Prepared data for serialisation in 0.00s
  Pass  (vp, metal) finished in 0.07 seconds. Local cache hits 0 (0.00s CPU time), remote cache hits 0 (0.00s CPU time), compiled 1 variants (0.06s CPU time), skipped 0 variants.
    Prepared data for serialisation in 0.00s
  Pass  (fp, metal) finished in 0.08 seconds. Local cache hits 0 (0.00s CPU time), remote cache hits 0 (0.00s CPU time), compiled 1 variants (0.04s CPU time), skipped 0 variants.
    Prepared data for serialisation in 0.00s
  Pass  (vp, metal) finished in 0.07 seconds. Local cache hits 0 (0.00s CPU time), remote cache hits 0 (0.00s CPU time), compiled 1 variants (0.05s CPU time), skipped 0 variants.
    Prepared data for serialisation in 0.00s
  Pass  (fp, metal) finished in 0.08 seconds. Local cache hits 0 (0.00s CPU time), remote cache hits 0 (0.00s CPU time), compiled 1 variants (0.04s CPU time), skipped 0 variants.
    Prepared data for serialisation in 0.00s
  Pass  (vp, metal) finished in 0.06 seconds. Local cache hits 0 (0.00s CPU time), remote cache hits 0 (0.00s CPU time), compiled 1 variants (0.06s CPU time), skipped 0 variants.
    Prepared data for serialisation in 0.00s
  Pass  (fp, metal) finished in 0.08 seconds. Local cache hits 0 (0.00s CPU time), remote cache hits 0 (0.00s CPU time), compiled 1 variants (0.04s CPU time), skipped 0 variants.
    Prepared data for serialisation in 0.00s
  Pass  (vp, metal) finished in 0.06 seconds. Local cache hits 0 (0.00s CPU time), remote cache hits 0 (0.00s CPU time), compiled 1 variants (0.06s CPU time), skipped 0 variants.
    Prepared data for serialisation in 0.00s
  Pass  (fp, metal) finished in 0.08 seconds. Local cache hits 0 (0.00s CPU time), remote cache hits 0 (0.00s CPU time), compiled 1 variants (0.03s CPU time), skipped 0 variants.
    Prepared data for serialisation in 0.00s
  Pass  (vp, metal) finished in 0.06 seconds. Local cache hits 0 (0.00s CPU time), remote cache hits 0 (0.00s CPU time), compiled 1 variants (0.06s CPU time), skipped 0 variants.
    Prepared data for serialisation in 0.00s
  Pass  (fp, metal) finished in 0.08 seconds. Local cache hits 0 (0.00s CPU time), remote cache hits 0 (0.00s CPU time), compiled 1 variants (0.03s CPU time), skipped 0 variants.
    Prepared data for serialisation in 0.00s
Serialized binary data for shader Hidden/Internal-ODSWorldTexture in 0.00s
    metal (total internal programs: 20, unique: 14)
Compiling shader "Hidden/Internal-CubemapToEquirect"
  Pass "" (vp)
    Target graphics API: metal
    Full variant space:         1
    After settings filtering:   1
    After built-in stripping:   1
    After scriptable stripping: 1
    Processed in 0.00 seconds
  Pass "" (fp)
    Target graphics API: metal
    Full variant space:         1
    After settings filtering:   1
    After built-in stripping:   1
    After scriptable stripping: 1
    Processed in 0.00 seconds
  Pass  (vp, metal) finished in 0.01 seconds. Local cache hits 0 (0.00s CPU time), remote cache hits 0 (0.00s CPU time), compiled 1 variants (0.01s CPU time), skipped 0 variants.
    Prepared data for serialisation in 0.00s
  Pass  (fp, metal) finished in 0.01 seconds. Local cache hits 0 (0.00s CPU time), remote cache hits 0 (0.00s CPU time), compiled 1 variants (0.01s CPU time), skipped 0 variants.
    Prepared data for serialisation in 0.00s
Serialized binary data for shader Hidden/Internal-CubemapToEquirect in 0.00s
    metal (total internal programs: 2, unique: 2)
Compiling shader "Hidden/VR/BlitFromTex2DToTexArraySlice"
  Pass "" (vp)
    Target graphics API: metal
    Full variant space:         1
    After settings filtering:   1
    After built-in stripping:   1
    After scriptable stripping: 1
    Processed in 0.00 seconds
  Pass "" (fp)
    Target graphics API: metal
    Full variant space:         1
    After settings filtering:   1
    After built-in stripping:   1
    After scriptable stripping: 1
    Processed in 0.00 seconds
  Pass "" (vp)
    Target graphics API: metal
    Full variant space:         1
    After settings filtering:   1
    After built-in stripping:   1
    After scriptable stripping: 1
    Processed in 0.00 seconds
  Pass "" (fp)
    Target graphics API: metal
    Full variant space:         1
    After settings filtering:   1
    After built-in stripping:   1
    After scriptable stripping: 1
    Processed in 0.00 seconds
  Pass "" (gp)
    Target graphics API: metal
    Full variant space:         1
    After settings filtering:   1
    After built-in stripping:   1
    After scriptable stripping: 1
    Processed in 0.00 seconds
  Pass  (vp, metal) finished in 0.02 seconds. Local cache hits 0 (0.00s CPU time), remote cache hits 0 (0.00s CPU time), compiled 1 variants (0.02s CPU time), skipped 0 variants.
    Prepared data for serialisation in 0.00s
  Pass  (fp, metal) finished in 0.02 seconds. Local cache hits 0 (0.00s CPU time), remote cache hits 0 (0.00s CPU time), compiled 1 variants (0.01s CPU time), skipped 0 variants.
    Prepared data for serialisation in 0.00s
  Pass  (vp, metal) finished in -0.00 seconds. Local cache hits 0 (0.00s CPU time), remote cache hits 0 (0.00s CPU time), compiled 0 variants (0.00s CPU time), skipped 1 variants.
    Prepared data for serialisation in 0.00s
  Pass  (fp, metal) finished in -0.00 seconds. Local cache hits 0 (0.00s CPU time), remote cache hits 0 (0.00s CPU time), compiled 0 variants (0.00s CPU time), skipped 1 variants.
    Prepared data for serialisation in 0.00s
  Pass  (gp, metal) finished in -0.00 seconds. Local cache hits 0 (0.00s CPU time), remote cache hits 0 (0.00s CPU time), compiled 0 variants (0.00s CPU time), skipped 1 variants.
    Prepared data for serialisation in 0.00s
Serialized binary data for shader Hidden/VR/BlitFromTex2DToTexArraySlice in 0.00s
    metal (total internal programs: 2, unique: 2)
Compiling shader "Hidden/VideoComposite"
  Pass "Default" (vp)
    Target graphics API: metal
    Full variant space:         1
    After settings filtering:   1
    After built-in stripping:   1
    After scriptable stripping: 1
    Processed in 0.00 seconds
  Pass "Default" (fp)
    Target graphics API: metal
    Full variant space:         1
    After settings filtering:   1
    After built-in stripping:   1
    After scriptable stripping: 1
    Processed in 0.00 seconds
  Pass Default (vp, metal) finished in 0.01 seconds. Local cache hits 0 (0.00s CPU time), remote cache hits 0 (0.00s CPU time), compiled 1 variants (0.01s CPU time), skipped 0 variants.
    Prepared data for serialisation in 0.00s
  Pass Default (fp, metal) finished in 0.01 seconds. Local cache hits 0 (0.00s CPU time), remote cache hits 0 (0.00s CPU time), compiled 1 variants (0.01s CPU time), skipped 0 variants.
    Prepared data for serialisation in 0.00s
Serialized binary data for shader Hidden/VideoComposite in 0.00s
    metal (total internal programs: 2, unique: 2)
Compiling shader "Hidden/VideoDecode"
  Pass "YCbCr_To_RGB1" (vp)
    Target graphics API: metal
    Full variant space:         2
    After settings filtering:   2
    After built-in stripping:   2
    After scriptable stripping: 2
    Processed in 0.00 seconds
  Pass "YCbCr_To_RGB1" (fp)
    Target graphics API: metal
    Full variant space:         2
    After settings filtering:   2
    After built-in stripping:   2
    After scriptable stripping: 2
    Processed in 0.00 seconds
  Pass "YCbCrA_To_RGBAFull" (vp)
    Target graphics API: metal
    Full variant space:         2
    After settings filtering:   2
    After built-in stripping:   2
    After scriptable stripping: 2
    Processed in 0.00 seconds
  Pass "YCbCrA_To_RGBAFull" (fp)
    Target graphics API: metal
    Full variant space:         2
    After settings filtering:   2
    After built-in stripping:   2
    After scriptable stripping: 2
    Processed in 0.00 seconds
  Pass "YCbCrA_To_RGBA" (vp)
    Target graphics API: metal
    Full variant space:         2
    After settings filtering:   2
    After built-in stripping:   2
    After scriptable stripping: 2
    Processed in 0.00 seconds
  Pass "YCbCrA_To_RGBA" (fp)
    Target graphics API: metal
    Full variant space:         2
    After settings filtering:   2
    After built-in stripping:   2
    After scriptable stripping: 2
    Processed in 0.00 seconds
  Pass "Flip_RGBA_To_RGBA" (vp)
    Target graphics API: metal
    Full variant space:         2
    After settings filtering:   2
    After built-in stripping:   2
    After scriptable stripping: 2
    Processed in 0.00 seconds
  Pass "Flip_RGBA_To_RGBA" (fp)
    Target graphics API: metal
    Full variant space:         2
    After settings filtering:   2
    After built-in stripping:   2
    After scriptable stripping: 2
    Processed in 0.00 seconds
  Pass "Flip_RGBASplit_To_RGBA" (vp)
    Target graphics API: metal
    Full variant space:         2
    After settings filtering:   2
    After built-in stripping:   2
    After scriptable stripping: 2
    Processed in 0.00 seconds
  Pass "Flip_RGBASplit_To_RGBA" (fp)
    Target graphics API: metal
    Full variant space:         2
    After settings filtering:   2
    After built-in stripping:   2
    After scriptable stripping: 2
    Processed in 0.00 seconds
  Pass "Flip_NV12_To_RGB1" (vp)
    Target graphics API: metal
    Full variant space:         2
    After settings filtering:   2
    After built-in stripping:   2
    After scriptable stripping: 2
    Processed in 0.00 seconds
  Pass "Flip_NV12_To_RGB1" (fp)
    Target graphics API: metal
    Full variant space:         2
    After settings filtering:   2
    After built-in stripping:   2
    After scriptable stripping: 2
    Processed in 0.00 seconds
  Pass "Flip_NV12_To_RGBA" (vp)
    Target graphics API: metal
    Full variant space:         2
    After settings filtering:   2
    After built-in stripping:   2
    After scriptable stripping: 2
    Processed in 0.00 seconds
  Pass "Flip_NV12_To_RGBA" (fp)
    Target graphics API: metal
    Full variant space:         2
    After settings filtering:   2
    After built-in stripping:   2
    After scriptable stripping: 2
    Processed in 0.00 seconds
  Pass "Flip_P010_To_RGB1" (vp)
    Target graphics API: metal
    Full variant space:         1
    After settings filtering:   1
    After built-in stripping:   1
    After scriptable stripping: 1
    Processed in 0.00 seconds
  Pass "Flip_P010_To_RGB1" (fp)
    Target graphics API: metal
    Full variant space:         1
    After settings filtering:   1
    After built-in stripping:   1
    After scriptable stripping: 1
    Processed in 0.00 seconds
  Pass YCbCr_To_RGB1 (vp, metal) finished in 0.04 seconds. Local cache hits 0 (0.00s CPU time), remote cache hits 0 (0.00s CPU time), compiled 2 variants (0.07s CPU time), skipped 0 variants.
    Prepared data for serialisation in 0.00s
  Pass YCbCr_To_RGB1 (fp, metal) finished in 0.04 seconds. Local cache hits 0 (0.00s CPU time), remote cache hits 0 (0.00s CPU time), compiled 2 variants (0.05s CPU time), skipped 0 variants.
    Prepared data for serialisation in 0.00s
  Pass YCbCrA_To_RGBAFull (vp, metal) finished in 0.04 seconds. Local cache hits 0 (0.00s CPU time), remote cache hits 0 (0.00s CPU time), compiled 2 variants (0.07s CPU time), skipped 0 variants.
    Prepared data for serialisation in 0.00s
  Pass YCbCrA_To_RGBAFull (fp, metal) finished in 0.05 seconds. Local cache hits 0 (0.00s CPU time), remote cache hits 0 (0.00s CPU time), compiled 2 variants (0.07s CPU time), skipped 0 variants.
    Prepared data for serialisation in 0.00s
  Pass YCbCrA_To_RGBA (vp, metal) finished in 0.05 seconds. Local cache hits 0 (0.00s CPU time), remote cache hits 0 (0.00s CPU time), compiled 2 variants (0.07s CPU time), skipped 0 variants.
    Prepared data for serialisation in 0.00s
  Pass YCbCrA_To_RGBA (fp, metal) finished in 0.05 seconds. Local cache hits 0 (0.00s CPU time), remote cache hits 0 (0.00s CPU time), compiled 2 variants (0.08s CPU time), skipped 0 variants.
    Prepared data for serialisation in 0.00s
  Pass Flip_RGBA_To_RGBA (vp, metal) finished in 0.04 seconds. Local cache hits 0 (0.00s CPU time), remote cache hits 0 (0.00s CPU time), compiled 2 variants (0.07s CPU time), skipped 0 variants.
    Prepared data for serialisation in 0.00s
  Pass Flip_RGBA_To_RGBA (fp, metal) finished in 0.06 seconds. Local cache hits 0 (0.00s CPU time), remote cache hits 0 (0.00s CPU time), compiled 2 variants (0.06s CPU time), skipped 0 variants.
    Prepared data for serialisation in 0.00s
  Pass Flip_RGBASplit_To_RGBA (vp, metal) finished in 0.05 seconds. Local cache hits 0 (0.00s CPU time), remote cache hits 0 (0.00s CPU time), compiled 2 variants (0.08s CPU time), skipped 0 variants.
    Prepared data for serialisation in 0.00s
  Pass Flip_RGBASplit_To_RGBA (fp, metal) finished in 0.04 seconds. Local cache hits 0 (0.00s CPU time), remote cache hits 0 (0.00s CPU time), compiled 2 variants (0.06s CPU time), skipped 0 variants.
    Prepared data for serialisation in 0.00s
  Pass Flip_NV12_To_RGB1 (vp, metal) finished in 0.05 seconds. Local cache hits 0 (0.00s CPU time), remote cache hits 0 (0.00s CPU time), compiled 2 variants (0.07s CPU time), skipped 0 variants.
    Prepared data for serialisation in 0.00s
  Pass Flip_NV12_To_RGB1 (fp, metal) finished in 0.03 seconds. Local cache hits 0 (0.00s CPU time), remote cache hits 0 (0.00s CPU time), compiled 2 variants (0.05s CPU time), skipped 0 variants.
    Prepared data for serialisation in 0.00s
  Pass Flip_NV12_To_RGBA (vp, metal) finished in 0.03 seconds. Local cache hits 0 (0.00s CPU time), remote cache hits 0 (0.00s CPU time), compiled 2 variants (0.06s CPU time), skipped 0 variants.
    Prepared data for serialisation in 0.00s
  Pass Flip_NV12_To_RGBA (fp, metal) finished in 0.03 seconds. Local cache hits 0 (0.00s CPU time), remote cache hits 0 (0.00s CPU time), compiled 2 variants (0.06s CPU time), skipped 0 variants.
    Prepared data for serialisation in 0.00s
  Pass Flip_P010_To_RGB1 (vp, metal) finished in 0.03 seconds. Local cache hits 0 (0.00s CPU time), remote cache hits 0 (0.00s CPU time), compiled 1 variants (0.03s CPU time), skipped 0 variants.
    Prepared data for serialisation in 0.00s
  Pass Flip_P010_To_RGB1 (fp, metal) finished in 0.03 seconds. Local cache hits 0 (0.00s CPU time), remote cache hits 0 (0.00s CPU time), compiled 1 variants (0.03s CPU time), skipped 0 variants.
    Prepared data for serialisation in 0.00s
Serialized binary data for shader Hidden/VideoDecode in 0.00s
    metal (total internal programs: 30, unique: 19)
Compiling shader "Hidden/VideoDecodeOSX"
  Pass "Flip_RGBARect_To_RGBA" (vp)
  Pass "Flip_RGBARect_To_RGBA" (fp)
  Pass "Flip_RGBASplitRect_To_RGBA" (vp)
  Pass "Flip_RGBASplitRect_To_RGBA" (fp)
    Prepared data for serialisation in 0.00s
    Prepared data for serialisation in 0.00s
    Prepared data for serialisation in 0.00s
    Prepared data for serialisation in 0.00s
Serialized binary data for shader Hidden/VideoDecodeOSX in 0.00s
    metal (total internal programs: 0, unique: 0)
Compiling shader "Hidden/TextCore/Distance Field SSD"
  Pass "" (vp)
    Target graphics API: metal
    Full variant space:         1
    After settings filtering:   1
    After built-in stripping:   1
    After scriptable stripping: 1
    Processed in 0.00 seconds
  Pass "" (fp)
    Target graphics API: metal
    Full variant space:         1
    After settings filtering:   1
    After built-in stripping:   1
    After scriptable stripping: 1
    Processed in 0.00 seconds
  Pass  (vp, metal) finished in 0.04 seconds. Local cache hits 0 (0.00s CPU time), remote cache hits 0 (0.00s CPU time), compiled 1 variants (0.04s CPU time), skipped 0 variants.
    Prepared data for serialisation in 0.00s
  Pass  (fp, metal) finished in 0.04 seconds. Local cache hits 0 (0.00s CPU time), remote cache hits 0 (0.00s CPU time), compiled 1 variants (0.02s CPU time), skipped 0 variants.
    Prepared data for serialisation in 0.00s
Serialized binary data for shader Hidden/TextCore/Distance Field SSD in 0.00s
    metal (total internal programs: 2, unique: 2)
Compiling shader "Hidden/Physics2D/SDF_CircleGeometry"
  Pass "" (vp)
    Target graphics API: metal
    Full variant space:         2
    After settings filtering:   2
    After built-in stripping:   1
    After scriptable stripping: 1
    Processed in 0.00 seconds
  Pass "" (fp)
    Target graphics API: metal
    Full variant space:         2
    After settings filtering:   2
    After built-in stripping:   1
    After scriptable stripping: 1
    Processed in 0.00 seconds
  Pass  (vp, metal) finished in 0.03 seconds. Local cache hits 0 (0.00s CPU time), remote cache hits 0 (0.00s CPU time), compiled 1 variants (0.03s CPU time), skipped 0 variants.
    Prepared data for serialisation in 0.00s
  Pass  (fp, metal) finished in 0.03 seconds. Local cache hits 0 (0.00s CPU time), remote cache hits 0 (0.00s CPU time), compiled 1 variants (0.02s CPU time), skipped 0 variants.
    Prepared data for serialisation in 0.00s
Serialized binary data for shader Hidden/Physics2D/SDF_CircleGeometry in 0.00s
    metal (total internal programs: 2, unique: 2)
Compiling shader "Hidden/Physics2D/SDF_CapsuleGeometry"
  Pass "" (vp)
    Target graphics API: metal
    Full variant space:         2
    After settings filtering:   2
    After built-in stripping:   1
    After scriptable stripping: 1
    Processed in 0.00 seconds
  Pass "" (fp)
    Target graphics API: metal
    Full variant space:         2
    After settings filtering:   2
    After built-in stripping:   1
    After scriptable stripping: 1
    Processed in 0.00 seconds
  Pass  (vp, metal) finished in 0.02 seconds. Local cache hits 0 (0.00s CPU time), remote cache hits 0 (0.00s CPU time), compiled 1 variants (0.02s CPU time), skipped 0 variants.
    Prepared data for serialisation in 0.00s
  Pass  (fp, metal) finished in 0.02 seconds. Local cache hits 0 (0.00s CPU time), remote cache hits 0 (0.00s CPU time), compiled 1 variants (0.02s CPU time), skipped 0 variants.
    Prepared data for serialisation in 0.00s
Serialized binary data for shader Hidden/Physics2D/SDF_CapsuleGeometry in 0.00s
    metal (total internal programs: 2, unique: 2)
Compiling shader "Hidden/Physics2D/SDF_PolygonGeometry"
  Pass "" (vp)
    Target graphics API: metal
    Full variant space:         2
    After settings filtering:   2
    After built-in stripping:   1
    After scriptable stripping: 1
    Processed in 0.00 seconds
  Pass "" (fp)
    Target graphics API: metal
    Full variant space:         2
    After settings filtering:   2
    After built-in stripping:   1
    After scriptable stripping: 1
    Processed in 0.00 seconds
  Pass  (vp, metal) finished in 0.05 seconds. Local cache hits 0 (0.00s CPU time), remote cache hits 0 (0.00s CPU time), compiled 1 variants (0.05s CPU time), skipped 0 variants.
    Prepared data for serialisation in 0.00s
  Pass  (fp, metal) finished in 0.06 seconds. Local cache hits 0 (0.00s CPU time), remote cache hits 0 (0.00s CPU time), compiled 1 variants (0.06s CPU time), skipped 0 variants.
    Prepared data for serialisation in 0.00s
Serialized binary data for shader Hidden/Physics2D/SDF_PolygonGeometry in 0.00s
    metal (total internal programs: 2, unique: 2)
Compiling shader "Hidden/Physics2D/SDF_Line"
  Pass "" (vp)
    Target graphics API: metal
    Full variant space:         2
    After settings filtering:   2
    After built-in stripping:   1
    After scriptable stripping: 1
    Processed in 0.00 seconds
  Pass "" (fp)
    Target graphics API: metal
    Full variant space:         2
    After settings filtering:   2
    After built-in stripping:   1
    After scriptable stripping: 1
    Processed in 0.00 seconds
  Pass  (vp, metal) finished in 0.02 seconds. Local cache hits 0 (0.00s CPU time), remote cache hits 0 (0.00s CPU time), compiled 1 variants (0.02s CPU time), skipped 0 variants.
    Prepared data for serialisation in 0.00s
  Pass  (fp, metal) finished in 0.02 seconds. Local cache hits 0 (0.00s CPU time), remote cache hits 0 (0.00s CPU time), compiled 1 variants (0.01s CPU time), skipped 0 variants.
    Prepared data for serialisation in 0.00s
Serialized binary data for shader Hidden/Physics2D/SDF_Line in 0.00s
    metal (total internal programs: 2, unique: 2)
Compiling shader "Hidden/Physics2D/SDF_Point"
  Pass "" (vp)
    Target graphics API: metal
    Full variant space:         2
    After settings filtering:   2
    After built-in stripping:   1
    After scriptable stripping: 1
    Processed in 0.00 seconds
  Pass "" (fp)
    Target graphics API: metal
    Full variant space:         2
    After settings filtering:   2
    After built-in stripping:   1
    After scriptable stripping: 1
    Processed in 0.00 seconds
  Pass  (vp, metal) finished in 0.03 seconds. Local cache hits 0 (0.00s CPU time), remote cache hits 0 (0.00s CPU time), compiled 1 variants (0.03s CPU time), skipped 0 variants.
    Prepared data for serialisation in 0.00s
  Pass  (fp, metal) finished in 0.03 seconds. Local cache hits 0 (0.00s CPU time), remote cache hits 0 (0.00s CPU time), compiled 1 variants (0.01s CPU time), skipped 0 variants.
    Prepared data for serialisation in 0.00s
Serialized binary data for shader Hidden/Physics2D/SDF_Point in 0.00s
    metal (total internal programs: 2, unique: 2)
SpriteAtlasDatabase::Cleanup
Starting: C:\Users\dlgkr\UnityLocal\6000.6.3f1\Editor\Data\Tools\BuildPipeline\bee_backend.exe --ipc --dagfile="Library/Bee/Playerc08f859c.dag" --profile="Library/Bee/backend1.traceevents" Player
WorkingDir: C:/Users/dlgkr/msys64/tmp/gauntlet-unity-proj-l3b_4qrn/game
[             ] Require frontend run.  Library/Bee/Playerc08f859c.dag couldn't be loaded
Starting: C:\Users\dlgkr\UnityLocal\6000.6.3f1\Editor\Data\DotNetSdk\dotnet.exe "C:\Users\dlgkr\UnityLocal\6000.6.3f1\Editor\Data\PlaybackEngines\MacStandaloneSupport\MacStandalonePlayerBuildProgram.exe" "C:/Users/dlgkr/UnityLocal/6000.6.3f1/Editor/Data/PlaybackEngines/MacStandaloneSupport/Bee;C:/Users/dlgkr/UnityLocal/6000.6.3f1/Editor/Data/Tools/BuildPipeline" "Library/Bee/Playerc08f859c.dag.json" "Library/Bee/Playerc08f859c-inputdata.json" "Library\Bee\buildprogram0.traceevents"
WorkingDir: C:/Users/dlgkr/msys64/tmp/gauntlet-unity-proj-l3b_4qrn/game
ExitCode: 4 Duration: 0s31ms
DisplayProgressbar: Incremental Player Build
ExitCode: 0 Duration: 1s614ms
Starting: C:\Users\dlgkr\UnityLocal\6000.6.3f1\Editor\Data\Tools\BuildPipeline\bee_backend.exe --ipc --dagfile="Library/Bee/Playerc08f859c.dag" --dagfilejson="Library\Bee\Playerc08f859c.dag.json" --profile="Library/Bee/backend2.traceevents" Player
WorkingDir: C:/Users/dlgkr/msys64/tmp/gauntlet-unity-proj-l3b_4qrn/game
Finished compiling graph: 57 nodes, 155 flattened edges (155 ToBuild, 0 ToUse), maximum node priority 14
[ 1/56      0s] WriteResponseFile Library/Bee/artifacts/rsp/1203637385579817207.rsp
[ 2/56      0s] WriteFile Library/Bee/artifacts/csharpactions/PrivacyInfo.xcprivacy_kghi.info
[ 3/56      0s] WriteFile Library/Bee/artifacts/MacStandalonePlayerBuildProgram/Data/app.info
[ 4/56      0s] WriteFile Library/Bee/artifacts/csharpactions/lib_burst_generated.dylib_v57m.info
[ 5/56      0s] WriteFile Library/Bee/artifacts/csharpactions/boot.config_l6pt.info
[ 6/56      0s] WriteFile Library/Bee/artifacts/csharpactions/UnityPlayer.dylib_w26m.info
[ 7/56      0s] CopyFiles C:/Users/dlgkr/cozy_cafe/run_devin_v2/work/integration/out/playable/macos/CozyCafe.app/Contents/Resources/Data/app.info
[ 8/56      0s] CopyFiles C:/Users/dlgkr/cozy_cafe/run_devin_v2/work/integration/out/playable/macos/CozyCafe.app/Contents/Resources/MainMenu.nib/designable.nib
[ 9/56      0s] CopyFiles C:/Users/dlgkr/cozy_cafe/run_devin_v2/work/integration/out/playable/macos/CozyCafe.app/Contents/MonoBleedingEdge/etc/mono/config
[10/56      0s] CopyFiles C:/Users/dlgkr/cozy_cafe/run_devin_v2/work/integration/out/playable/macos/CozyCafe.app/Contents/MonoBleedingEdge/etc/mono/browscap.ini
[11/56      0s] CopyFiles C:/Users/dlgkr/cozy_cafe/run_devin_v2/work/integration/out/playable/macos/CozyCafe.app/Contents/MonoBleedingEdge/etc/mono/4.5/settings.map
[12/56      0s] CopyFiles C:/Users/dlgkr/cozy_cafe/run_devin_v2/work/integration/out/playable/macos/CozyCafe.app/Contents/MonoBleedingEdge/etc/mono/4.5/DefaultWsdlHelpGenerator.aspx
[13/56      0s] CopyFiles C:/Users/dlgkr/cozy_cafe/run_devin_v2/work/integration/out/playable/macos/CozyCafe.app/Contents/MonoBleedingEdge/etc/mono/4.0/settings.map
[14/56      0s] CopyFiles C:/Users/dlgkr/cozy_cafe/run_devin_v2/work/integration/out/playable/macos/CozyCafe.app/Contents/MonoBleedingEdge/etc/mono/4.5/Browsers/Compat.browser
[15/56      0s] CopyFiles C:/Users/dlgkr/cozy_cafe/run_devin_v2/work/integration/out/playable/macos/CozyCafe.app/Contents/MonoBleedingEdge/etc/mono/4.0/DefaultWsdlHelpGenerator.aspx
[16/56      0s] CopyFiles C:/Users/dlgkr/cozy_cafe/run_devin_v2/work/integration/out/playable/macos/CozyCafe.app/Contents/MonoBleedingEdge/etc/mono/4.0/Browsers/Compat.browser
[17/56      0s] CopyFiles C:/Users/dlgkr/cozy_cafe/run_devin_v2/work/integration/out/playable/macos/CozyCafe.app/Contents/MonoBleedingEdge/etc/mono/2.0/settings.map
[18/56      0s] CopyFiles C:/Users/dlgkr/cozy_cafe/run_devin_v2/work/integration/out/playable/macos/CozyCafe.app/Contents/MonoBleedingEdge/etc/mono/2.0/DefaultWsdlHelpGenerator.aspx
[19/56      0s] CopyFiles C:/Users/dlgkr/cozy_cafe/run_devin_v2/work/integration/out/playable/macos/CozyCafe.app/Contents/MonoBleedingEdge/etc/mono/2.0/Browsers/Compat.browser
[20/56      0s] CopyFiles C:/Users/dlgkr/cozy_cafe/run_devin_v2/work/integration/out/playable/macos/CozyCafe.app/Contents/Frameworks/libmono-native.dylib
[21/56      0s] CopyFiles C:/Users/dlgkr/cozy_cafe/run_devin_v2/work/integration/out/playable/macos/CozyCafe.app/Contents/Frameworks/libmonobdwgc-2.0.dylib
[22/56      0s] CopyFiles C:/Users/dlgkr/cozy_cafe/run_devin_v2/work/integration/out/playable/macos/CozyCafe.app/Contents/Frameworks/libMonoPosixHelper.dylib
[23/56      0s] CopyFiles C:/Users/dlgkr/cozy_cafe/run_devin_v2/work/integration/out/playable/macos/CozyCafe.app/Contents/Resources/Data/Resources/unity default resources
[24/56      0s] CopyFiles C:/Users/dlgkr/cozy_cafe/run_devin_v2/work/integration/out/playable/macos/CozyCafe.app/Contents/Resources/DefaultPreferences.plist
[25/56      0s] CopyFiles C:/Users/dlgkr/cozy_cafe/run_devin_v2/work/integration/out/playable/macos/CozyCafe.app/Contents/MonoBleedingEdge/etc/mono/4.0/machine.config
[26/56      0s] CopyFiles C:/Users/dlgkr/cozy_cafe/run_devin_v2/work/integration/out/playable/macos/CozyCafe.app/Contents/Resources/MainMenu.nib/keyedobjects.nib
[27/56      0s] CopyFiles C:/Users/dlgkr/cozy_cafe/run_devin_v2/work/integration/out/playable/macos/CozyCafe.app/Contents/Resources/Data/sharedassets0.assets.resS
[28/56      0s] CopyFiles C:/Users/dlgkr/cozy_cafe/run_devin_v2/work/integration/out/playable/macos/CozyCafe.app/Contents/MonoBleedingEdge/etc/mono/2.0/web.config
[29/56      0s] CopyFiles C:/Users/dlgkr/cozy_cafe/run_devin_v2/work/integration/out/playable/macos/CozyCafe.app/Contents/Resources/Data/sharedassets0.assets
[30/56      0s] CopyFiles C:/Users/dlgkr/cozy_cafe/run_devin_v2/work/integration/out/playable/macos/CozyCafe.app/Contents/MonoBleedingEdge/etc/mono/mconfig/config.xml
[31/56      0s] CopyFiles C:/Users/dlgkr/cozy_cafe/run_devin_v2/work/integration/out/playable/macos/CozyCafe.app/Contents/MonoBleedingEdge/etc/mono/4.0/web.config
[32/56      0s] CopyFiles C:/Users/dlgkr/cozy_cafe/run_devin_v2/work/integration/out/playable/macos/CozyCafe.app/Contents/Resources/Data/Resources/unity_builtin_extra
[33/56      0s] WriteFile C:/Users/dlgkr/cozy_cafe/run_devin_v2/work/integration/out/playable/macos/CozyCafe.app/Contents/Info.plist
[34/56      0s] CopyFiles C:/Users/dlgkr/cozy_cafe/run_devin_v2/work/integration/out/playable/macos/CozyCafe.app/Contents/Resources/Data/level0
[35/56      0s] CopyFiles C:/Users/dlgkr/cozy_cafe/run_devin_v2/work/integration/out/playable/macos/CozyCafe.app/Contents/Resources/Data/globalgamemanagers.assets
[36/56      0s] CopyFiles C:/Users/dlgkr/cozy_cafe/run_devin_v2/work/integration/out/playable/macos/CozyCafe.app/Contents/Resources/Data/globalgamemanagers.assets.resS
[37/56      0s] CopyFiles C:/Users/dlgkr/cozy_cafe/run_devin_v2/work/integration/out/playable/macos/CozyCafe.app/Contents/Resources/Data/globalgamemanagers
[38/56      0s] WriteFile Library/Bee/artifacts/csharpactions/dummy-FeaturesChecked.txt_29i2.info
[39/56      0s] WriteFile Library/Bee/artifacts/csharpactions/game_gijx.info
[40/56      0s] MergeApplePrivacyManifests Library/Bee/artifacts/MacStandalonePlayerBuildProgram/PrivacyInfo.xcprivacy (+1 other)
[41/56      0s] CopyFiles C:/Users/dlgkr/cozy_cafe/run_devin_v2/work/integration/out/playable/macos/CozyCafe.app/Contents/MonoBleedingEdge/etc/mono/2.0/machine.config
[42/56      0s] CopyFiles C:/Users/dlgkr/cozy_cafe/run_devin_v2/work/integration/out/playable/macos/CozyCafe.app/Contents/Resources/PrivacyInfo.xcprivacy
[43/56      0s] CopyFiles C:/Users/dlgkr/cozy_cafe/run_devin_v2/work/integration/out/playable/macos/CozyCafe.app/Contents/Resources/Data/ScriptingAssemblies.json
[44/56      0s] CopyFiles C:/Users/dlgkr/cozy_cafe/run_devin_v2/work/integration/out/playable/macos/CozyCafe.app/Contents/MonoBleedingEdge/etc/mono/4.5/web.config
[45/56      0s] CopyFiles C:/Users/dlgkr/cozy_cafe/run_devin_v2/work/integration/out/playable/macos/CozyCafe.app/Contents/Resources/Data/RuntimeInitializeOnLoads.json
[46/56      0s] CopyFiles C:/Users/dlgkr/cozy_cafe/run_devin_v2/work/integration/out/playable/macos/CozyCafe.app/Contents/MonoBleedingEdge/etc/mono/4.5/machine.config
[47/56      0s] MacOSCodeSignDylibCopy C:/Users/dlgkr/cozy_cafe/run_devin_v2/work/integration/out/playable/macos/CozyCafe.app/Contents/Frameworks/UnityPlayer.dylib
[48/56      0s] AddBootConfigGUID Library/Bee/artifacts/MacStandalonePlayerBuildProgram/boot.config
[49/56      0s] CopyFiles C:/Users/dlgkr/cozy_cafe/run_devin_v2/work/integration/out/playable/macos/CozyCafe.app/Contents/Resources/Data/boot.config
[50/56      0s] UnityLinker C:/Users/dlgkr/msys64/tmp/gauntlet-unity-proj-l3b_4qrn/game/Library/Bee/artifacts/unitylinker_hph0.traceevents
C:\Users\dlgkr\UnityLocal\6000.6.3f1\Editor\Data\il2cpp\build\deploy\UnityLinker.exe @Library\Bee\artifacts\rsp\1203637385579817207.rsp
*** Tundra requires additional run (39.58 seconds), 50 items updated, 56 evaluated
*** Additional run caused by: contents change of Library/Bee/artifacts/MacStandalonePlayerBuildProgram/ManagedStripped
Starting: C:\Users\dlgkr\UnityLocal\6000.6.3f1\Editor\Data\DotNetSdk\dotnet.exe "C:\Users\dlgkr\UnityLocal\6000.6.3f1\Editor\Data\PlaybackEngines\MacStandaloneSupport\MacStandalonePlayerBuildProgram.exe" "C:/Users/dlgkr/UnityLocal/6000.6.3f1/Editor/Data/PlaybackEngines/MacStandaloneSupport/Bee;C:/Users/dlgkr/UnityLocal/6000.6.3f1/Editor/Data/Tools/BuildPipeline" "Library/Bee/Playerc08f859c.dag.json" "Library/Bee/Playerc08f859c-inputdata.json" "Library\Bee\buildprogram1.traceevents"
WorkingDir: C:/Users/dlgkr/msys64/tmp/gauntlet-unity-proj-l3b_4qrn/game
ExitCode: 4 Duration: 39s
ExitCode: 0 Duration: 0s418ms
Starting: C:\Users\dlgkr\UnityLocal\6000.6.3f1\Editor\Data\Tools\BuildPipeline\bee_backend.exe --ipc --dagfile="Library/Bee/Playerc08f859c.dag" --dagfilejson="Library\Bee\Playerc08f859c.dag.json" --profile="Library/Bee/backend3.traceevents" Player
WorkingDir: C:/Users/dlgkr/msys64/tmp/gauntlet-unity-proj-l3b_4qrn/game
Finished compiling graph: 405 nodes, 1199 flattened edges (1199 ToBuild, 0 ToUse), maximum node priority 246
[           0s] Delete 1 artifact files that are no longer in use. (like Library\Bee\artifacts\csharpactions\dummy-FeaturesChecked.txt_29i2.info)
[ 48/404    0s] WriteFile Library/Bee/artifacts/csharpactions/UnityEngine.UnityWebRequestAudioModule-FeaturesChecked.txt_p8ol.info
[ 49/404    0s] WriteFile Library/Bee/artifacts/csharpactions/UnityEngine.U2DRuntimeModule-FeaturesChecked.txt_o3tl.info
[ 50/404    0s] WriteFile Library/Bee/artifacts/csharpactions/UnityEngine.UnityWebRequestAssetBundleModule-FeaturesChecked.txt_l4dl.info
[ 52/404    0s] WriteFile Library/Bee/artifacts/csharpactions/UnityEngine.TLSModule-FeaturesChecked.txt_2rm9.info
[ 53/404    0s] WriteFile Library/Bee/artifacts/csharpactions/UnityEngine.UnityCurlModule-FeaturesChecked.txt_8vyn.info
[ 54/404    0s] WriteFile Library/Bee/artifacts/csharpactions/UnityEngine.TimelineFoundationModule-FeaturesChecked.txt_7jrc.info
[ 55/404    0s] WriteFile Library/Bee/artifacts/csharpactions/UnityEngine.UnityAnalyticsCommonModule-FeaturesChecked.txt_nin7.info
[ 56/404    0s] WriteFile Library/Bee/artifacts/csharpactions/UnityEngine.UI-FeaturesChecked.txt_fzlo.info
[ 57/404    0s] WriteFile Library/Bee/artifacts/csharpactions/UnityEngine.UIElementsModule-FeaturesChecked.txt_yri2.info
[ 58/404    0s] WriteFile Library/Bee/artifacts/csharpactions/UnityEngine.UnityConnectModule-FeaturesChecked.txt_k9ga.info
[ 59/404    0s] WriteFile Library/Bee/artifacts/csharpactions/UnityEngine.UnityConsentModule-FeaturesChecked.txt_gqwu.info
[ 60/404    0s] WriteFile Library/Bee/artifacts/csharpactions/UnityEngine.UnityAnalyticsModule-FeaturesChecked.txt_cq48.info
[ 61/404    0s] WriteFile Library/Bee/artifacts/csharpactions/UnityEngine.UIModule-FeaturesChecked.txt_7nub.info
[ 62/404    0s] WriteFile Library/Bee/artifacts/csharpactions/UnityEngine.UmbraModule-FeaturesChecked.txt_8xpa.info
[ 63/404    0s] CopyFiles C:/Users/dlgkr/cozy_cafe/run_devin_v2/work/integration/out/playable/macos/CozyCafe.app/Contents/Resources/Data/Managed/CozyCafe.Unity.dll
[ 64/404    0s] CopyFiles C:/Users/dlgkr/cozy_cafe/run_devin_v2/work/integration/out/playable/macos/CozyCafe.app/Contents/Resources/Data/Managed/UnityEngine.ScriptingModule.dll
[ 65/404    0s] CopyFiles C:/Users/dlgkr/cozy_cafe/run_devin_v2/work/integration/out/playable/macos/CozyCafe.app/Contents/Resources/Data/Managed/UnityEngine.SpriteShapeModule.dll
[ 66/404    1s] CopyFiles C:/Users/dlgkr/cozy_cafe/run_devin_v2/work/integration/out/playable/macos/CozyCafe.app/Contents/Resources/Data/Managed/UnityEngine.InsightsModule.dll
[ 67/404    0s] CopyFiles C:/Users/dlgkr/cozy_cafe/run_devin_v2/work/integration/out/playable/macos/CozyCafe.app/Contents/Resources/Data/Managed/UnityEngine.U2DRuntimeModule.dll
[ 68/404    0s] CopyFiles C:/Users/dlgkr/cozy_cafe/run_devin_v2/work/integration/out/playable/macos/CozyCafe.app/Contents/Resources/Data/Managed/UnityEngine.SubstanceModule.dll
[ 69/404    1s] CopyFiles C:/Users/dlgkr/cozy_cafe/run_devin_v2/work/integration/out/playable/macos/CozyCafe.app/Contents/Resources/Data/Managed/System.ServiceModel.Internals.dll
[ 70/404    0s] CopyFiles C:/Users/dlgkr/cozy_cafe/run_devin_v2/work/integration/out/playable/macos/CozyCafe.app/Contents/Resources/Data/Managed/System.IO.Compression.dll
[ 71/404    1s] CopyFiles C:/Users/dlgkr/cozy_cafe/run_devin_v2/work/integration/out/playable/macos/CozyCafe.app/Contents/Resources/Data/Managed/System.EnterpriseServices.dll
[ 72/404    0s] CopyFiles C:/Users/dlgkr/cozy_cafe/run_devin_v2/work/integration/out/playable/macos/CozyCafe.app/Contents/Resources/Data/Managed/System.Transactions.dll
[ 73/404    0s] CopyFiles C:/Users/dlgkr/cozy_cafe/run_devin_v2/work/integration/out/playable/macos/CozyCafe.app/Contents/Resources/Data/Managed/UnityEngine.MarshallingModule.dll
[ 74/404    1s] CopyFiles C:/Users/dlgkr/cozy_cafe/run_devin_v2/work/integration/out/playable/macos/CozyCafe.app/Contents/Resources/Data/Managed/UnityEngine.ContentLoadModule.dll
[ 75/404    0s] CopyFiles C:/Users/dlgkr/cozy_cafe/run_devin_v2/work/integration/out/playable/macos/CozyCafe.app/Contents/Resources/Data/Managed/UnityEngine.TilemapModule.dll
[ 76/404    0s] CopyFiles C:/Users/dlgkr/cozy_cafe/run_devin_v2/work/integration/out/playable/macos/CozyCafe.app/Contents/Resources/Data/Managed/netstandard.dll
[ 77/404    0s] CopyFiles C:/Users/dlgkr/cozy_cafe/run_devin_v2/work/integration/out/playable/macos/CozyCafe.app/Contents/Resources/Data/Managed/UnityEngine.dll
[ 78/404    2s] CopyFiles C:/Users/dlgkr/cozy_cafe/run_devin_v2/work/integration/out/playable/macos/CozyCafe.app/Contents/Resources/Data/Managed/UnityEngine.UnityConnectModule.dll
[ 79/404    0s] CopyFiles C:/Users/dlgkr/cozy_cafe/run_devin_v2/work/integration/out/playable/macos/CozyCafe.app/Contents/Resources/Data/Managed/System.Core.dll
[ 80/404    0s] CopyFiles C:/Users/dlgkr/cozy_cafe/run_devin_v2/work/integration/out/playable/macos/CozyCafe.app/Contents/Resources/Data/Managed/System.Buffers.dll
[ 81/404    0s] CopyFiles C:/Users/dlgkr/cozy_cafe/run_devin_v2/work/integration/out/playable/macos/CozyCafe.app/Contents/Resources/Data/Managed/UnityEngine.UIModule.dll
[ 82/404    0s] CopyFiles C:/Users/dlgkr/cozy_cafe/run_devin_v2/work/integration/out/playable/macos/CozyCafe.app/Contents/Resources/Data/Managed/UnityEngine.GIModule.dll
[ 83/404    0s] CopyFiles C:/Users/dlgkr/cozy_cafe/run_devin_v2/work/integration/out/playable/macos/CozyCafe.app/Contents/Resources/Data/Managed/UnityEngine.ARModule.dll
[ 84/404    1s] CopyFiles C:/Users/dlgkr/cozy_cafe/run_devin_v2/work/integration/out/playable/macos/CozyCafe.app/Contents/Resources/Data/Managed/System.Data.dll
[ 85/404    1s] CopyFiles C:/Users/dlgkr/cozy_cafe/run_devin_v2/work/integration/out/playable/macos/CozyCafe.app/Contents/Resources/Data/Managed/UnityEngine.GameCenterModule.dll
[ 86/404    0s] CopyFiles C:/Users/dlgkr/cozy_cafe/run_devin_v2/work/integration/out/playable/macos/CozyCafe.app/Contents/Resources/Data/Managed/UnityEngine.LocalizationModule.dll
[ 87/404    0s] CopyFiles C:/Users/dlgkr/cozy_cafe/run_devin_v2/work/integration/out/playable/macos/CozyCafe.app/Contents/Resources/Data/Managed/UnityEngine.AIModule.dll
[ 88/404    0s] CopyFiles C:/Users/dlgkr/cozy_cafe/run_devin_v2/work/integration/out/playable/macos/CozyCafe.app/Contents/Resources/Data/Managed/System.Drawing.dll
[ 89/404    2s] CopyFiles C:/Users/dlgkr/cozy_cafe/run_devin_v2/work/integration/out/playable/macos/CozyCafe.app/Contents/Resources/Data/Managed/Unity.InternalAPIEngineBridge.004.dll
[ 90/404    0s] CopyFiles C:/Users/dlgkr/cozy_cafe/run_devin_v2/work/integration/out/playable/macos/CozyCafe.app/Contents/Resources/Data/Managed/UnityEngine.Physics2DModule.dll
[ 91/404    0s] CopyFiles C:/Users/dlgkr/cozy_cafe/run_devin_v2/work/integration/out/playable/macos/CozyCafe.app/Contents/Resources/Data/Managed/UnityEngine.PhysicsModule.dll
[ 92/404    0s] CopyFiles C:/Users/dlgkr/cozy_cafe/run_devin_v2/work/integration/out/playable/macos/CozyCafe.app/Contents/Resources/Data/Managed/UnityEngine.JSONSerializeModule.dll
[ 93/404    0s] CopyFiles C:/Users/dlgkr/cozy_cafe/run_devin_v2/work/integration/out/playable/macos/CozyCafe.app/Contents/Resources/Data/Managed/mscorlib.dll
[ 94/404    0s] CopyFiles C:/Users/dlgkr/cozy_cafe/run_devin_v2/work/integration/out/playable/macos/CozyCafe.app/Contents/Resources/Data/Managed/UnityEngine.HierarchyCoreModule.dll
[ 95/404    1s] CopyFiles C:/Users/dlgkr/cozy_cafe/run_devin_v2/work/integration/out/playable/macos/CozyCafe.app/Contents/Resources/Data/Managed/UnityEngine.XRModule.dll
[ 96/404    4s] CopyFiles C:/Users/dlgkr/cozy_cafe/run_devin_v2/work/integration/out/playable/macos/CozyCafe.app/Contents/Resources/Data/Managed/UnityEngine.TerrainPhysicsModule.dll
[ 97/404    0s] CopyFiles C:/Users/dlgkr/cozy_cafe/run_devin_v2/work/integration/out/playable/macos/CozyCafe.app/Contents/Resources/Data/Managed/UnityEngine.ClothModule.dll
[ 98/404    4s] CopyFiles C:/Users/dlgkr/cozy_cafe/run_devin_v2/work/integration/out/playable/macos/CozyCafe.app/Contents/Resources/Data/Managed/System.ComponentModel.Composition.dll
[ 99/404    0s] CopyFiles C:/Users/dlgkr/cozy_cafe/run_devin_v2/work/integration/out/playable/macos/CozyCafe.app/Contents/Resources/Data/Managed/UnityEngine.TimelineFoundationModule.dll
[100/404    0s] CopyFiles C:/Users/dlgkr/cozy_cafe/run_devin_v2/work/integration/out/playable/macos/CozyCafe.app/Contents/Resources/Data/Managed/UnityEngine.AccessibilityModule.dll
[101/404    1s] CopyFiles C:/Users/dlgkr/cozy_cafe/run_devin_v2/work/integration/out/playable/macos/CozyCafe.app/Contents/Resources/Data/Managed/UnityEngine.ImageConversionModule.dll
[102/404    0s] CopyFiles C:/Users/dlgkr/cozy_cafe/run_devin_v2/work/integration/out/playable/macos/CozyCafe.app/Contents/Resources/Data/Managed/UnityEngine.TetgenModule.dll
[103/404    0s] CopyFiles C:/Users/dlgkr/cozy_cafe/run_devin_v2/work/integration/out/playable/macos/CozyCafe.app/Contents/Resources/Data/Managed/UnityEngine.AssetBundleModule.dll
[104/404    1s] CopyFiles C:/Users/dlgkr/cozy_cafe/run_devin_v2/work/integration/out/playable/macos/CozyCafe.app/Contents/Resources/Data/Managed/UnityEngine.MathematicsModule.dll
[105/404    0s] CopyFiles C:/Users/dlgkr/cozy_cafe/run_devin_v2/work/integration/out/playable/macos/CozyCafe.app/Contents/Resources/Data/Managed/UnityEngine.IdentifiersModule.dll
[106/404    1s] CopyFiles C:/Users/dlgkr/cozy_cafe/run_devin_v2/work/integration/out/playable/macos/CozyCafe.app/Contents/Resources/Data/Managed/UnityEngine.CrashReportingModule.dll
[107/404    0s] CopyFiles C:/Users/dlgkr/cozy_cafe/run_devin_v2/work/integration/out/playable/macos/CozyCafe.app/Contents/Resources/Data/Managed/UnityEngine.GridModule.dll
[108/404    0s] CopyFiles C:/Users/dlgkr/cozy_cafe/run_devin_v2/work/integration/out/playable/macos/CozyCafe.app/Contents/Resources/Data/Managed/UnityEngine.WindModule.dll
[109/404    0s] CopyFiles C:/Users/dlgkr/cozy_cafe/run_devin_v2/work/integration/out/playable/macos/CozyCafe.app/Contents/Resources/Data/Managed/UnityEngine.IMGUIModule.dll
[110/404    1s] CopyFiles C:/Users/dlgkr/cozy_cafe/run_devin_v2/work/integration/out/playable/macos/CozyCafe.app/Contents/Resources/Data/Managed/UnityEngine.AndroidJNIModule.dll
[111/404    0s] CopyFiles C:/Users/dlgkr/cozy_cafe/run_devin_v2/work/integration/out/playable/macos/CozyCafe.app/Contents/Resources/Data/Managed/UnityEngine.CoreModule.dll
[112/404    0s] CopyFiles C:/Users/dlgkr/cozy_cafe/run_devin_v2/work/integration/out/playable/macos/CozyCafe.app/Contents/Resources/Data/Managed/UnityEngine.TLSModule.dll
[113/404    3s] CopyFiles C:/Users/dlgkr/cozy_cafe/run_devin_v2/work/integration/out/playable/macos/CozyCafe.app/Contents/Resources/Data/Managed/System.Reflection.Metadata.dll
[114/404    0s] CopyFiles C:/Users/dlgkr/cozy_cafe/run_devin_v2/work/integration/out/playable/macos/CozyCafe.app/Contents/Resources/Data/Managed/UnityEngine.MultiplayerModule.dll
[115/404    5s] CopyFiles C:/Users/dlgkr/cozy_cafe/run_devin_v2/work/integration/out/playable/macos/CozyCafe.app/Contents/Resources/Data/Managed/UnityEngine.UnityWebRequestWWWModule.dll
[116/404    0s] CopyFiles C:/Users/dlgkr/cozy_cafe/run_devin_v2/work/integration/out/playable/macos/CozyCafe.app/Contents/Resources/Data/Managed/UnityEngine.VFXModule.dll
[117/404    3s] CopyFiles C:/Users/dlgkr/cozy_cafe/run_devin_v2/work/integration/out/playable/macos/CozyCafe.app/Contents/Resources/Data/Managed/System.Runtime.CompilerServices.Unsafe.dll
[118/404    0s] CopyFiles C:/Users/dlgkr/cozy_cafe/run_devin_v2/work/integration/out/playable/macos/CozyCafe.app/Contents/Resources/Data/Managed/System.Memory.dll
[119/404    0s] CopyFiles C:/Users/dlgkr/cozy_cafe/run_devin_v2/work/integration/out/playable/macos/CozyCafe.app/Contents/Resources/Data/Managed/Mono.Security.dll
[120/404    1s] CopyFiles C:/Users/dlgkr/cozy_cafe/run_devin_v2/work/integration/out/playable/macos/CozyCafe.app/Contents/Resources/Data/Managed/UnityEngine.UnityAnalyticsCommonModule.dll
[121/404    0s] CopyFiles C:/Users/dlgkr/cozy_cafe/run_devin_v2/work/integration/out/playable/macos/CozyCafe.app/Contents/Resources/Data/Managed/CozyCafe.Core.dll
[122/404    0s] CopyFiles C:/Users/dlgkr/cozy_cafe/run_devin_v2/work/integration/out/playable/macos/CozyCafe.app/Contents/Resources/Data/Managed/UnityEngine.SpriteMaskModule.dll
[123/404    0s] CopyFiles C:/Users/dlgkr/cozy_cafe/run_devin_v2/work/integration/out/playable/macos/CozyCafe.app/Contents/Resources/Data/Managed/UnityEngine.StreamingModule.dll
[124/404    0s] CopyFiles C:/Users/dlgkr/cozy_cafe/run_devin_v2/work/integration/out/playable/macos/CozyCafe.app/Contents/Resources/Data/Managed/UnityEngine.ParticleSystemModule.dll
[125/404    1s] CopyFiles C:/Users/dlgkr/cozy_cafe/run_devin_v2/work/integration/out/playable/macos/CozyCafe.app/Contents/Resources/Data/Managed/UnityEngine.RenderAs2DModule.dll
[126/404    1s] CopyFiles C:/Users/dlgkr/cozy_cafe/run_devin_v2/work/integration/out/playable/macos/CozyCafe.app/Contents/Resources/Data/Managed/UnityEngine.UnityAnalyticsModule.dll
[127/404    0s] CopyFiles C:/Users/dlgkr/cozy_cafe/run_devin_v2/work/integration/out/playable/macos/CozyCafe.app/Contents/Resources/Data/Managed/UnityEngine.ManagedKernelModule.dll
[128/404    0s] CopyFiles C:/Users/dlgkr/cozy_cafe/run_devin_v2/work/integration/out/playable/macos/CozyCafe.app/Contents/Resources/Data/Managed/UnityEngine.InputForUIModule.dll
[129/404    0s] CopyFiles C:/Users/dlgkr/cozy_cafe/run_devin_v2/work/integration/out/playable/macos/CozyCafe.app/Contents/Resources/Data/Managed/System.Data.DataSetExtensions.dll
[130/404    1s] CopyFiles C:/Users/dlgkr/cozy_cafe/run_devin_v2/work/integration/out/playable/macos/CozyCafe.app/Contents/Resources/Data/Managed/UnityEngine.UnityWebRequestTextureModule.dll
[131/404    0s] CopyFiles C:/Users/dlgkr/cozy_cafe/run_devin_v2/work/integration/out/playable/macos/CozyCafe.app/Contents/Resources/Data/Managed/System.dll
[132/404    1s] CopyFiles C:/Users/dlgkr/cozy_cafe/run_devin_v2/work/integration/out/playable/macos/CozyCafe.app/Contents/Resources/Data/Managed/UnityEngine.PerformanceReportingModule.dll
[133/404    2s] CopyFiles C:/Users/dlgkr/cozy_cafe/run_devin_v2/work/integration/out/playable/macos/CozyCafe.app/Contents/Resources/Data/Managed/UnityEngine.InputLegacyModule.dll
[134/404    0s] CopyFiles C:/Users/dlgkr/cozy_cafe/run_devin_v2/work/integration/out/playable/macos/CozyCafe.app/Contents/Resources/Data/Managed/UnityEngine.DSPGraphModule.dll
[135/404    0s] CopyFiles C:/Users/dlgkr/cozy_cafe/run_devin_v2/work/integration/out/playable/macos/CozyCafe.app/Contents/Resources/Data/Managed/System.Configuration.dll
[136/404    1s] CopyFiles C:/Users/dlgkr/cozy_cafe/run_devin_v2/work/integration/out/playable/macos/CozyCafe.app/Contents/Resources/Data/Managed/UnityEngine.ClusterInputModule.dll
[137/404    0s] CopyFiles C:/Users/dlgkr/cozy_cafe/run_devin_v2/work/integration/out/playable/macos/CozyCafe.app/Contents/Resources/Data/Managed/System.Collections.Immutable.dll
[138/404    0s] CopyFiles C:/Users/dlgkr/cozy_cafe/run_devin_v2/work/integration/out/playable/macos/CozyCafe.app/Contents/Resources/Data/Managed/UnityEngine.VectorGraphicsModule.dll
[139/404    0s] CopyFiles C:/Users/dlgkr/cozy_cafe/run_devin_v2/work/integration/out/playable/macos/CozyCafe.app/Contents/Resources/Data/Managed/UnityEngine.PropertiesModule.dll
[140/404    0s] CopyFiles C:/Users/dlgkr/cozy_cafe/run_devin_v2/work/integration/out/playable/macos/CozyCafe.app/Contents/Resources/Data/Managed/UnityEngine.UnityConsentModule.dll
[141/404    0s] CopyFiles C:/Users/dlgkr/cozy_cafe/run_devin_v2/work/integration/out/playable/macos/CozyCafe.app/Contents/Resources/Data/Managed/UnityEngine.UmbraModule.dll
[142/404    0s] CopyFiles C:/Users/dlgkr/cozy_cafe/run_devin_v2/work/integration/out/playable/macos/CozyCafe.app/Contents/Resources/Data/Managed/UnityEngine.DirectorModule.dll
[143/404    0s] CopyFiles C:/Users/dlgkr/cozy_cafe/run_devin_v2/work/integration/out/playable/macos/CozyCafe.app/Contents/Resources/Data/Managed/UnityEngine.AdaptivePerformanceModule.dll
[144/404    0s] CopyFiles C:/Users/dlgkr/cozy_cafe/run_devin_v2/work/integration/out/playable/macos/CozyCafe.app/Contents/Resources/Data/Managed/UnityEngine.UnityWebRequestAudioModule.dll
[145/404    0s] CopyFiles C:/Users/dlgkr/cozy_cafe/run_devin_v2/work/integration/out/playable/macos/CozyCafe.app/Contents/Resources/Data/Managed/UnityEngine.AudioModule.dll
[146/404    0s] CopyFiles C:/Users/dlgkr/cozy_cafe/run_devin_v2/work/integration/out/playable/macos/CozyCafe.app/Contents/Resources/Data/Managed/UnityEngine.UI.dll
[147/404    0s] CopyFiles C:/Users/dlgkr/cozy_cafe/run_devin_v2/work/integration/out/playable/macos/CozyCafe.app/Contents/Resources/Data/Managed/UnityEngine.VideoModule.dll
[148/404    0s] CopyFiles C:/Users/dlgkr/cozy_cafe/run_devin_v2/work/integration/out/playable/macos/CozyCafe.app/Contents/Resources/Data/Managed/UnityEngine.TerrainModule.dll
[149/404    0s] CopyFiles C:/Users/dlgkr/cozy_cafe/run_devin_v2/work/integration/out/playable/macos/CozyCafe.app/Contents/Resources/Data/Managed/System.IO.Compression.FileSystem.dll
[150/404    1s] CopyFiles C:/Users/dlgkr/cozy_cafe/run_devin_v2/work/integration/out/playable/macos/CozyCafe.app/Contents/Resources/Data/Managed/UnityEngine.UnityWebRequestModule.dll
[151/404    0s] CopyFiles C:/Users/dlgkr/cozy_cafe/run_devin_v2/work/integration/out/playable/macos/CozyCafe.app/Contents/Resources/Data/Managed/UnityEngine.ClusterRendererModule.dll
[152/404    0s] CopyFiles C:/Users/dlgkr/cozy_cafe/run_devin_v2/work/integration/out/playable/macos/CozyCafe.app/Contents/Resources/Data/Managed/Unity.TextMeshPro.dll
[153/404    0s] CopyFiles C:/Users/dlgkr/cozy_cafe/run_devin_v2/work/integration/out/playable/macos/CozyCafe.app/Contents/Resources/Data/Managed/UnityEngine.AnimationModule.dll
[154/404    0s] CopyFiles C:/Users/dlgkr/cozy_cafe/run_devin_v2/work/integration/out/playable/macos/CozyCafe.app/Contents/Resources/Data/Managed/UnityEngine.HierarchyModule.dll
[155/404    1s] CopyFiles C:/Users/dlgkr/cozy_cafe/run_devin_v2/work/integration/out/playable/macos/CozyCafe.app/Contents/Resources/Data/Managed/UnityEngine.UnityCurlModule.dll
[156/404    6s] CopyFiles C:/Users/dlgkr/cozy_cafe/run_devin_v2/work/integration/out/playable/macos/CozyCafe.app/Contents/Resources/Data/Managed/UnityEngine.GraphicsStateCollectionSerializerModule.dll
[157/404    0s] CopyFiles C:/Users/dlgkr/cozy_cafe/run_devin_v2/work/integration/out/playable/macos/CozyCafe.app/Contents/Resources/Data/Managed/UnityEngine.ShaderVariantAnalyticsModule.dll
[158/404    0s] CopyFiles C:/Users/dlgkr/cozy_cafe/run_devin_v2/work/integration/out/playable/macos/CozyCafe.app/Contents/Resources/Data/Managed/System.Runtime.Serialization.dll
[159/404    0s] GenerateNativePluginsForAssemblies Library/Bee/artifacts/MacStandalonePlayerBuildProgram/AsyncPluginsFromLinker
[160/404    0s] CopyFiles C:/Users/dlgkr/cozy_cafe/run_devin_v2/work/integration/out/playable/macos/CozyCafe.app/Contents/Resources/Data/Managed/UnityEngine.ScreenCaptureModule.dll
[161/404    0s] CopyFiles C:/Users/dlgkr/cozy_cafe/run_devin_v2/work/integration/out/playable/macos/CozyCafe.app/Contents/Resources/Data/Managed/UnityEngine.SubsystemsModule.dll
[162/404    0s] CopyFiles C:/Users/dlgkr/cozy_cafe/run_devin_v2/work/integration/out/playable/macos/CozyCafe.app/Contents/Resources/Data/Managed/System.Xml.Linq.dll
[163/404    1s] CopyFiles C:/Users/dlgkr/cozy_cafe/run_devin_v2/work/integration/out/playable/macos/CozyCafe.app/Contents/Resources/Data/Managed/UnityEngine.UIElementsModule.dll
[164/404    0s] CopyFiles C:/Users/dlgkr/cozy_cafe/run_devin_v2/work/integration/out/playable/macos/CozyCafe.app/Contents/Resources/Data/Managed/UnityEngine.InputModule.dll
[165/404    0s] CopyFiles C:/Users/dlgkr/cozy_cafe/run_devin_v2/work/integration/out/playable/macos/CozyCafe.app/Contents/Resources/Data/Managed/System.Numerics.dll
[166/404    0s] CopyFiles C:/Users/dlgkr/cozy_cafe/run_devin_v2/work/integration/out/playable/macos/CozyCafe.app/Contents/Resources/Data/Managed/UnityEngine.BurstModule.dll
[167/404    0s] CopyFiles C:/Users/dlgkr/cozy_cafe/run_devin_v2/work/integration/out/playable/macos/CozyCafe.app/Contents/Resources/Data/Managed/Unity.Scripting.dll
[168/404    0s] CopyFiles C:/Users/dlgkr/cozy_cafe/run_devin_v2/work/integration/out/playable/macos/CozyCafe.app/Contents/Resources/Data/Managed/System.Security.dll
[169/404    0s] CopyFiles C:/Users/dlgkr/cozy_cafe/run_devin_v2/work/integration/out/playable/macos/CozyCafe.app/Contents/Resources/Data/Managed/System.Net.Http.dll
[170/404    0s] WriteFile Library/Bee/artifacts/csharpactions/Mono.Security-FeaturesChecked.txt_tcfg.info
[171/404    0s] WriteFile Library/Bee/artifacts/csharpactions/UnityEngine.TilemapModule-FeaturesChecked.txt_dq0e.info
[172/404    0s] WriteFile Library/Bee/artifacts/csharpactions/UnityEngine.ScreenCaptureModule-FeaturesChecked.txt_t5mg.info
[173/404    0s] WriteFile Library/Bee/artifacts/csharpactions/mscorlib-FeaturesChecked.txt_h5ip.info
[174/404    0s] WriteFile Library/Bee/artifacts/csharpactions/netstandard-FeaturesChecked.txt_cc0i.info
[175/404    0s] WriteFile Library/Bee/artifacts/csharpactions/System.Buffers-FeaturesChecked.txt_koob.info
[176/404    0s] WriteFile Library/Bee/artifacts/csharpactions/System.Collections.Immutable-FeaturesChecked.txt_2tkd.info
[177/404    0s] WriteFile Library/Bee/artifacts/csharpactions/System.ComponentModel.Composition-FeaturesChecked.txt_tzo9.info
[178/404    0s] WriteFile Library/Bee/artifacts/csharpactions/System.Xml.Linq-FeaturesChecked.txt_osyp.info
[179/404    0s] WriteFile Library/Bee/artifacts/csharpactions/System.Core-FeaturesChecked.txt_0bzp.info
[180/404    0s] WriteFile Library/Bee/artifacts/csharpactions/System.Data.DataSetExtensions-FeaturesChecked.txt_h20m.info
[181/404    0s] WriteFile Library/Bee/artifacts/csharpactions/System.Data-FeaturesChecked.txt_7g7q.info
[182/404    0s] WriteFile Library/Bee/artifacts/csharpactions/System-FeaturesChecked.txt_vs5j.info
[183/404    0s] WriteFile Library/Bee/artifacts/csharpactions/System.Drawing-FeaturesChecked.txt_z3qy.info
[184/404    0s] WriteFile Library/Bee/artifacts/csharpactions/System.EnterpriseServices-FeaturesChecked.txt_kfl0.info
[185/404    0s] WriteFile Library/Bee/artifacts/csharpactions/System.IO.Compression-FeaturesChecked.txt_zz9e.info
[186/404    0s] WriteFile Library/Bee/artifacts/csharpactions/System.IO.Compression.FileSystem-FeaturesChecked.txt_84o4.info
[187/404    0s] WriteFile Library/Bee/artifacts/csharpactions/System.Memory-FeaturesChecked.txt_2vnz.info
[188/404    0s] WriteFile Library/Bee/artifacts/csharpactions/System.Net.Http-FeaturesChecked.txt_ebzk.info
[189/404    0s] WriteFile Library/Bee/artifacts/csharpactions/System.Numerics-FeaturesChecked.txt_rbrh.info
[190/404    0s] WriteFile Library/Bee/artifacts/csharpactions/System.Reflection.Metadata-FeaturesChecked.txt_fl2i.info
[191/404    0s] WriteFile Library/Bee/artifacts/csharpactions/System.Runtime.CompilerServices.Unsafe-FeaturesChecked.txt_6602.info
[192/404    0s] WriteFile Library/Bee/artifacts/csharpactions/System.Runtime.Serialization-FeaturesChecked.txt_zqp0.info
[193/404    0s] WriteFile Library/Bee/artifacts/csharpactions/System.Security-FeaturesChecked.txt_hwii.info
[194/404    0s] WriteFile Library/Bee/artifacts/csharpactions/System.ServiceModel.Internals-FeaturesChecked.txt_9818.info
[195/404    0s] WriteFile Library/Bee/artifacts/csharpactions/System.Transactions-FeaturesChecked.txt_y9v7.info
[196/404    0s] WriteFile Library/Bee/artifacts/csharpactions/System.Xml-FeaturesChecked.txt_gyyq.info
[197/404    0s] WriteFile Library/Bee/artifacts/csharpactions/game_gijx.info
[198/404    0s] WriteFile Library/Bee/artifacts/csharpactions/CozyCafe.Unity-FeaturesChecked.txt_jb9k.info
[199/404    0s] WriteFile Library/Bee/artifacts/csharpactions/UnityEngine.TextRenderingModule-FeaturesChecked.txt_i1ny.info
[200/404    0s] WriteFile Library/Bee/artifacts/csharpactions/UnityEngine.RuntimeInitializeOnLoadManagerInitializerModule-FeaturesChecked.txt_5gns.info
[201/404    0s] WriteFile Library/Bee/artifacts/csharpactions/Unity.TextMeshPro-FeaturesChecked.txt_wbcl.info
[202/404    0s] WriteFile Library/Bee/artifacts/csharpactions/UnityEngine.AccessibilityModule-FeaturesChecked.txt_96g1.info
[203/404    0s] WriteFile Library/Bee/artifacts/csharpactions/UnityEngine.AdaptivePerformanceModule-FeaturesChecked.txt_hk8d.info
[204/404    0s] WriteFile Library/Bee/artifacts/csharpactions/UnityEngine.AIModule-FeaturesChecked.txt_r425.info
[205/404    0s] WriteFile Library/Bee/artifacts/csharpactions/UnityEngine.AndroidJNIModule-FeaturesChecked.txt_llt1.info
[206/404    0s] WriteFile Library/Bee/artifacts/csharpactions/UnityEngine.AnimationModule-FeaturesChecked.txt_7c2x.info
[207/404    0s] WriteFile Library/Bee/artifacts/csharpactions/UnityEngine.ARModule-FeaturesChecked.txt_k4j9.info
[208/404    0s] WriteFile Library/Bee/artifacts/csharpactions/UnityEngine.AssetBundleModule-FeaturesChecked.txt_tbsh.info
[209/404    0s] WriteFile Library/Bee/artifacts/csharpactions/UnityEngine.AudioModule-FeaturesChecked.txt_twl2.info
[210/404    0s] WriteFile Library/Bee/artifacts/csharpactions/UnityEngine.BurstModule-FeaturesChecked.txt_7z47.info
[211/404    0s] WriteFile Library/Bee/artifacts/csharpactions/UnityEngine.ClothModule-FeaturesChecked.txt_9hky.info
[212/404    0s] WriteFile Library/Bee/artifacts/csharpactions/UnityEngine.ClusterInputModule-FeaturesChecked.txt_3bhx.info
[213/404    0s] WriteFile Library/Bee/artifacts/csharpactions/UnityEngine.ClusterRendererModule-FeaturesChecked.txt_cqm3.info
[214/404    0s] WriteFile Library/Bee/artifacts/csharpactions/UnityEngine.ContentLoadModule-FeaturesChecked.txt_uy7s.info
[215/404    0s] WriteFile Library/Bee/artifacts/csharpactions/UnityEngine.CoreModule-FeaturesChecked.txt_ikd0.info
[216/404    0s] WriteFile Library/Bee/artifacts/csharpactions/UnityEngine.CrashReportingModule-FeaturesChecked.txt_yyky.info
[217/404    0s] WriteFile Library/Bee/artifacts/csharpactions/UnityEngine.DirectorModule-FeaturesChecked.txt_fk7w.info
[218/404    0s] WriteFile Library/Bee/artifacts/csharpactions/UnityEngine-FeaturesChecked.txt_dbvs.info
[219/404    0s] WriteFile Library/Bee/artifacts/csharpactions/UnityEngine.DSPGraphModule-FeaturesChecked.txt_wsag.info
[220/404    0s] WriteFile Library/Bee/artifacts/csharpactions/UnityEngine.GameCenterModule-FeaturesChecked.txt_a812.info
[221/404    0s] WriteFile Library/Bee/artifacts/csharpactions/UnityEngine.GIModule-FeaturesChecked.txt_535t.info
[222/404    0s] WriteFile Library/Bee/artifacts/csharpactions/UnityEngine.GraphicsStateCollectionSerializerModule-FeaturesChecked.txt_xbhd.info
[223/404    0s] WriteFile Library/Bee/artifacts/csharpactions/UnityEngine.GridModule-FeaturesChecked.txt_dzjq.info
[224/404    0s] WriteFile Library/Bee/artifacts/csharpactions/UnityEngine.HierarchyCoreModule-FeaturesChecked.txt_7c7z.info
[225/404    0s] WriteFile Library/Bee/artifacts/csharpactions/UnityEngine.HierarchyModule-FeaturesChecked.txt_sc74.info
[226/404    0s] WriteFile Library/Bee/artifacts/csharpactions/UnityEngine.HotReloadModule-FeaturesChecked.txt_5leg.info
[227/404    0s] WriteFile Library/Bee/artifacts/csharpactions/UnityEngine.IdentifiersModule-FeaturesChecked.txt_dxhc.info
[228/404    0s] WriteFile Library/Bee/artifacts/csharpactions/UnityEngine.ImageConversionModule-FeaturesChecked.txt_4svn.info
[229/404    0s] WriteFile Library/Bee/artifacts/csharpactions/UnityEngine.IMGUIModule-FeaturesChecked.txt_at7m.info
[230/404    0s] WriteFile Library/Bee/artifacts/csharpactions/UnityEngine.InputForUIModule-FeaturesChecked.txt_ydxj.info
[231/404    0s] WriteFile Library/Bee/artifacts/csharpactions/UnityEngine.InputLegacyModule-FeaturesChecked.txt_q0vy.info
[232/404    0s] WriteFile Library/Bee/artifacts/csharpactions/UnityEngine.InputModule-FeaturesChecked.txt_dp83.info
[233/404    0s] WriteFile Library/Bee/artifacts/csharpactions/UnityEngine.InsightsModule-FeaturesChecked.txt_2m5h.info
[234/404    0s] WriteFile Library/Bee/artifacts/csharpactions/UnityEngine.JSONSerializeModule-FeaturesChecked.txt_v4ys.info
[235/404    0s] WriteFile Library/Bee/artifacts/csharpactions/UnityEngine.LocalizationModule-FeaturesChecked.txt_kuvr.info
[236/404    0s] WriteFile Library/Bee/artifacts/csharpactions/UnityEngine.ManagedKernelModule-FeaturesChecked.txt_7ah3.info
[237/404    0s] WriteFile Library/Bee/artifacts/csharpactions/UnityEngine.MarshallingModule-FeaturesChecked.txt_jmh7.info
[238/404    0s] WriteFile Library/Bee/artifacts/csharpactions/UnityEngine.MathematicsModule-FeaturesChecked.txt_twks.info
[239/404    0s] WriteFile Library/Bee/artifacts/csharpactions/UnityEngine.MultiplayerModule-FeaturesChecked.txt_p23d.info
[240/404    0s] WriteFile Library/Bee/artifacts/csharpactions/System.Configuration-FeaturesChecked.txt_3sq7.info
[241/404    0s] WriteFile Library/Bee/artifacts/csharpactions/UnityEngine.UnityWebRequestWWWModule-FeaturesChecked.txt_qggm.info
[242/404    0s] WriteFile Library/Bee/artifacts/csharpactions/UnityEngine.VectorGraphicsModule-FeaturesChecked.txt_xwme.info
[243/404    0s] WriteFile Library/Bee/artifacts/csharpactions/UnityEngine.VideoModule-FeaturesChecked.txt_iwkd.info
[244/404    0s] WriteFile Library/Bee/artifacts/csharpactions/UnityEngine.VirtualTexturingModule-FeaturesChecked.txt_s9m7.info
[245/404    0s] WriteFile Library/Bee/artifacts/csharpactions/UnityEngine.PhysicsModule-FeaturesChecked.txt_26rb.info
[246/404    0s] WriteFile Library/Bee/artifacts/csharpactions/UnityEngine.PropertiesModule-FeaturesChecked.txt_ar7j.info
[247/404    0s] WriteFile Library/Bee/artifacts/csharpactions/UnityEngine.RenderAs2DModule-FeaturesChecked.txt_ts3o.info
[248/404    0s] WriteFile Library/Bee/artifacts/csharpactions/Unity.Scripting-FeaturesChecked.txt_sdu3.info
[249/404    0s] WriteFile Library/Bee/artifacts/csharpactions/UnityEngine.ScriptingModule-FeaturesChecked.txt_meep.info
[250/404    0s] WriteFile Library/Bee/artifacts/csharpactions/UnityEngine.ShaderVariantAnalyticsModule-FeaturesChecked.txt_1tiv.info
[251/404    0s] WriteFile Library/Bee/artifacts/csharpactions/UnityEngine.SpriteMaskModule-FeaturesChecked.txt_4jzq.info
[252/404    0s] WriteFile Library/Bee/artifacts/csharpactions/UnityEngine.ParticleSystemModule-FeaturesChecked.txt_khwv.info
[253/404    0s] WriteFile Library/Bee/artifacts/csharpactions/UnityEngine.PerformanceReportingModule-FeaturesChecked.txt_dxcc.info
[254/404    0s] WriteFile Library/Bee/artifacts/csharpactions/UnityEngine.Physics2DModule-FeaturesChecked.txt_sxp3.info
[255/404    0s] WriteFile Library/Bee/artifacts/csharpactions/UnityEngine.PhysicsBackendPhysXModule-FeaturesChecked.txt_gkwj.info
[256/404    0s] WriteFile Library/Bee/artifacts/csharpactions/UnityEngine.VehiclesModule-FeaturesChecked.txt_yqqz.info
[257/404    0s] WriteFile Library/Bee/artifacts/csharpactions/UnityEngine.VFXModule-FeaturesChecked.txt_bxls.info
[258/404    0s] WriteFile Library/Bee/artifacts/csharpactions/UnityEngine.TetgenModule-FeaturesChecked.txt_o2p6.info
[259/404    0s] WriteFile Library/Bee/artifacts/csharpactions/UnityEngine.TextCoreFontEngineModule-FeaturesChecked.txt_gk3c.info
[260/404    0s] WriteFile Library/Bee/artifacts/csharpactions/UnityEngine.TextCoreTextEngineModule-FeaturesChecked.txt_qdwu.info
[261/404    0s] WriteFile Library/Bee/artifacts/csharpactions/Unity.InternalAPIEngineBridge.004-FeaturesChecked.txt_jlfl.info
[262/404    0s] WriteFile Library/Bee/artifacts/csharpactions/UnityEngine.UnityWebRequestModule-FeaturesChecked.txt_vyuy.info
[263/404    0s] WriteFile Library/Bee/artifacts/csharpactions/UnityEngine.UnityWebRequestTextureModule-FeaturesChecked.txt_ekwn.info
[264/404    0s] WriteFile Library/Bee/artifacts/csharpactions/UnityEngine.SpriteShapeModule-FeaturesChecked.txt_rm0h.info
[265/404    0s] WriteFile Library/Bee/artifacts/csharpactions/UnityEngine.StreamingModule-FeaturesChecked.txt_5cy3.info
[266/404    0s] WriteFile Library/Bee/artifacts/csharpactions/UnityEngine.SubstanceModule-FeaturesChecked.txt_732r.info
[267/404    0s] WriteFile Library/Bee/artifacts/csharpactions/UnityEngine.SubsystemsModule-FeaturesChecked.txt_jhyo.info
[268/404    0s] WriteFile Library/Bee/artifacts/csharpactions/UnityEngine.TerrainModule-FeaturesChecked.txt_wj25.info
[269/404    0s] WriteFile Library/Bee/artifacts/csharpactions/UnityEngine.PhysicsCore2DModule-FeaturesChecked.txt_7tg4.info
[270/404    0s] WriteFile Library/Bee/artifacts/csharpactions/UnityEngine.TerrainPhysicsModule-FeaturesChecked.txt_1c3a.info
[271/404    0s] WriteFile Library/Bee/artifacts/csharpactions/UnityEngine.WindModule-FeaturesChecked.txt_7k27.info
[272/404    0s] WriteFile Library/Bee/artifacts/csharpactions/UnityEngine.XRModule-FeaturesChecked.txt_p5c9.info
[273/404    0s] WriteFile Library/Bee/artifacts/csharpactions/CozyCafe.Core-FeaturesChecked.txt_zd5v.info
[274/404    0s] CopyFiles C:/Users/dlgkr/cozy_cafe/run_devin_v2/work/integration/out/playable/macos/CozyCafe.app/Contents/Resources/Data/Managed/UnityEngine.TextRenderingModule.dll
[275/404    0s] CopyFiles C:/Users/dlgkr/cozy_cafe/run_devin_v2/work/integration/out/playable/macos/CozyCafe.app/Contents/Resources/Data/Managed/System.Xml.dll
[276/404    0s] ExtractUsedFeatures Library/Bee/artifacts/MacStandalonePlayerBuildProgram/Features/UnityEngine.WindModule-FeaturesChecked.txt
[277/404    1s] CopyFiles C:/Users/dlgkr/cozy_cafe/run_devin_v2/work/integration/out/playable/macos/CozyCafe.app/Contents/Resources/Data/Managed/UnityEngine.PhysicsCore2DModule.dll
[278/404    0s] ExtractUsedFeatures Library/Bee/artifacts/MacStandalonePlayerBuildProgram/Features/UnityEngine.XRModule-FeaturesChecked.txt
[279/404    0s] ExtractUsedFeatures Library/Bee/artifacts/MacStandalonePlayerBuildProgram/Features/CozyCafe.Core-FeaturesChecked.txt
[280/404    0s] CopyFiles C:/Users/dlgkr/cozy_cafe/run_devin_v2/work/integration/out/playable/macos/CozyCafe.app/Contents/Resources/Data/Managed/UnityEngine.HotReloadModule.dll
[281/404    1s] CopyFiles C:/Users/dlgkr/cozy_cafe/run_devin_v2/work/integration/out/playable/macos/CozyCafe.app/Contents/Resources/Data/Managed/UnityEngine.TextCoreTextEngineModule.dll
[282/404    0s] ExtractUsedFeatures Library/Bee/artifacts/MacStandalonePlayerBuildProgram/Features/UnityEngine.TerrainModule-FeaturesChecked.txt
[283/404    0s] ExtractUsedFeatures Library/Bee/artifacts/MacStandalonePlayerBuildProgram/Features/UnityEngine.PhysicsCore2DModule-FeaturesChecked.txt
[284/404    0s] ExtractUsedFeatures Library/Bee/artifacts/MacStandalonePlayerBuildProgram/Features/UnityEngine.SubsystemsModule-FeaturesChecked.txt
[285/404    2s] CopyFiles C:/Users/dlgkr/cozy_cafe/run_devin_v2/work/integration/out/playable/macos/CozyCafe.app/Contents/Resources/Data/Managed/UnityEngine.VirtualTexturingModule.dll
[286/404    0s] ExtractUsedFeatures Library/Bee/artifacts/MacStandalonePlayerBuildProgram/Features/UnityEngine.SubstanceModule-FeaturesChecked.txt
[287/404    1s] CopyFiles C:/Users/dlgkr/cozy_cafe/run_devin_v2/work/integration/out/playable/macos/CozyCafe.app/Contents/Resources/Data/Managed/UnityEngine.PhysicsBackendPhysXModule.dll
[288/404    0s] ExtractUsedFeatures Library/Bee/artifacts/MacStandalonePlayerBuildProgram/Features/UnityEngine.TerrainPhysicsModule-FeaturesChecked.txt
[289/404    1s] CopyFiles C:/Users/dlgkr/cozy_cafe/run_devin_v2/work/integration/out/playable/macos/CozyCafe.app/Contents/Resources/Data/Managed/UnityEngine.VehiclesModule.dll
[290/404    5s] CopyFiles C:/Users/dlgkr/cozy_cafe/run_devin_v2/work/integration/out/playable/macos/CozyCafe.app/Contents/Resources/Data/Managed/UnityEngine.UnityWebRequestAssetBundleModule.dll
[291/404    0s] ExtractUsedFeatures Library/Bee/artifacts/MacStandalonePlayerBuildProgram/Features/UnityEngine.StreamingModule-FeaturesChecked.txt
[292/404    2s] CopyFiles C:/Users/dlgkr/cozy_cafe/run_devin_v2/work/integration/out/playable/macos/CozyCafe.app/Contents/Resources/Data/Managed/UnityEngine.TextCoreFontEngineModule.dll
[293/404    5s] CopyFiles C:/Users/dlgkr/cozy_cafe/run_devin_v2/work/integration/out/playable/macos/CozyCafe.app/Contents/Resources/Data/Managed/UnityEngine.RuntimeInitializeOnLoadManagerInitializerModule.dll
[294/404    0s] ExtractUsedFeatures Library/Bee/artifacts/MacStandalonePlayerBuildProgram/Features/UnityEngine.SpriteShapeModule-FeaturesChecked.txt
[295/404    0s] ExtractUsedFeatures Library/Bee/artifacts/MacStandalonePlayerBuildProgram/Features/UnityEngine.UnityWebRequestModule-FeaturesChecked.txt
[296/404    0s] ExtractUsedFeatures Library/Bee/artifacts/MacStandalonePlayerBuildProgram/Features/Unity.InternalAPIEngineBridge.004-FeaturesChecked.txt
[297/404    0s] ExtractUsedFeatures Library/Bee/artifacts/MacStandalonePlayerBuildProgram/Features/UnityEngine.UnityWebRequestTextureModule-FeaturesChecked.txt
[298/404    0s] ExtractUsedFeatures Library/Bee/artifacts/MacStandalonePlayerBuildProgram/Features/UnityEngine.TextCoreFontEngineModule-FeaturesChecked.txt
[299/404    0s] ExtractUsedFeatures Library/Bee/artifacts/MacStandalonePlayerBuildProgram/Features/UnityEngine.TetgenModule-FeaturesChecked.txt
[300/404    0s] ExtractUsedFeatures Library/Bee/artifacts/MacStandalonePlayerBuildProgram/Features/UnityEngine.TextCoreTextEngineModule-FeaturesChecked.txt
[301/404    0s] ExtractUsedFeatures Library/Bee/artifacts/MacStandalonePlayerBuildProgram/Features/UnityEngine.VFXModule-FeaturesChecked.txt
[302/404    0s] ExtractUsedFeatures Library/Bee/artifacts/MacStandalonePlayerBuildProgram/Features/UnityEngine.PhysicsBackendPhysXModule-FeaturesChecked.txt
[303/404    0s] ExtractUsedFeatures Library/Bee/artifacts/MacStandalonePlayerBuildProgram/Features/UnityEngine.VehiclesModule-FeaturesChecked.txt
[304/404    0s] ExtractUsedFeatures Library/Bee/artifacts/MacStandalonePlayerBuildProgram/Features/UnityEngine.PerformanceReportingModule-FeaturesChecked.txt
[305/404    0s] ExtractUsedFeatures Library/Bee/artifacts/MacStandalonePlayerBuildProgram/Features/UnityEngine.Physics2DModule-FeaturesChecked.txt
[306/404    0s] ExtractUsedFeatures Library/Bee/artifacts/MacStandalonePlayerBuildProgram/Features/UnityEngine.ShaderVariantAnalyticsModule-FeaturesChecked.txt
[307/404    0s] ExtractUsedFeatures Library/Bee/artifacts/MacStandalonePlayerBuildProgram/Features/UnityEngine.SpriteMaskModule-FeaturesChecked.txt
[308/404    0s] ExtractUsedFeatures Library/Bee/artifacts/MacStandalonePlayerBuildProgram/Features/UnityEngine.ParticleSystemModule-FeaturesChecked.txt
[309/404    0s] ExtractUsedFeatures Library/Bee/artifacts/MacStandalonePlayerBuildProgram/Features/UnityEngine.ScriptingModule-FeaturesChecked.txt
[310/404    0s] ExtractUsedFeatures Library/Bee/artifacts/MacStandalonePlayerBuildProgram/Features/Unity.Scripting-FeaturesChecked.txt
[311/404    0s] ExtractUsedFeatures Library/Bee/artifacts/MacStandalonePlayerBuildProgram/Features/UnityEngine.RenderAs2DModule-FeaturesChecked.txt
[312/404    0s] ExtractUsedFeatures Library/Bee/artifacts/MacStandalonePlayerBuildProgram/Features/UnityEngine.PropertiesModule-FeaturesChecked.txt
[313/404    0s] ExtractUsedFeatures Library/Bee/artifacts/MacStandalonePlayerBuildProgram/Features/UnityEngine.VirtualTexturingModule-FeaturesChecked.txt
[314/404    0s] ExtractUsedFeatures Library/Bee/artifacts/MacStandalonePlayerBuildProgram/Features/UnityEngine.VideoModule-FeaturesChecked.txt
[315/404    0s] ExtractUsedFeatures Library/Bee/artifacts/MacStandalonePlayerBuildProgram/Features/UnityEngine.PhysicsModule-FeaturesChecked.txt
[316/404    0s] ExtractUsedFeatures Library/Bee/artifacts/MacStandalonePlayerBuildProgram/Features/UnityEngine.UnityWebRequestWWWModule-FeaturesChecked.txt
[317/404    0s] ExtractUsedFeatures Library/Bee/artifacts/MacStandalonePlayerBuildProgram/Features/UnityEngine.MultiplayerModule-FeaturesChecked.txt
[318/404    0s] ExtractUsedFeatures Library/Bee/artifacts/MacStandalonePlayerBuildProgram/Features/UnityEngine.VectorGraphicsModule-FeaturesChecked.txt
[319/404    0s] ExtractUsedFeatures Library/Bee/artifacts/MacStandalonePlayerBuildProgram/Features/System.Configuration-FeaturesChecked.txt
[320/404    0s] ExtractUsedFeatures Library/Bee/artifacts/MacStandalonePlayerBuildProgram/Features/UnityEngine.MarshallingModule-FeaturesChecked.txt
[321/404    0s] ExtractUsedFeatures Library/Bee/artifacts/MacStandalonePlayerBuildProgram/Features/UnityEngine.ManagedKernelModule-FeaturesChecked.txt
[322/404    0s] ExtractUsedFeatures Library/Bee/artifacts/MacStandalonePlayerBuildProgram/Features/UnityEngine.LocalizationModule-FeaturesChecked.txt
[323/404    0s] ExtractUsedFeatures Library/Bee/artifacts/MacStandalonePlayerBuildProgram/Features/UnityEngine.MathematicsModule-FeaturesChecked.txt
[324/404    0s] ExtractUsedFeatures Library/Bee/artifacts/MacStandalonePlayerBuildProgram/Features/UnityEngine.JSONSerializeModule-FeaturesChecked.txt
[325/404    0s] ExtractUsedFeatures Library/Bee/artifacts/MacStandalonePlayerBuildProgram/Features/UnityEngine.InsightsModule-FeaturesChecked.txt
[326/404    0s] ExtractUsedFeatures Library/Bee/artifacts/MacStandalonePlayerBuildProgram/Features/UnityEngine.InputModule-FeaturesChecked.txt
[327/404    0s] ExtractUsedFeatures Library/Bee/artifacts/MacStandalonePlayerBuildProgram/Features/UnityEngine.InputLegacyModule-FeaturesChecked.txt
[328/404    0s] ExtractUsedFeatures Library/Bee/artifacts/MacStandalonePlayerBuildProgram/Features/UnityEngine.InputForUIModule-FeaturesChecked.txt
[329/404    0s] ExtractUsedFeatures Library/Bee/artifacts/MacStandalonePlayerBuildProgram/Features/UnityEngine.IdentifiersModule-FeaturesChecked.txt
[330/404    0s] ExtractUsedFeatures Library/Bee/artifacts/MacStandalonePlayerBuildProgram/Features/UnityEngine.HotReloadModule-FeaturesChecked.txt
[331/404    0s] ExtractUsedFeatures Library/Bee/artifacts/MacStandalonePlayerBuildProgram/Features/UnityEngine.IMGUIModule-FeaturesChecked.txt
[332/404    0s] ExtractUsedFeatures Library/Bee/artifacts/MacStandalonePlayerBuildProgram/Features/UnityEngine.ImageConversionModule-FeaturesChecked.txt
[333/404    0s] ExtractUsedFeatures Library/Bee/artifacts/MacStandalonePlayerBuildProgram/Features/UnityEngine.HierarchyModule-FeaturesChecked.txt
[334/404    0s] ExtractUsedFeatures Library/Bee/artifacts/MacStandalonePlayerBuildProgram/Features/UnityEngine.HierarchyCoreModule-FeaturesChecked.txt
[335/404    0s] ExtractUsedFeatures Library/Bee/artifacts/MacStandalonePlayerBuildProgram/Features/UnityEngine.GIModule-FeaturesChecked.txt
[336/404    0s] ExtractUsedFeatures Library/Bee/artifacts/MacStandalonePlayerBuildProgram/Features/UnityEngine.GraphicsStateCollectionSerializerModule-FeaturesChecked.txt
[337/404    0s] ExtractUsedFeatures Library/Bee/artifacts/MacStandalonePlayerBuildProgram/Features/UnityEngine.GridModule-FeaturesChecked.txt
[338/404    0s] ExtractUsedFeatures Library/Bee/artifacts/MacStandalonePlayerBuildProgram/Features/UnityEngine.DSPGraphModule-FeaturesChecked.txt
[339/404    0s] ExtractUsedFeatures Library/Bee/artifacts/MacStandalonePlayerBuildProgram/Features/UnityEngine.GameCenterModule-FeaturesChecked.txt
[340/404    0s] ExtractUsedFeatures Library/Bee/artifacts/MacStandalonePlayerBuildProgram/Features/UnityEngine-FeaturesChecked.txt
[341/404    0s] ExtractUsedFeatures Library/Bee/artifacts/MacStandalonePlayerBuildProgram/Features/UnityEngine.CrashReportingModule-FeaturesChecked.txt
[342/404    0s] ExtractUsedFeatures Library/Bee/artifacts/MacStandalonePlayerBuildProgram/Features/UnityEngine.ContentLoadModule-FeaturesChecked.txt
[343/404    0s] ExtractUsedFeatures Library/Bee/artifacts/MacStandalonePlayerBuildProgram/Features/UnityEngine.DirectorModule-FeaturesChecked.txt
[344/404    0s] ExtractUsedFeatures Library/Bee/artifacts/MacStandalonePlayerBuildProgram/Features/UnityEngine.ClusterRendererModule-FeaturesChecked.txt
[345/404    0s] ExtractUsedFeatures Library/Bee/artifacts/MacStandalonePlayerBuildProgram/Features/UnityEngine.ClusterInputModule-FeaturesChecked.txt
[346/404    0s] ExtractUsedFeatures Library/Bee/artifacts/MacStandalonePlayerBuildProgram/Features/UnityEngine.ClothModule-FeaturesChecked.txt
[347/404    0s] ExtractUsedFeatures Library/Bee/artifacts/MacStandalonePlayerBuildProgram/Features/UnityEngine.AudioModule-FeaturesChecked.txt
[348/404    0s] ExtractUsedFeatures Library/Bee/artifacts/MacStandalonePlayerBuildProgram/Features/UnityEngine.AssetBundleModule-FeaturesChecked.txt
[349/404    0s] ExtractUsedFeatures Library/Bee/artifacts/MacStandalonePlayerBuildProgram/Features/UnityEngine.BurstModule-FeaturesChecked.txt
[350/404    0s] ExtractUsedFeatures Library/Bee/artifacts/MacStandalonePlayerBuildProgram/Features/UnityEngine.ARModule-FeaturesChecked.txt
[351/404    0s] ExtractUsedFeatures Library/Bee/artifacts/MacStandalonePlayerBuildProgram/Features/UnityEngine.AnimationModule-FeaturesChecked.txt
[352/404    0s] ExtractUsedFeatures Library/Bee/artifacts/MacStandalonePlayerBuildProgram/Features/UnityEngine.AndroidJNIModule-FeaturesChecked.txt
[353/404    0s] ExtractUsedFeatures Library/Bee/artifacts/MacStandalonePlayerBuildProgram/Features/UnityEngine.AIModule-FeaturesChecked.txt
[354/404    0s] ExtractUsedFeatures Library/Bee/artifacts/MacStandalonePlayerBuildProgram/Features/UnityEngine.AdaptivePerformanceModule-FeaturesChecked.txt
[355/404    0s] ExtractUsedFeatures Library/Bee/artifacts/MacStandalonePlayerBuildProgram/Features/UnityEngine.RuntimeInitializeOnLoadManagerInitializerModule-FeaturesChecked.txt
[356/404    0s] ExtractUsedFeatures Library/Bee/artifacts/MacStandalonePlayerBuildProgram/Features/UnityEngine.AccessibilityModule-FeaturesChecked.txt
[357/404    0s] ExtractUsedFeatures Library/Bee/artifacts/MacStandalonePlayerBuildProgram/Features/UnityEngine.TextRenderingModule-FeaturesChecked.txt
[358/404    1s] ExtractUsedFeatures Library/Bee/artifacts/MacStandalonePlayerBuildProgram/Features/UnityEngine.CoreModule-FeaturesChecked.txt
[359/404    0s] ExtractUsedFeatures Library/Bee/artifacts/MacStandalonePlayerBuildProgram/Features/CozyCafe.Unity-FeaturesChecked.txt
[360/404    0s] ExtractUsedFeatures Library/Bee/artifacts/MacStandalonePlayerBuildProgram/Features/Unity.TextMeshPro-FeaturesChecked.txt
[361/404    0s] ExtractUsedFeatures Library/Bee/artifacts/MacStandalonePlayerBuildProgram/Features/System.Transactions-FeaturesChecked.txt
[362/404    0s] ExtractUsedFeatures Library/Bee/artifacts/MacStandalonePlayerBuildProgram/Features/System.Runtime.CompilerServices.Unsafe-FeaturesChecked.txt
[363/404    0s] ExtractUsedFeatures Library/Bee/artifacts/MacStandalonePlayerBuildProgram/Features/System.ServiceModel.Internals-FeaturesChecked.txt
[364/404    0s] ExtractUsedFeatures Library/Bee/artifacts/MacStandalonePlayerBuildProgram/Features/System.Security-FeaturesChecked.txt
[365/404    0s] ExtractUsedFeatures Library/Bee/artifacts/MacStandalonePlayerBuildProgram/Features/System.Memory-FeaturesChecked.txt
[366/404    0s] ExtractUsedFeatures Library/Bee/artifacts/MacStandalonePlayerBuildProgram/Features/System.Numerics-FeaturesChecked.txt
[367/404    0s] ExtractUsedFeatures Library/Bee/artifacts/MacStandalonePlayerBuildProgram/Features/System.Runtime.Serialization-FeaturesChecked.txt
[368/404    0s] ExtractUsedFeatures Library/Bee/artifacts/MacStandalonePlayerBuildProgram/Features/System.Reflection.Metadata-FeaturesChecked.txt
[369/404    0s] ExtractUsedFeatures Library/Bee/artifacts/MacStandalonePlayerBuildProgram/Features/System.IO.Compression.FileSystem-FeaturesChecked.txt
[370/404    0s] ExtractUsedFeatures Library/Bee/artifacts/MacStandalonePlayerBuildProgram/Features/System.Net.Http-FeaturesChecked.txt
[371/404    0s] ExtractUsedFeatures Library/Bee/artifacts/MacStandalonePlayerBuildProgram/Features/System.IO.Compression-FeaturesChecked.txt
[372/404    0s] ExtractUsedFeatures Library/Bee/artifacts/MacStandalonePlayerBuildProgram/Features/System.EnterpriseServices-FeaturesChecked.txt
[373/404    0s] ExtractUsedFeatures Library/Bee/artifacts/MacStandalonePlayerBuildProgram/Features/System.Data.DataSetExtensions-FeaturesChecked.txt
[374/404    0s] ExtractUsedFeatures Library/Bee/artifacts/MacStandalonePlayerBuildProgram/Features/System.Drawing-FeaturesChecked.txt
[375/404    0s] ExtractUsedFeatures Library/Bee/artifacts/MacStandalonePlayerBuildProgram/Features/System.Xml.Linq-FeaturesChecked.txt
[376/404    0s] ExtractUsedFeatures Library/Bee/artifacts/MacStandalonePlayerBuildProgram/Features/System.ComponentModel.Composition-FeaturesChecked.txt
[377/404    0s] ExtractUsedFeatures Library/Bee/artifacts/MacStandalonePlayerBuildProgram/Features/netstandard-FeaturesChecked.txt
[378/404    0s] ExtractUsedFeatures Library/Bee/artifacts/MacStandalonePlayerBuildProgram/Features/System.Buffers-FeaturesChecked.txt
[379/404    0s] ExtractUsedFeatures Library/Bee/artifacts/MacStandalonePlayerBuildProgram/Features/System.Collections.Immutable-FeaturesChecked.txt
[380/404    1s] ExtractUsedFeatures Library/Bee/artifacts/MacStandalonePlayerBuildProgram/Features/System.Xml-FeaturesChecked.txt
[381/404    0s] ExtractUsedFeatures Library/Bee/artifacts/MacStandalonePlayerBuildProgram/Features/System.Core-FeaturesChecked.txt
[382/404    0s] ExtractUsedFeatures Library/Bee/artifacts/MacStandalonePlayerBuildProgram/Features/UnityEngine.TilemapModule-FeaturesChecked.txt
[383/404    0s] ExtractUsedFeatures Library/Bee/artifacts/MacStandalonePlayerBuildProgram/Features/UnityEngine.ScreenCaptureModule-FeaturesChecked.txt
[384/404    1s] ExtractUsedFeatures Library/Bee/artifacts/MacStandalonePlayerBuildProgram/Features/System.Data-FeaturesChecked.txt
[385/404    0s] ExtractUsedFeatures Library/Bee/artifacts/MacStandalonePlayerBuildProgram/Features/UnityEngine.UmbraModule-FeaturesChecked.txt
[386/404    0s] ExtractUsedFeatures Library/Bee/artifacts/MacStandalonePlayerBuildProgram/Features/UnityEngine.UIModule-FeaturesChecked.txt
[387/404    0s] ExtractUsedFeatures Library/Bee/artifacts/MacStandalonePlayerBuildProgram/Features/UnityEngine.UnityAnalyticsModule-FeaturesChecked.txt
[388/404    0s] ExtractUsedFeatures Library/Bee/artifacts/MacStandalonePlayerBuildProgram/Features/Mono.Security-FeaturesChecked.txt
[389/404    0s] ExtractUsedFeatures Library/Bee/artifacts/MacStandalonePlayerBuildProgram/Features/UnityEngine.UnityConsentModule-FeaturesChecked.txt
[390/404    1s] ExtractUsedFeatures Library/Bee/artifacts/MacStandalonePlayerBuildProgram/Features/System-FeaturesChecked.txt
[391/404    0s] ExtractUsedFeatures Library/Bee/artifacts/MacStandalonePlayerBuildProgram/Features/UnityEngine.UnityConnectModule-FeaturesChecked.txt
[392/404    0s] ExtractUsedFeatures Library/Bee/artifacts/MacStandalonePlayerBuildProgram/Features/UnityEngine.UnityAnalyticsCommonModule-FeaturesChecked.txt
[393/404    0s] ExtractUsedFeatures Library/Bee/artifacts/MacStandalonePlayerBuildProgram/Features/UnityEngine.UI-FeaturesChecked.txt
[394/404    0s] ExtractUsedFeatures Library/Bee/artifacts/MacStandalonePlayerBuildProgram/Features/UnityEngine.UnityCurlModule-FeaturesChecked.txt
[395/404    0s] ExtractUsedFeatures Library/Bee/artifacts/MacStandalonePlayerBuildProgram/Features/UnityEngine.TLSModule-FeaturesChecked.txt
[396/404    0s] ExtractUsedFeatures Library/Bee/artifacts/MacStandalonePlayerBuildProgram/Features/UnityEngine.TimelineFoundationModule-FeaturesChecked.txt
[397/404    0s] ExtractUsedFeatures Library/Bee/artifacts/MacStandalonePlayerBuildProgram/Features/UnityEngine.UnityWebRequestAudioModule-FeaturesChecked.txt
[398/404    0s] ExtractUsedFeatures Library/Bee/artifacts/MacStandalonePlayerBuildProgram/Features/UnityEngine.UnityWebRequestAssetBundleModule-FeaturesChecked.txt
[399/404    0s] ExtractUsedFeatures Library/Bee/artifacts/MacStandalonePlayerBuildProgram/Features/UnityEngine.U2DRuntimeModule-FeaturesChecked.txt
[400/404    1s] ExtractUsedFeatures Library/Bee/artifacts/MacStandalonePlayerBuildProgram/Features/mscorlib-FeaturesChecked.txt
[401/404    0s] ExtractUsedFeatures Library/Bee/artifacts/MacStandalonePlayerBuildProgram/Features/UnityEngine.UIElementsModule-FeaturesChecked.txt
*** Tundra requires additional run (19.04 seconds), 353 items updated, 404 evaluated
*** Additional run caused by: timestamp change of Library/Bee/artifacts/MacStandalonePlayerBuildProgram/AsyncPluginsFromLinker
Starting: C:\Users\dlgkr\UnityLocal\6000.6.3f1\Editor\Data\DotNetSdk\dotnet.exe "C:\Users\dlgkr\UnityLocal\6000.6.3f1\Editor\Data\PlaybackEngines\MacStandaloneSupport\MacStandalonePlayerBuildProgram.exe" "C:/Users/dlgkr/UnityLocal/6000.6.3f1/Editor/Data/PlaybackEngines/MacStandaloneSupport/Bee;C:/Users/dlgkr/UnityLocal/6000.6.3f1/Editor/Data/Tools/BuildPipeline" "Library/Bee/Playerc08f859c.dag.json" "Library/Bee/Playerc08f859c-inputdata.json" "Library\Bee\buildprogram2.traceevents"
WorkingDir: C:/Users/dlgkr/msys64/tmp/gauntlet-unity-proj-l3b_4qrn/game
ExitCode: 4 Duration: 19s
ExitCode: 0 Duration: 0s358ms
Starting: C:\Users\dlgkr\UnityLocal\6000.6.3f1\Editor\Data\Tools\BuildPipeline\bee_backend.exe --ipc --dagfile="Library/Bee/Playerc08f859c.dag" --dagfilejson="Library\Bee\Playerc08f859c.dag.json" --profile="Library/Bee/backend4.traceevents" Player
WorkingDir: C:/Users/dlgkr/msys64/tmp/gauntlet-unity-proj-l3b_4qrn/game
Finished compiling graph: 403 nodes, 1193 flattened edges (1193 ToBuild, 0 ToUse), maximum node priority 244
[           0s] Delete 1 artifact files that are no longer in use. (like Library\Bee\artifacts\csharpactions\lib_burst_generated.dylib_v57m.info)
[164/401    0s] WriteFile Library/Bee/artifacts/csharpactions/game_gijx.info
[400/401    1s] MacOSCodeSignBundleInPlace C:/Users/dlgkr/cozy_cafe/run_devin_v2/work/integration/out/playable/macos/CozyCafe.app/Contents/MacOS/game (+1 other)
*** Tundra build success (1.64 seconds), 2 items updated, 401 evaluated
ExitCode: 0 Duration: 1s664ms

-------------------------------------------------------------------------------
Build Report
Uncompressed usage by category (Percentages based on user generated assets only):
Textures               3.2 mb	 98.9% 
Meshes                 0.0 kb	 0.0% 
Animations             0.0 kb	 0.0% 
Sounds                 0.0 kb	 0.0% 
Shaders                7.9 kb	 0.2% 
Other Assets           1.9 kb	 0.1% 
Levels                 1.1 kb	 0.0% 
File headers           6.6 kb	 0.2% 
Total User Assets      3.2 mb	 100.0% 
Complete build size    67.6 mb
Used Assets and files from the Resources folder, sorted by uncompressed size:
 2.7 mb	 3.9% Built-in Texture2D: Splash Screen Unity Logo
 520.7 kb	 0.8% Resources/unity_builtin_extra
 0.6 kb	 0.0% Assets/__playable.unity
 0.4 kb	 0.0% Built-in Sprite: 
 0.1 kb	 0.0% Packages/com.unity.ugui/Runtime/UGUI/EventSystem/UIElements/UIToolkitInteroperabilityBridge.cs
 0.1 kb	 0.0% Packages/com.unity.ugui/Runtime/TMP/TMP_SpriteAssetImportFormats.cs
 0.1 kb	 0.0% Packages/com.unity.ugui/Runtime/UGUI/UI/Core/Layout/HorizontalOrVerticalLayoutGroup.cs
 0.1 kb	 0.0% Packages/com.unity.ugui/Runtime/TMP/TMP_DynamicFontAssetUtilities.cs
 0.1 kb	 0.0% Packages/com.unity.ugui/Runtime/UGUI/EventSystem/UIElements/WorldDocumentRaycaster.cs
 0.1 kb	 0.0% Packages/com.unity.ugui/Runtime/UGUI/EventSystem/InputModules/StandaloneInputModule.cs
 0.1 kb	 0.0% Packages/com.unity.ugui/Runtime/TMP/TMP_ScrollbarEventHandler.cs
 0.1 kb	 0.0% Packages/com.unity.ugui/Runtime/TMP/TMP_PackageResourceImporter.cs
 0.1 kb	 0.0% Packages/com.unity.ugui/Runtime/InternalBridge/ObjectUtilsBridge.cs
 0.1 kb	 0.0% Assets/CozyCafe/Core/Integration/IntegrationModule.cs
 0.1 kb	 0.0% Packages/com.unity.ugui/Runtime/UGUI/UI/Core/Utility/ReflectionMethodsCache.cs
 0.1 kb	 0.0% Packages/com.unity.ugui/Runtime/UGUI/UI/Core/MultipleDisplayUtilities.cs
 0.1 kb	 0.0% Packages/com.unity.ugui/Runtime/UGUI/UI/Core/Layout/HorizontalLayoutGroup.cs
 0.1 kb	 0.0% Packages/com.unity.ugui/Runtime/UGUI/UI/Core/IGraphicEnabledDisabled.cs
 0.1 kb	 0.0% Packages/com.unity.ugui/Runtime/UGUI/UI/Core/GraphicRebuildTracker.cs
 0.1 kb	 0.0% Packages/com.unity.ugui/Runtime/UGUI/UI/Core/Culling/RectangularVertexClipper.cs
 0.1 kb	 0.0% Packages/com.unity.ugui/Runtime/UGUI/EventSystem/UIElements/PanelEventHandler.cs
 0.1 kb	 0.0% Packages/com.unity.ugui/Runtime/UGUI/EventSystem/Raycasters/Physics2DRaycaster.cs
 0.1 kb	 0.0% Packages/com.unity.ugui/Runtime/UGUI/EventSystem/InputModules/PointerInputModule.cs
 0.1 kb	 0.0% Assets/CozyCafe/Unity/NativeOverlayScenario.cs
 0.1 kb	 0.0% Packages/com.unity.ugui/Runtime/UGUI/UI/Animation/CoroutineTween.cs
 0.1 kb	 0.0% Packages/com.unity.ugui/Runtime/UGUI/EventSystem/EventInterfaces.cs
 0.1 kb	 0.0% Packages/com.unity.ugui/Runtime/TMP/TMPro_ExtensionMethods.cs
 0.1 kb	 0.0% Packages/com.unity.ugui/Runtime/TMP/TMP_TextParsingUtilities.cs
 0.1 kb	 0.0% Packages/com.unity.ugui/Runtime/TMP/TMP_TextElement_Legacy.cs
 0.1 kb	 0.0% Packages/com.unity.ugui/Runtime/TMP/TMP_FontAssetUtilities.cs
 0.1 kb	 0.0% Packages/com.unity.ugui/Runtime/TMP/MaterialReferenceManager.cs
 0.1 kb	 0.0% Packages/com.unity.ugui/Runtime/TMP/FontFeatureCommonGSUB.cs
 0.1 kb	 0.0% Packages/com.unity.ugui/Runtime/UGUI/UI/Core/SetPropertyUtility.cs
 0.1 kb	 0.0% Packages/com.unity.ugui/Runtime/UGUI/UI/Core/MaterialModifiers/IMaterialModifier.cs
 0.1 kb	 0.0% Packages/com.unity.ugui/Runtime/UGUI/UI/Core/Layout/VerticalLayoutGroup.cs
 0.1 kb	 0.0% Packages/com.unity.ugui/Runtime/UGUI/UI/Core/Layout/ContentSizeFitter.cs
 0.1 kb	 0.0% Packages/com.unity.ugui/Runtime/UGUI/UI/Core/Layout/AspectRatioFitter.cs
 0.1 kb	 0.0% Packages/com.unity.ugui/Runtime/UGUI/UI/Core/FontUpdateTracker.cs
 0.1 kb	 0.0% Packages/com.unity.ugui/Runtime/UGUI/UI/Core/CanvasUpdateRegistry.cs
 0.1 kb	 0.0% Packages/com.unity.ugui/Runtime/UGUI/UI/Core/AnimationTriggers.cs
 0.1 kb	 0.0% Packages/com.unity.ugui/Runtime/UGUI/EventSystem/UIElements/PanelRaycaster.cs
 0.1 kb	 0.0% Packages/com.unity.ugui/Runtime/UGUI/EventSystem/Raycasters/PhysicsRaycaster.cs
 0.1 kb	 0.0% Packages/com.unity.ugui/Runtime/UGUI/EventSystem/Raycasters/BaseRaycaster.cs
 0.1 kb	 0.0% Packages/com.unity.ugui/Runtime/UGUI/EventSystem/RaycasterManager.cs
 0.1 kb	 0.0% Packages/com.unity.ugui/Runtime/UGUI/EventSystem/RaycastResult.cs
 0.1 kb	 0.0% Packages/com.unity.ugui/Runtime/UGUI/EventSystem/InputModules/TouchInputModule.cs
 0.1 kb	 0.0% Packages/com.unity.ugui/Runtime/UGUI/EventSystem/InputModules/BaseInputModule.cs
 0.1 kb	 0.0% Packages/com.unity.ugui/Runtime/UGUI/EventSystem/ExecuteEvents.cs
 0.1 kb	 0.0% Packages/com.unity.ugui/Runtime/UGUI/EventSystem/EventData/PointerEventData.cs
 0.1 kb	 0.0% Packages/com.unity.ugui/Runtime/UGUI/EventSystem/EventData/BaseEventData.cs
 0.1 kb	 0.0% Packages/com.unity.ugui/Runtime/UGUI/EventSystem/EventData/AxisEventData.cs
 0.1 kb	 0.0% Packages/com.unity.ugui/Runtime/TMP/TMP_TextProcessingStack.cs
 0.1 kb	 0.0% Packages/com.unity.ugui/Runtime/TMP/TMP_FontFeaturesCommon.cs
 0.1 kb	 0.0% Assets/CozyCafe/Unity/CozyCafeBootstrap.cs
 0.1 kb	 0.0% Assets/CozyCafe/Core/Research/ResearchModule.cs
 0.1 kb	 0.0% Assets/CozyCafe/Core/Native/NativeRelease.cs
 0.1 kb	 0.0% Assets/CozyCafe/Core/Economy/EconomyModule.cs
 0.1 kb	 0.0% Assets/CozyCafe/Core/Character/CharacterModule.cs
 0.1 kb	 0.0% Packages/com.unity.ugui/Runtime/TMP/TMPro_EventManager.cs
 0.1 kb	 0.0% Packages/com.unity.ugui/Runtime/TMP/TMP_UpdateRegistery.cs
 0.1 kb	 0.0% Packages/com.unity.ugui/Runtime/TMP/TMP_UpdateManager.cs
 0.1 kb	 0.0% Packages/com.unity.ugui/Runtime/TMP/TMP_TextUtilities.cs
 0.1 kb	 0.0% Packages/com.unity.ugui/Runtime/TMP/TMP_TextProcessingCommon.cs
 0.1 kb	 0.0% Packages/com.unity.ugui/Runtime/TMP/TMP_SpriteCharacter.cs
 0.1 kb	 0.0% Packages/com.unity.ugui/Runtime/TMP/TMP_SpriteAnimator.cs
 0.1 kb	 0.0% Packages/com.unity.ugui/Runtime/TMP/TMP_SelectionCaret.cs
 0.1 kb	 0.0% Packages/com.unity.ugui/Runtime/TMP/TMP_ResourcesManager.cs
 0.1 kb	 0.0% Packages/com.unity.ugui/Runtime/TMP/TMP_MaterialManager.cs
 0.1 kb	 0.0% Packages/com.unity.ugui/Runtime/TMP/TMP_InputValidator.cs
 0.1 kb	 0.0% Packages/com.unity.ugui/Runtime/TMP/TMP_FontFeatureTable.cs
 0.1 kb	 0.0% Packages/com.unity.ugui/Runtime/TMP/TMP_DefaultControls.cs
 0.1 kb	 0.0% Packages/com.unity.ugui/Runtime/TMP/TMP_Compatibility.cs
 0.1 kb	 0.0% Packages/com.unity.ugui/Runtime/TMP/TMP_ColorGradient.cs
 0.1 kb	 0.0% Packages/com.unity.ugui/Runtime/TMP/TMP_CharacterInfo.cs
 0.1 kb	 0.0% Packages/com.unity.ugui/Runtime/TMP/ITextPreProcessor.cs
 0.1 kb	 0.0% Packages/com.unity.ugui/Runtime/TMP/FontFeatureCommonGPOS.cs
 0.1 kb	 0.0% Packages/com.unity.ugui/Runtime/InternalBridge/TMPHelpURL.cs
 0.1 kb	 0.0% Assets/CozyCafe/Core/Render/SoftwareCanvas.cs
 0.1 kb	 0.0% Assets/CozyCafe/Core/Render/SceneRenderer.cs
 0.1 kb	 0.0% Assets/CozyCafe/Core/Layout/RenderContract.cs
 0.1 kb	 0.0% Packages/com.unity.ugui/Runtime/UGUI/UI/Core/VertexModifiers/PositionAsUV1.cs
 0.1 kb	 0.0% Packages/com.unity.ugui/Runtime/UGUI/UI/Core/VertexModifiers/IMeshModifier.cs
 0.1 kb	 0.0% Packages/com.unity.ugui/Runtime/UGUI/UI/Core/VertexModifiers/BaseMeshEffect.cs
 0.1 kb	 0.0% Packages/com.unity.ugui/Runtime/UGUI/UI/Core/StencilMaterial.cs
 0.1 kb	 0.0% Packages/com.unity.ugui/Runtime/UGUI/UI/Core/RaycastReceiver.cs
 0.1 kb	 0.0% Packages/com.unity.ugui/Runtime/UGUI/UI/Core/MaskableGraphic.cs
 0.1 kb	 0.0% Packages/com.unity.ugui/Runtime/UGUI/UI/Core/MaskUtilities.cs
 0.1 kb	 0.0% Packages/com.unity.ugui/Runtime/UGUI/UI/Core/Layout/LayoutUtility.cs
 0.1 kb	 0.0% Packages/com.unity.ugui/Runtime/UGUI/UI/Core/Layout/LayoutRebuilder.cs
 0.1 kb	 0.0% Packages/com.unity.ugui/Runtime/UGUI/UI/Core/Layout/LayoutElement.cs
 0.1 kb	 0.0% Packages/com.unity.ugui/Runtime/UGUI/UI/Core/Layout/ILayoutElement.cs
 0.1 kb	 0.0% Packages/com.unity.ugui/Runtime/UGUI/UI/Core/Layout/GridLayoutGroup.cs
 0.1 kb	 0.0% Packages/com.unity.ugui/Runtime/UGUI/UI/Core/GraphicRegistry.cs
 0.1 kb	 0.0% Packages/com.unity.ugui/Runtime/UGUI/UI/Core/GraphicRaycaster.cs
 0.1 kb	 0.0% Packages/com.unity.ugui/Runtime/UGUI/UI/Core/DefaultControls.cs
 0.1 kb	 0.0% Packages/com.unity.ugui/Runtime/UGUI/UI/Core/Culling/ClipperRegistry.cs
 0.1 kb	 0.0% Packages/com.unity.ugui/Runtime/UGUI/EventSystem/UIBehaviour.cs
 0.1 kb	 0.0% Packages/com.unity.ugui/Runtime/UGUI/EventSystem/InputModules/BaseInput.cs
 0.1 kb	 0.0% Packages/com.unity.ugui/Runtime/UGUI/EventSystem/EventTrigger.cs
 0.1 kb	 0.0% Packages/com.unity.ugui/Runtime/UGUI/EventSystem/EventSystem.cs
 0.1 kb	 0.0% Packages/com.unity.ugui/Runtime/TMP/TMPro_MeshUtilities.cs
 0.1 kb	 0.0% Packages/com.unity.ugui/Runtime/TMP/TMP_ShaderUtilities.cs
 0.1 kb	 0.0% Packages/com.unity.ugui/Runtime/TMP/TMP_RichTextTagsCommon.cs
 0.1 kb	 0.0% Packages/com.unity.ugui/Runtime/TMP/TMP_FontAssetCommon.cs
 0.1 kb	 0.0% Assets/CozyCafe/Unity/StageViewBuilder.cs
 0.1 kb	 0.0% Assets/CozyCafe/Unity/CozyCafePlayable.cs
 0.1 kb	 0.0% Assets/CozyCafe/Core/Gauntlet/StageScenes.cs
 0.1 kb	 0.0% Assets/CozyCafe/Core/Gauntlet/StageCases.cs
 0.1 kb	 0.0% Assets/CozyCafe/Core/GameBootstrap.cs
 0.1 kb	 0.0% Packages/com.unity.ugui/Runtime/TMP/TextMeshProUGUI.cs
 0.1 kb	 0.0% Packages/com.unity.ugui/Runtime/TMP/TextContainer.cs
 0.1 kb	 0.0% Packages/com.unity.ugui/Runtime/TMP/TMP_TextElement.cs
 0.1 kb	 0.0% Packages/com.unity.ugui/Runtime/TMP/TMP_SubMeshUI.cs
 0.1 kb	 0.0% Packages/com.unity.ugui/Runtime/TMP/TMP_StyleSheet.cs
 0.1 kb	 0.0% Packages/com.unity.ugui/Runtime/TMP/TMP_SpriteGlyph.cs
 0.1 kb	 0.0% Packages/com.unity.ugui/Runtime/TMP/TMP_SpriteAsset.cs
 0.1 kb	 0.0% Packages/com.unity.ugui/Runtime/TMP/TMP_InputField.cs
 0.1 kb	 0.0% Packages/com.unity.ugui/Runtime/TMP/TMP_FontAsset.cs
 0.1 kb	 0.0% Packages/com.unity.ugui/Runtime/TMP/TMP_CoroutineTween.cs
 0.1 kb	 0.0% Packages/com.unity.ugui/Runtime/TMP/TMP_Character.cs
 0.1 kb	 0.0% Assets/CozyCafe/Core/Ugc/UgcModule.cs
 0.1 kb	 0.0% Assets/CozyCafe/Core/Tools/ToolsModule.cs
 0.1 kb	 0.0% Assets/CozyCafe/Core/Staff/StaffModule.cs
 0.1 kb	 0.0% Assets/CozyCafe/Core/Scene/GameScene.cs
 0.1 kb	 0.0% Assets/CozyCafe/Core/Render/PngWriter.cs
 0.1 kb	 0.0% Assets/CozyCafe/Core/Render/PngReader.cs
 0.1 kb	 0.0% Assets/CozyCafe/Core/Layout/LayoutModule.cs
 0.1 kb	 0.0% Assets/CozyCafe/Core/Iso/IsoContract.cs
 0.1 kb	 0.0% Assets/CozyCafe/Core/Art/ArtAssets.cs
 0.1 kb	 0.0% Packages/com.unity.ugui/Runtime/UGUI/UI/Core/Utility/VertexHelper.cs
 0.1 kb	 0.0% Packages/com.unity.ugui/Runtime/UGUI/UI/Core/ToggleGroup.cs
 0.1 kb	 0.0% Packages/com.unity.ugui/Runtime/UGUI/UI/Core/SpriteState.cs
 0.1 kb	 0.0% Packages/com.unity.ugui/Runtime/UGUI/UI/Core/Selectable.cs
 0.1 kb	 0.0% Packages/com.unity.ugui/Runtime/UGUI/UI/Core/Scrollbar.cs
 0.1 kb	 0.0% Packages/com.unity.ugui/Runtime/UGUI/UI/Core/ScrollRect.cs
 0.1 kb	 0.0% Packages/com.unity.ugui/Runtime/UGUI/UI/Core/RectMask2D.cs
 0.1 kb	 0.0% Packages/com.unity.ugui/Runtime/UGUI/UI/Core/Navigation.cs
 0.1 kb	 0.0% Packages/com.unity.ugui/Runtime/UGUI/UI/Core/Layout/LayoutGroup.cs
 0.1 kb	 0.0% Packages/com.unity.ugui/Runtime/UGUI/UI/Core/Layout/CanvasScaler.cs
 0.1 kb	 0.0% Packages/com.unity.ugui/Runtime/UGUI/UI/Core/InputField.cs
 0.1 kb	 0.0% Packages/com.unity.ugui/Runtime/UGUI/UI/Core/IMaskable.cs
 0.1 kb	 0.0% Packages/com.unity.ugui/Runtime/UGUI/UI/Core/ColorBlock.cs
 0.1 kb	 0.0% Assets/CozyCafe/Core/Modules/Modules.cs
 0.1 kb	 0.0% Assets/CozyCafe/Core/Economy/MvpData.cs
 0.1 kb	 0.0% Packages/com.unity.ugui/Runtime/UGUI/UI/Core/Culling/IClipRegion.cs
 0.1 kb	 0.0% Packages/com.unity.ugui/Runtime/TMP/TextMeshPro.cs
 0.1 kb	 0.0% Packages/com.unity.ugui/Runtime/TMP/TMP_TextInfo.cs
 0.1 kb	 0.0% Packages/com.unity.ugui/Runtime/TMP/TMP_SubMesh.cs
 0.1 kb	 0.0% Packages/com.unity.ugui/Runtime/TMP/TMP_Style.cs
 0.1 kb	 0.0% Packages/com.unity.ugui/Runtime/TMP/TMP_Sprite.cs
 0.1 kb	 0.0% Packages/com.unity.ugui/Runtime/TMP/TMP_Settings.cs
 0.1 kb	 0.0% Packages/com.unity.ugui/Runtime/TMP/TMP_MeshInfo.cs
 0.1 kb	 0.0% Packages/com.unity.ugui/Runtime/TMP/TMP_LineInfo.cs
 0.1 kb	 0.0% Packages/com.unity.ugui/Runtime/TMP/TMP_Dropdown.cs
 0.1 kb	 0.0% Packages/com.unity.ugui/Runtime/TMP/TMP_Asset.cs
 0.1 kb	 0.0% Packages/com.unity.ugui/Runtime/TMP/FastAction.cs
 0.1 kb	 0.0% Assets/CozyCafe/Core/Save/SaveModule.cs
 0.1 kb	 0.0% Assets/CozyCafe/Core/Render/TileArt.cs
 0.1 kb	 0.0% Assets/CozyCafe/Core/Iso/IsoMath.cs
 0.1 kb	 0.0% Packages/com.unity.ugui/Runtime/UGUI/UI/Core/VertexModifiers/Shadow.cs
 0.1 kb	 0.0% Packages/com.unity.ugui/Runtime/UGUI/UI/Core/VertexModifiers/Outline.cs
 0.1 kb	 0.0% Packages/com.unity.ugui/Runtime/UGUI/UI/Core/Toggle.cs
 0.1 kb	 0.0% Packages/com.unity.ugui/Runtime/UGUI/UI/Core/Slider.cs
 0.1 kb	 0.0% Packages/com.unity.ugui/Runtime/UGUI/UI/Core/SafeArea.cs
 0.1 kb	 0.0% Packages/com.unity.ugui/Runtime/UGUI/UI/Core/RawImage.cs
 0.1 kb	 0.0% Packages/com.unity.ugui/Runtime/UGUI/UI/Core/Image.cs
 0.1 kb	 0.0% Packages/com.unity.ugui/Runtime/UGUI/UI/Core/Graphic.cs
 0.1 kb	 0.0% Packages/com.unity.ugui/Runtime/UGUI/UI/Core/FontData.cs
 0.1 kb	 0.0% Packages/com.unity.ugui/Runtime/UGUI/UI/Core/Dropdown.cs
 0.1 kb	 0.0% Packages/com.unity.ugui/Runtime/UGUI/UI/Core/Culling/Clipping.cs
 0.1 kb	 0.0% Packages/com.unity.ugui/Runtime/UGUI/UI/Core/Button.cs
 0.1 kb	 0.0% Assets/CozyCafe/Unity/MjpegMp4.cs
 0.1 kb	 0.0% Assets/CozyCafe/Core/Ui/UiModule.cs
 0.1 kb	 0.0% Assets/CozyCafe/Core/MiniJson.cs
 0.1 kb	 0.0% Packages/com.unity.ugui/Runtime/TMP/TMP_Text.cs
 0.1 kb	 0.0% Packages/com.unity.ugui/Runtime/UGUI/UI/Core/Text.cs
 0.1 kb	 0.0% Packages/com.unity.ugui/Runtime/UGUI/UI/Core/Misc.cs
 0.1 kb	 0.0% Packages/com.unity.ugui/Runtime/UGUI/UI/Core/Mask.cs
-------------------------------------------------------------------------------
Unloading 4 Unused Serialized files (Serialized files now loaded: 0)
Unloading 6 unused Assets / (2.3 KB). Loaded Objects now: 1226.
Memory consumption went from 246.5 MB to 246.4 MB.
Total: 5.400800 ms (FindLiveObjects: 0.236400 ms CreateObjectMapping: 0.014200 ms MarkObjects: 4.882600 ms  DeleteObjects: 0.119900 ms)

DisplayProgressNotification: Build Successful
Build Finished, Result: Success.
Unloading 0 Unused Serialized files (Serialized files now loaded: 0)
Loaded scene 'Temp/__Backupscenes/0.backup'
	Deserialize:            1.691 ms
	Integration:            4.254 ms
	Integration of assets:  0.001 ms
	Thread Wait Time:       0.040 ms
	Total Operation Time:   5.986 ms
Unloading 0 unused Assets / (0 B). Loaded Objects now: 1221.
Memory consumption went from 243.8 MB to 243.8 MB.
Total: 4.614400 ms (FindLiveObjects: 0.161400 ms CreateObjectMapping: 0.010100 ms MarkObjects: 4.267800 ms  DeleteObjects: 0.010100 ms)

[Licensing::Client] Successfully resolved entitlement details
##utp:{"success":true,"type":"PlayerBuildInfo","version":2,"phase":"Immediate","time":1790739646483,"processId":31612,"steps":[{"description":"Call PrepareForBuild callbacks","duration":0},{"description":"Call internal build started callbacks","duration":1},{"description":"Preprocess Player","duration":17},{"description":"Save scenes before build","duration":0},{"description":"Prepare For Build","duration":8},{"description":"ProducePlayerScriptAssemblies","duration":9922},{"description":"Verify Build setup","duration":1760},{"description":"Prepare assets for target platform","duration":567},{"description":"Prepare splash screen","duration":51},{"description":"Build scripts DLLs","duration":54},{"description":"Building scenes","duration":62},{"description":"Build GlobalGameManagers file","duration":251},{"description":"Writing asset files","duration":248},{"description":"Building Resources/unity_builtin_extra","duration":4046},{"description":"Write data build dirty tracking information","duration":37},{"description":"Postprocess built player","duration":63030},{"description":"Call Post-Process callbacks","duration":27}],"duration":80081}
Total cache size 267828512
Total cache size after purge 267828512, took 00:00:00.2014358
NativePlayerBuild result=Succeeded target=StandaloneOSX out=C:\Users\dlgkr\cozy_cafe\run_devin_v2\work\integration\out\playable\macos\CozyCafe.app exists=True
UnityEngine.Debug:ExtractStackTraceNoAlloc (byte*,int,string)
UnityEngine.StackTraceUtility:ExtractStackTrace ()
UnityEngine.DebugLogHandler:Internal_Log (UnityEngine.LogType,UnityEngine.LogOption,string,UnityEngine.Object)
UnityEngine.DebugLogHandler:LogFormat (UnityEngine.LogType,UnityEngine.Object,string,object[])
UnityEngine.Logger:Log (UnityEngine.LogType,object)
UnityEngine.Debug:Log (object)
CozyCafe.Editor.NativePlayerBuild:BuildPlayer (string,UnityEditor.BuildTarget,bool) (at Assets/CozyCafe/Editor/NativePlayerBuild.cs:90)
CozyCafe.Editor.NativePlayerBuild:BuildMacOSGame () (at Assets/CozyCafe/Editor/NativePlayerBuild.cs:41)

(Filename: Assets/CozyCafe/Editor/NativePlayerBuild.cs Line: 90)

Asset Pipeline Refresh (id=ff4cfe53136cf6a4890cca04eba9ace1): Total: 0.035 seconds - Initiated by StopAssetImportingV2(NoUpdateAssetOptions)
MonoPathRemapper: Attempts to remap: 31855; Successful remaps: 284
Serialized file version minimum: 23, current 23
[Physics::Module] Cleanup current backend.
[Physics::Module] Id: 0xf2b8ea05
Input System module state changed to: ShutdownInProgress.
Input Polling Thread exited.
Input System module state changed to: Shutdown.
[Licensing::IpcConnector] LicenseClient-dlgkr-notifications channel disconnected successfully.
[Licensing::IpcConnector] LicenseClient-dlgkr channel disconnected successfully.
Lingering sessions upon destruction of worker manager
Unity Data Store service was successfully shut down
UDS shutting down local client system
Shut down UDS service system complete
AcceleratorClientConnectionCallback - disconnected - :0
Cleanup mono
CodeReloadManager destroyed
abort_threads: Failed aborting id: 0000000000006AA0, mono_thread_manage will ignore it

abort_threads: Failed aborting id: 00000000000004DC, mono_thread_manage will ignore it

abort_threads: Failed aborting id: 0000000000006AA0, mono_thread_manage will ignore it

abort_threads: Failed aborting id: 00000000000004DC, mono_thread_manage will ignore it

debugger-agent: Unable to listen on 3380
VBCSCompilerPreWarmer: requested VBCSCompiler shutdown
Checking for leaked weakptr:
  Found no leaked weakptrs.
[Package Manager] Server process was shutdown
##utp:{"type":"MemoryLeaks","version":2,"phase":"Immediate","time":1790739649534,"processId":31612,"allocatedMemory":12641713,"memoryLabels":[{"Default":182448},{"Permanent":15516},{"NewDelete":70415},{"Thread":4197640},{"Manager":32669},{"VertexData":8},{"Geometry":816},{"Texture":24},{"Shader":1052532},{"Material":68},{"GfxDevice":55968},{"Animation":952},{"Audio":696},{"FreeType":8},{"FontEngine":736},{"Physics":1970},{"Physics2D":16},{"Serialization":17832},{"Input":42840},{"JobScheduler":256},{"TextLib":280},{"Mono":48},{"ScriptingNativeRuntime":1171788},{"BaseObject":49248},{"Resource":1252},{"Renderer":2376},{"Transform":4685},{"File":7389},{"WebCam":616},{"Culling":32},{"Terrain":11442},{"Wind":24},{"STL":40},{"String":1904446},{"StaticString":3808},{"Utility":2674262},{"Curl":2498},{"PoolAlloc":2168},{"AI":80},{"TypeTree":19589},{"ScriptManager":12656},{"CodeReload":448},{"RuntimeInitializeOnLoadManager":64},{"Sprites":102},{"SpriteAtlas":120},{"GI":7816},{"Director":8296},{"CloudService":7296},{"WebRequest":15884},{"VR":49650},{"SceneManager":608},{"Video":64},{"LazyScriptCache":32},{"Camera":729},{"Secure":2377},{"Image":65536},{"SerializationCache":9256},{"APIUpdating":10320},{"Subsystems":336},{"VirtualTexturing":57888},{"StaticSafetyDebugInfo":278528},{"Analytics":768},{"Hierarchy":1188},{"UIElements":40},{"CoreStats":14456},{"Identifiers":7152},{"Gui":128},{"EditorUtility":92876},{"VersionControl":8},{"Undo":931},{"AssetDatabase":396915},{"AssetImporter":40},{"EditorGi":328},{"UnityConnect":40441},{"Upm":1912},{"UpmDiagnostics":8},{"AssetCompliance":96},{"DrivenProperties":72},{"LocalIPC":260},{"ProfilerEditor":9746},{"CoreBusinessMetrics":3584},{"Windowing":456},{"Licensing":12757},{"AssetReference":32},{"IPCStream":32}]}
~StackAllocator(ALLOC_TEMP_MAIN) m_LastAlloc not NULL. Did you forget to call FreeAllStackAllocations()? To get more information, run app with -diag-temp-memory-leak-validation cmd line argument
